光纤位置,mean_angle,std_angle,skew_angle,kurt_angle,range_angle,q25_angle,q50_angle,q75_angle,max_angle,min_angle,angle_change_rate,neg_value_ratio,neg_value_mean,pos_value_mean,pos_neg_contrast,dominant_freq,spectral_centroid,spectral_bandwidth,wavelet_energy_low,wavelet_energy_high,wavelet_energy_ratio,angle_gradient,failure_angle_est,failure_span,failure_start_angle,failure_end_angle,failure_intensity,circular_correlation,small_window_std,sequence_autocorr,residual_std,attention_weight
0.63005,136.84125377777775,3.890695509777423,-0.10702296357637436,-1.3105524967496462,11.749224000000027,134.327802,136.795554,140.48346800000002,142.649604,130.90037999999998,0.1902226000000006,0.0,0.0,136.84125377777775,136.84125377777775,0.0,0.06547168374086125,0.13183730625370163,5.553806954279034,0.13094456675717947,0.9769656481254597,0.951113000000003,,0.0,,,0.0,0.0,0.17615786710348447,-0.17297014298112637,3.286003877401556,1.0
0.91894,140.86432644444443,3.720583739532737,-0.8383797663115906,0.32035305477247045,13.197882000000021,139.27309799999998,141.11413,143.3351,145.729712,132.53182999999999,0.1678297999999998,0.0,0.0,140.86432644444443,140.86432644444443,0.0,0.06391154179346736,0.13211456630836108,10.72626263184954,0.12595454778918325,0.9883936576458917,0.839148999999999,,0.0,,,0.0,0.0,0.22146463586167603,-0.08344229501254889,2.597158342737811,1.0
1.20782,144.19989555555557,4.292955732930223,0.38137919965749567,-1.177366741162181,13.36694,141.8956,142.389112,148.75047,151.1496,137.78266,0.2988714999999999,0.0,0.0,144.19989555555557,144.19989555555557,0.0,0.038081414734536155,0.10182496510649142,14.387142157090917,0.10700980431516834,0.9926170358431892,1.4943574999999996,,0.0,,,0.0,0.0,0.09728230521522294,-0.08724235629642349,1.8658937864171676,1.0
1.4967,142.5186035555556,4.763150669295342,1.3701386739422379,1.4401409009364787,18.05109999999999,140.483482,140.86733,144.29477,154.2343,136.1832,0.4512774999999998,0.0,0.0,142.5186035555556,142.5186035555556,0.0,0.03721776876015857,0.11507243836429984,12.100935448834754,0.051172314461918986,0.9957890173821488,2.256387499999999,,0.0,,,0.0,0.0,0.11583989569720951,-0.6413849654847125,2.6949537095436726,1.0
1.78559,139.01284688888887,3.77492359198047,-0.4440922130283772,-0.29251452999635275,13.61372799999998,136.7544,139.8391,141.05429,144.98023,131.36650200000003,0.21966625000000023,0.0,0.0,139.01284688888887,139.01284688888887,0.0,0.03851612037145279,0.10453820283205403,7.946760684672526,0.08832454806445898,0.9890076401674616,1.098331250000001,,0.0,,,0.0,0.0,0.04441997694223324,-0.10245379069772813,3.1984024172461667,1.0
2.07447,137.44409977777778,3.796578842358579,-0.11993115520302625,-1.2569153838117733,10.940341999999987,135.13864,137.30809,141.73738,142.30684,131.366498,0.12496875000000003,0.0,0.0,137.44409977777778,137.44409977777778,0.0,0.06338337357287976,0.13273967793147803,6.518588306010244,0.1994679545241246,0.9703086805341387,0.6248437500000001,,0.0,,,0.0,0.0,0.09715859945139473,-0.3346263121321223,3.4879641752600343,1.0
2.36335,137.540952,4.3924010847367345,-0.17121664069366258,-1.3561740254398458,12.394859999999994,134.69796,137.37137,141.62137,143.3912,130.99634,0.13146599999999964,0.0,0.0,137.540952,137.540952,0.0,0.07076836463774887,0.13648591779971125,6.506715454990959,0.3308212521361916,0.9516168956158555,0.6573299999999982,,0.0,,,0.0,0.0,0.14604194949233257,-0.3567064176219982,3.983578568542031,1.0
2.65224,138.41947666666667,4.024981332340424,-0.16696789060901737,-1.0190956590444273,12.809449999999998,136.474,137.30282,141.75847,144.06627,131.25682,0.16908625000000016,0.0,0.0,138.41947666666667,138.41947666666667,0.0,0.056568065520654146,0.12856619265486932,7.344197034849948,0.2065802683963115,0.9726411917346891,0.8454312500000007,,0.0,,,0.0,0.0,0.07772435414728271,-0.4111098878962411,3.4774974283511546,1.0
2.94112,137.60644444444446,5.208488033291022,-1.067934158846762,0.7346273604460545,18.88203,135.61194,138.12539,141.14153,144.32593,125.4439,0.17729149999999977,0.0,0.0,137.60644444444446,137.60644444444446,0.0,0.0781645513667461,0.14479741106182545,6.366020609343767,0.3666579900726594,0.9455405475320039,0.8864574999999988,,0.0,,,0.0,0.0,0.07799762414635199,-0.35157136400979616,4.7819814512107754,1.0
3.23,138.10521111111112,3.0142458613481278,0.38174648587849574,-1.0733259117682719,9.464979999999997,135.38343,138.05686,140.45605,143.47746,134.01248,0.17150324999999994,0.0,0.0,138.10521111111112,138.10521111111112,0.0,0.04121625744842445,0.11070061768182733,6.928830955320822,0.02958456763941306,0.9957483758132337,0.8575162499999998,,0.0,,,0.0,0.0,0.08520613892091777,-0.1296871302576807,2.317913824023837,1.0
3.51889,137.0602622222222,2.8114795057200643,0.15022020601109184,-0.7636722453356941,9.665359999999993,134.97217,136.99172,139.01653,142.03267,132.36731,0.17651249999999977,0.0,0.0,137.0602622222222,137.0602622222222,0.0,0.049905172133054974,0.11774218289814077,5.659019426273423,0.044210739975679314,0.9922481227679469,0.8825624999999988,,0.0,,,0.0,0.0,0.0850597951233599,0.05971067022584452,2.008932227279521,1.0
3.80777,135.7642833333333,2.8331786120147435,0.18608853867199251,-0.7894490267940495,9.733910000000009,133.94394,135.45202,138.19394,140.7988,131.06489,0.17137150000000007,0.0,0.0,135.7642833333333,135.7642833333333,0.0,0.049097881820050794,0.11613979958063879,4.301530520107416,0.029236254634927746,0.9932491735863583,0.8568575000000003,,0.0,,,0.0,0.0,0.08819135189790626,0.11376013026967194,2.0965545250607183,1.0
4.09665,135.02040666666667,2.9988650073097114,0.3423527939679515,-0.8657522773311177,10.07665,132.87001,134.56089,137.43991,140.45606,130.37941,0.17308525000000047,0.0,0.0,135.02040666666667,135.02040666666667,0.0,0.048472068807467274,0.11576358119254598,3.568512124658435,0.024802087428165302,0.9930977125673981,0.8654262500000023,,0.0,,,0.0,0.0,0.08960233987252508,0.09545027060060102,2.2631617540567013,1.0
4.38554,134.29637555555553,3.1652985523121138,0.3154147724172064,-0.9030207750898018,10.556490000000025,132.09312,133.80685,136.89152,139.97622,129.41973,0.17651275000000055,0.0,0.0,134.29637555555553,134.29637555555553,0.0,0.051200100787669074,0.11688543944156927,2.947954416238546,0.022943686429317253,0.9922771883330695,0.8825637500000028,,0.0,,,0.0,0.0,0.09690834410758124,0.17707767077701164,2.419128734841155,1.0
4.67442,133.90409666666667,3.2250075203977744,0.34839190693894356,-0.8532561570500139,10.419399999999996,131.81893,133.80685,136.27458,139.90767,129.48827,0.18336775000000002,0.0,0.0,133.90409666666667,133.90409666666667,0.0,0.04691493060280794,0.11270620190728992,2.5793279928882287,0.016637041170526418,0.9935911920801669,0.9168387500000001,,0.0,,,0.0,0.0,0.08463601919699783,0.2502596619111634,2.503954326723881,1.0
4.9633,132.99187333333333,3.1499974257661467,0.37506575591085795,-0.7032549685479332,10.556489999999997,130.85924,133.18991,134.83506,139.01654,128.46005,0.18336775000000002,0.0,0.0,132.99187333333333,132.99187333333333,0.0,0.044485087108482445,0.11048734008525186,1.8871723473336253,0.017203207325974475,0.9909664837993858,0.9168387500000001,,0.0,,,0.0,0.0,0.056866680442580475,0.4356084068632053,2.476292640386701,1.0
5.25219,132.07788888888888,3.243150102598959,0.20826287493679652,-0.8715750324932339,10.282299999999992,130.17375,132.50442,133.80683,137.91976,127.63746,0.1782267499999996,0.0,0.0,132.07788888888888,132.07788888888888,0.0,0.06944814820927903,0.13336418276505563,1.349525574958711,0.0387074178209658,0.9721174917182502,0.8911337499999981,,0.0,,,0.0,0.0,0.08395642340249566,0.3729983753118395,2.4836448358457006,1.0
5.54107,130.84401444444444,3.1736647050937883,0.2935992158829244,-0.8021757654606905,10.145200000000017,128.73423,130.99635,132.71005,136.75443,126.60923,0.17479900000000015,0.0,0.0,130.84401444444444,130.84401444444444,0.0,0.08678281230611475,0.14238019466210272,0.8189808443795032,0.04591160610456648,0.9469163984798781,0.8739950000000007,,0.0,,,0.0,0.0,0.07605588796021694,0.4295765079559114,2.490153114475368,1.0
5.82995,129.70915444444444,3.015755004259063,0.3249822131839344,-0.7349990231216457,9.802450000000007,127.63745,129.83102,131.68183,135.45201,125.64956,0.16965799999999973,0.0,0.0,129.70915444444444,129.70915444444444,0.0,0.10994965998836333,0.15165499009550457,0.46520686354715746,0.05615202930998556,0.8922967840991611,0.8482899999999987,,0.0,,,0.0,0.0,0.06345947259107883,0.46274951497306854,2.406838670492601,1.0
6.11884,128.3457988888889,3.090524345053025,0.3078364618817572,-0.7266380871851426,10.145210000000006,126.40358,128.2544,130.6536,134.21814,124.07293,0.17308550000000017,0.0,0.0,128.3457988888889,128.3457988888889,0.1111111111111111,0.1564850040115133,0.15589329531986543,0.269120719473818,0.06684396437651538,0.8010387172528016,0.8654275000000009,,0.0,,,0.0,0.0,0.06992319405441251,0.5189427186432398,2.486924978376626,1.0
6.40772,127.07384333333334,3.0830455667191567,0.19716374321543548,-0.7889663600522758,10.145209999999992,125.03261,127.29471,129.41973,132.77862,122.63341,0.16451699999999966,0.0,0.0,127.07384333333334,127.07384333333334,0.1111111111111111,0.22354517815648642,0.14046284792947966,0.2618694459619603,0.07465706553719839,0.7781539847115421,0.8225849999999983,,0.0,,,0.0,0.0,0.06166857416223214,0.5574801517947908,2.538745886598629,1.0
6.6966,126.32742444444446,3.074508834602191,0.28598595989815867,-0.6333575218057566,10.41940000000001,124.27857,126.54068,128.46005,132.23023,121.81083,0.1696580000000001,0.0,0.0,126.32742444444446,126.32742444444446,0.1111111111111111,0.18739535653613243,0.1530603628873339,0.36599443917184066,0.0955672572740747,0.7929480325398538,0.8482900000000004,,0.0,,,0.0,0.0,0.04943628490971835,0.55559487025079,2.524280924655589,1.0
6.98549,126.19032555555557,2.8426233457929193,0.43502670624113227,-0.4623912412127753,9.802450000000007,124.00437,126.2665,128.04875,131.88748,122.08503,0.1610892500000002,0.0,0.0,126.19032555555557,126.19032555555557,0.1111111111111111,0.1815022568291649,0.152801608201364,0.36548133088814,0.10317416842930681,0.7798507247699953,0.805446250000001,,0.0,,,0.0,0.0,0.03412053361414568,0.5476373431496849,2.3503773643848853,1.0
7.27437,126.06084666666668,2.709188940250895,0.44847753932653756,-0.5014167532396523,9.254059999999996,123.79873,126.2665,127.63747,131.47619,122.22213,0.15252075000000004,0.0,0.0,126.06084666666668,126.06084666666668,0.1111111111111111,0.18014594113320495,0.15500958636099654,0.3477235959332285,0.10949049219003461,0.7605268623381327,0.7626037500000002,,0.0,,,0.0,0.0,0.03029767647919252,0.5052441204133155,2.2913822982693275,1.0
7.56325,126.46451888888889,2.6866318540566887,0.3610031837387821,-0.6689534305300451,8.979859999999988,124.14147,126.60924,128.32295,131.68183,122.70197,0.1473794999999999,0.0,0.0,126.46451888888889,126.46451888888889,0.1111111111111111,0.19752672454366643,0.15184600954001143,0.29526194067916806,0.10808673989809406,0.7320265438414083,0.7368974999999995,,0.0,,,0.0,0.0,0.035350868964237274,0.4975406488618278,2.235810238024266,1.0
7.85214,127.18809,2.78391377732461,0.2107427320987478,-0.682439816036525,9.66534,124.82696,127.15763,128.93989,132.36731,122.70197,0.14737925000000018,0.0,0.0,127.18809,127.18809,0.1111111111111111,0.2001191563784173,0.1430743442544243,0.19274735575128865,0.05301361682013446,0.7842878942743587,0.7368962500000009,,0.0,,,0.0,0.0,0.031137567888826947,0.6170355618698548,2.3951937762388176,1.0
8.14102,127.63746333333334,2.7331713150559054,0.2447391842297197,-0.6236640569788237,9.596799999999988,125.44391,127.50037,129.69393,132.77861,123.18181,0.15080699999999964,0.0,0.0,127.63746333333334,127.63746333333334,0.1111111111111111,0.17429244864879165,0.14834826180510244,0.1806987862854913,0.056734835272936435,0.7610496989573143,0.7540349999999982,,0.0,,,0.0,0.0,0.0292393047965964,0.5987524739340109,2.3233530591491256,1.0
8.4299,127.85072444444444,2.643533566388877,0.28347368726673056,-0.7018969251556504,9.116960000000006,125.7181,127.63747,129.35119,132.84715,123.73019,0.15080674999999993,0.0,0.0,127.85072444444444,127.85072444444444,0.1111111111111111,0.1689470012465122,0.1549175530011182,0.17804982069624106,0.06079581212107174,0.7454598123545388,0.7540337499999996,,0.0,,,0.0,0.0,0.029011059565541744,0.5446363452712194,2.2360850084935735,1.0
8.71879,128.54382666666666,2.6518809841234523,0.25279678126441585,-0.5947814856980145,9.322600000000008,126.33503,128.5286,129.83103,133.60119,124.27859,0.150807,0.0,0.0,128.54382666666666,128.54382666666666,0.0,0.13638974601606035,0.1550206564275651,0.21924811121593915,0.052619626846632205,0.8064513748403396,0.754035,,0.0,,,0.0,0.0,0.02375204014244334,0.515442958634362,2.2533097980057892,1.0
9.00767,129.2369322222222,2.6172442410578776,0.36942498215472047,-0.7764478141968572,8.705660000000009,126.81487,128.87134,130.5165,134.21813,125.51247,0.14395200000000016,0.0,0.0,129.2369322222222,129.2369322222222,0.0,0.10471022468978897,0.14593089433833265,0.3426020828010134,0.04149496270750445,0.8919675033121779,0.7197600000000008,,0.0,,,0.0,0.0,0.04236662275938697,0.5146335241774558,2.214304946177338,1.0
9.29655,129.51112444444442,2.753156019012488,0.34357962446241547,-0.6965004015786791,9.391149999999996,127.29471,129.21408,130.65361,134.69797,125.30682,0.15080699999999964,0.0,0.0,129.51112444444442,129.51112444444442,0.0,0.07849439126844862,0.1283741560055494,0.406277522602372,0.018040338587264303,0.9574839045605246,0.7540349999999982,,0.0,,,0.0,0.0,0.039054683917622075,0.6442897552439559,2.3699245286822332,1.0
9.58544,129.99858333333336,2.7362485797732474,0.4469156978761344,-0.36887207763353835,9.733900000000006,128.1173,129.55682,131.06491,135.45201,125.71811,0.15423449999999975,0.0,0.0,129.99858333333336,129.99858333333336,0.0,0.07640948298945054,0.1305267718597421,0.5256792223758797,0.022985370166006942,0.958106700205804,0.7711724999999987,,0.0,,,0.0,0.0,0.04724379591883263,0.539876535526354,2.4040278804600916,1.0
9.87432,129.57967444444446,2.687129197278974,0.29846767246422257,-0.44315191295332035,9.596800000000016,127.9802,129.35117,130.92781,134.76652,125.16972,0.15080675000000027,0.0,0.0,129.57967444444446,129.57967444444446,0.0,0.08960879322208888,0.1386852271316063,0.39918924326442445,0.028309484525185613,0.9337787862786442,0.7540337500000014,,0.0,,,0.0,0.0,0.040063751499797684,0.5346793103209663,2.3720559381495687,1.0
10.1632,129.3283288888889,2.8962179659665876,0.252097000231625,-0.4346292713953068,10.419389999999993,127.36327,129.14553,131.0649,134.90362,124.48423,0.16108924999999985,0.0,0.0,129.3283288888889,129.3283288888889,0.0,0.09254086718031154,0.13814788151730395,0.35094604383945815,0.02457444978234094,0.9345589647084702,0.8054462499999993,,0.0,,,0.0,0.0,0.033924639281254505,0.6396088773200074,2.5131297752897006,1.0
10.45209,129.2978611111111,2.929159618944372,0.09389942449854445,-0.35564150832550157,10.693580000000011,127.98021,129.07697,130.85925,134.76652,124.07294,0.16108925000000057,0.0,0.0,129.2978611111111,129.2978611111111,0.0,0.09449059510734611,0.14103368831178795,0.33580838778121047,0.021180119426450983,0.9406700241243412,0.8054462500000028,,0.0,,,0.0,0.0,0.0434939027319116,0.608526167876529,2.608099720897004,1.0
10.74097,129.25216333333333,2.9406055148708528,0.2099233794394853,-0.6198978203688568,10.350839999999991,127.29472,129.07697,131.0649,134.69797,124.34713,0.16623025000000027,0.0,0.0,129.25216333333333,129.25216333333333,0.0,0.08716917947832271,0.13633227612872098,0.3365205998937746,0.015871531053053535,0.9549605971452738,0.8311512500000013,,0.0,,,0.0,0.0,0.026546809405082125,0.7215342856531834,2.5490707059385103,1.0
11.02985,129.19885000000002,3.0471003864147495,0.05378840808976747,-0.6925153675849591,10.625040000000013,127.36327,129.00843,131.13345,134.49233,123.86729,0.16280300000000025,0.0,0.0,129.19885000000002,129.19885000000002,0.0,0.07673299528480422,0.130422703072092,0.3276885062234786,0.008892343315169207,0.9735803643471814,0.8140150000000013,,0.0,,,0.0,0.0,0.029151876171822733,0.7762511990798668,2.6919122345440942,1.0
11.31874,128.90180444444445,3.1618533411104535,0.03877600445078494,-0.6471722192235898,11.104869999999991,126.95197,128.80278,130.72216,134.42378,123.31891,0.16965799999999973,0.0,0.0,128.90180444444445,128.90180444444445,0.0,0.08674208503489175,0.13629633648108117,0.275866965584895,0.008145121400076897,0.9713212152916576,0.8482899999999987,,0.0,,,0.0,0.0,0.023647088854198733,0.7980198202530279,2.796762825129205,1.0
11.60762,128.61237555555556,3.274554537728453,-0.025499654598592256,-0.6199074425501276,11.58471999999999,126.47213,128.66568,130.92781,134.28669,122.70197,0.17479949999999994,0.0,0.0,128.61237555555556,128.61237555555556,0.0,0.09911320035254796,0.1353692242437378,0.24384496187908483,0.006102267634172693,0.9755857756710699,0.8739974999999998,,0.0,,,0.0,0.0,0.014478644803254562,0.8548773099207976,2.8642687770280983,1.0
11.8965,128.45242777777779,3.2361681287795268,0.0588681318672793,-0.5857401508903082,11.447619999999986,126.47213,128.46003,130.17377,134.14959,122.70197,0.17651299999999956,0.0,0.0,128.45242777777779,128.45242777777779,0.0,0.10701454226017985,0.14507770264351072,0.21453425265035644,0.006364031183453115,0.9711902185471026,0.8825649999999978,,0.0,,,0.0,0.0,0.019615011208988203,0.8353326737870279,2.874439172761435,1.0
12.18539,127.93450444444443,3.1189447258295924,0.15173189997705613,-0.6673182612066832,10.899239999999992,125.51245,127.98019,129.69393,133.53265,122.63341,0.16965799999999973,0.0,0.0,127.93450444444443,127.93450444444443,0.1111111111111111,0.12981949810645185,0.1449951821267017,0.18028342618837304,0.01048379979097513,0.9450440198432487,0.8482899999999987,,0.0,,,0.0,0.0,0.014423721829857555,0.827593450936934,2.7353633188748714,1.0
12.47427,127.3328,3.113433919970399,0.15926993896969602,-0.6078100096337478,10.967790000000008,125.16971,127.43181,129.14554,132.98426,122.01647,0.16623075000000007,0.0,0.0,127.3328,127.3328,0.1111111111111111,0.16660276551983003,0.13951342070937003,0.1792266183968262,0.014890963972058826,0.9232889474375887,0.8311537500000004,,0.0,,,0.0,0.0,0.019611817080749324,0.8152844143407157,2.7306955497042926,1.0
12.76315,126.64731444444445,3.2454605478699348,0.08864662753026589,-0.6361079638300238,11.379079999999988,124.62131,126.60923,128.6657,132.43587,121.05679,0.16280324999999998,0.0,0.0,126.64731444444445,126.64731444444445,0.1111111111111111,0.17609310767604913,0.13146636377652793,0.2357343642896422,0.01738248853983803,0.9313262296103181,0.8140162499999999,,0.0,,,0.0,0.0,0.03472877152965524,0.8031282331322153,2.86637944721483,1.0
13.05204,125.36773888888888,3.223723208349983,0.12057245293628961,-0.840434106593936,10.83068999999999,123.45599,125.10115,127.50037,130.9278,120.09711,0.15766199999999983,0.0,0.0,125.36773888888888,125.36773888888888,0.1111111111111111,0.1251764045269791,0.13568937425176483,0.4833363974945827,0.026170175138107092,0.9486362362358824,0.7883099999999992,,0.0,,,0.0,0.0,0.038884141850526965,0.8026608668348814,2.8417443431407823,1.0
13.34092,124.17956222222223,3.31690508159096,0.03614451183612198,-0.7435224981944315,11.44762999999999,122.56485,123.38745,126.67779,129.83102,118.38339,0.16108924999999985,0.0,0.0,124.17956222222223,124.17956222222223,0.0,0.10396266881339604,0.1323996551097653,0.8612013556761776,0.04481017236549911,0.9505412778163989,0.8054462499999993,,0.0,,,0.0,0.0,0.023995367956794605,0.7769739437181257,2.9709321371954918,1.0
13.6298,123.96630111111114,3.250925387377992,0.020578234248980243,-0.8180932188089378,11.036339999999981,122.49631,123.25035,126.54069,129.41973,118.38339,0.15423449999999975,0.0,0.0,123.96630111111114,123.96630111111114,0.0,0.1018996228948186,0.1317792371540823,0.981075793166299,0.052229694895772616,0.949453771808884,0.7711724999999987,,0.0,,,0.0,0.0,0.03207362987770716,0.7624852660717082,2.8818755644600462,1.0
13.91869,123.66925777777777,3.371910440232747,0.010741172475102978,-0.9976260467200029,10.830699999999993,122.56486,122.83905,126.33505,129.07699,118.24629,0.16280324999999998,0.0,0.0,123.66925777777777,123.66925777777777,0.0,0.09897650914260002,0.12794081972743482,1.1742731970204114,0.047085243805484185,0.9614484639989964,0.8140162499999999,,0.0,,,0.0,0.0,0.048527942322004566,0.7933342101687497,2.927844427256274,1.0
14.20757,124.00438333333334,3.5339344634494196,-0.12071071279280646,-0.964912605250039,11.241989999999987,122.97615,123.52454,126.81489,129.55683,118.31484,0.16451699999999966,0.0,0.0,124.00438333333334,124.00438333333334,0.0,0.10607049062884007,0.12906187247888856,1.0845504930502088,0.05191607534489989,0.9543179914974126,0.8225849999999983,,0.0,,,0.0,0.0,0.07333205310515035,0.7551070167076178,3.0344984827772734,1.0
14.49645,124.05008444444447,3.4408137058618706,-0.05711372627219592,-0.9249288247052392,11.173439999999985,122.9076,123.52454,126.33505,129.55683,118.38339,0.1662307499999997,0.0,0.0,124.05008444444447,124.05008444444447,0.0,0.10448164433197142,0.12852796162633168,0.9814150585211815,0.04711375477745318,0.9541930626894426,0.8311537499999986,,0.0,,,0.0,0.0,0.06113510698539079,0.7661521958452921,3.021555401066376,1.0
14.78534,123.80635555555556,3.495528377335538,-0.1500135604089593,-0.8788848474276039,11.516189999999995,122.70196,123.31889,126.40359,129.41974,117.90355,0.16108974999999964,0.0,0.0,123.80635555555556,123.80635555555556,0.0,0.10828444509520611,0.13509161859057733,1.1130058712518907,0.07009797280874275,0.940750785947725,0.8054487499999983,,0.0,,,0.0,0.0,0.07306641332627029,0.6925199683892123,3.071004624458702,1.0
15.07422,123.82158888888888,3.3012702932539444,-0.07480897413416836,-0.6021434036653579,11.584739999999996,122.77051,123.38744,125.92375,129.55684,117.9721,0.16451724999999975,0.0,0.0,123.82158888888888,123.82158888888888,0.0,0.10959758248381195,0.13768364131300884,1.0889319650316267,0.08632648644416177,0.926546806425076,0.8225862499999987,,0.0,,,0.0,0.0,0.04637606505843281,0.6644679065816118,2.909172067770198,1.0
15.3631,123.59309333333333,3.234000717140713,-0.02353209935949647,-0.6401250664583316,11.310539999999989,122.29067,123.18179,125.78665,129.28264,117.9721,0.16280324999999962,0.0,0.0,123.59309333333333,123.59309333333333,0.0,0.1104359066662084,0.1394372703856568,1.1977126043293747,0.10882976498599012,0.9167039909048736,0.8140162499999981,,0.0,,,0.0,0.0,0.04358838952000785,0.6279432107818719,2.847072121715858,1.0
15.65199,122.99138888888888,3.3295790511162355,-0.1395027513332869,-0.6786246261130526,11.584729999999993,121.53663,122.83905,125.58101,128.59715,117.01242,0.16280324999999998,0.0,0.0,122.99138888888888,122.99138888888888,0.0,0.10210113445137883,0.13579152682003576,1.545357865498595,0.12032914339450283,0.9277600516514556,0.8140162499999999,,0.0,,,0.0,0.0,0.042512345765203303,0.631668767340254,2.9302101484343157,1.0
15.94087,123.44076444444444,3.2466927272434907,0.006169109229381769,-0.5050525502432257,11.653279999999981,121.94793,123.11325,125.8552,129.28264,117.62936,0.17137174999999977,0.0,0.0,123.44076444444444,123.44076444444444,0.0,0.10866424255326822,0.13784492680791544,1.3000284088223177,0.12359044002657045,0.9131857236803081,0.8568587499999989,,0.0,,,0.0,0.0,0.023784871841905295,0.6201678885718189,2.843847801171701,1.0
16.22975,123.10563777777777,3.3389211390899507,-0.04275211920713828,-0.4892542281107173,11.996020000000001,121.74228,123.25035,125.30681,129.07699,117.08097,0.18165399999999998,0.0,0.0,123.10563777777777,123.10563777777777,0.0,0.11010084631445702,0.13915896619658394,1.6109056489304503,0.1620174828932065,0.9086156189877141,0.9082699999999999,,0.0,,,0.0,0.0,0.031089924499498666,0.5886537099678355,2.8348952227823747,1.0
16.51864,122.64864333333334,3.3897178412139906,0.037711765958581014,-0.3261911568720093,12.475859999999997,120.98824,122.83906,124.75841,128.93989,116.46403,0.19879124999999967,0.0,0.0,122.64864333333334,122.64864333333334,0.0,0.10793410047966646,0.1388856874019355,1.901513275718401,0.18095306563442715,0.9131063671318762,0.9939562499999983,,0.0,,,0.0,0.0,0.03236936831565168,0.5776808393607409,2.883690394040216,1.0
16.80752,122.71719333333334,3.326912433102703,-0.011463409925108999,-0.20968106422333932,12.407320000000013,120.98824,122.42777,124.89551,128.87135,116.46403,0.19707775000000005,0.0,0.0,122.71719333333334,122.71719333333334,0.0,0.10971746107128272,0.14137288485967986,1.8249349697048225,0.15659772513416248,0.920971414888017,0.9853887500000003,,0.0,,,0.0,0.0,0.0388971582349653,0.5879599629459681,2.8514877969810217,1.0
17.0964,123.0751711111111,3.2944761769646607,0.060823810247637486,-0.41910242130577213,11.996020000000016,121.12534,123.04471,125.51245,129.14554,117.14952,0.20050500000000043,0.0,0.0,123.0751711111111,123.0751711111111,0.0,0.11021148175562442,0.14028977754289593,1.6101314895871748,0.1441176221205815,0.9178465468498552,1.002525000000002,,0.0,,,0.0,0.0,0.04002463903945756,0.6166864435787294,2.7824105220930586,1.0
17.38529,123.4483811111111,3.345792915895171,-0.029538271887254473,-0.2619931925762913,12.407309999999995,121.53663,123.11326,125.92375,129.55683,117.14952,0.2005049999999997,0.0,0.0,123.4483811111111,123.4483811111111,0.0,0.11375973340536458,0.14169507458127936,1.356125098680727,0.11549563918782146,0.9215180675917535,1.0025249999999986,,0.0,,,0.0,0.0,0.0444654597923957,0.62399350194278,2.8908850886688042,1.0
17.67417,124.1871788888889,3.265168180720196,-0.005493692435197354,-0.2897412397930421,12.06456999999999,122.42775,123.52455,126.60923,130.17377,118.1092,0.19365049999999967,0.0,0.0,124.1871788888889,124.1871788888889,0.0,0.12222128618445209,0.14384521343574366,1.003545839632071,0.09503913121085963,0.9134895034752877,0.9682524999999984,,0.0,,,0.0,0.0,0.03306216991968468,0.645923791539515,2.788242905819741,1.0
17.96305,124.53753999999998,3.2614518354663287,0.03966168043189387,-0.37775062263379233,11.927470000000014,122.97614,123.73019,126.88343,130.51651,118.58904,0.18850925000000024,0.0,0.0,124.53753999999998,124.53753999999998,0.0,0.12456404913539476,0.14461630666881772,0.8153669520448188,0.08051038810786826,0.9101323534032462,0.9425462500000013,,0.0,,,0.0,0.0,0.027306389501537645,0.6629892668216597,2.819051207739019,1.0
18.25193,124.84219777777778,3.1858161618188463,0.09689193736075656,-0.2338936498296893,11.858919999999998,123.52453,123.79873,127.15761,130.85925,119.00033,0.18336800000000011,0.0,0.0,124.84219777777778,124.84219777777778,0.0,0.1369436241134587,0.14833966303415377,0.6739693827335456,0.09895601929226033,0.8719720957286462,0.9168400000000005,,0.0,,,0.0,0.0,0.02286827722174944,0.5763389131611825,2.801868098293505,1.0
18.54082,125.54291666666667,3.0942571567125245,0.19206399499552004,-0.04387277779597776,11.721830000000011,123.93584,124.62131,127.15762,131.61329,119.89146,0.18336800000000011,0.0,0.0,125.54291666666667,125.54291666666667,0.1111111111111111,0.16065152480387182,0.15311598922745082,0.40404750659453403,0.08176103332532636,0.8317011194945567,0.9168400000000005,,0.0,,,0.0,0.0,0.02778262680195258,0.538887113260834,2.790834219286414,1.0
18.8297,126.21316999999999,3.0115989491593624,0.27343451706926053,-0.31464806402651746,11.036339999999996,124.48423,125.44389,128.18585,132.09313,121.05679,0.17479949999999994,0.0,0.0,126.21316999999999,126.21316999999999,0.1111111111111111,0.18371439303996193,0.15036825086858385,0.28659092590038465,0.08168434021735255,0.7781975934570151,0.8739974999999998,,0.0,,,0.0,0.0,0.014048479270166813,0.5423834316001273,2.645271925135694,1.0
19.11858,127.62984333333335,2.9521806058234343,0.03863572941609266,-0.24490787657261937,10.967780000000005,125.92376,127.4318,129.28263,133.12135,122.15357,0.1696580000000001,0.0,0.0,127.62984333333335,127.62984333333335,0.1111111111111111,0.17339564769918875,0.14874036842369856,0.14931264625737412,0.037014114119537304,0.8013483724785528,0.8482900000000004,,0.0,,,0.0,0.0,0.015196214471846374,0.6032807635226598,2.624894001211926,1.0
19.40747,128.26963111111112,3.0397225480751597,0.06256214461998767,-0.7123715548930312,10.625039999999998,126.12941,127.91164,130.31087,133.60119,122.97615,0.16451700000000002,0.0,0.0,128.26963111111112,128.26963111111112,0.0,0.12110204027076797,0.1455639322342822,0.1799622555036291,0.017901631656517016,0.9095255228005279,0.8225850000000001,,0.0,,,0.0,0.0,0.02178637199177987,0.7157906688077501,2.7156092093550828,1.0
19.69635,128.79516999999998,3.117847133701927,0.058508624923023556,-0.7197977415765786,10.899249999999995,126.47215,128.66567,130.92781,134.28668,123.38743,0.17137199999999986,0.0,0.0,128.79516999999998,128.79516999999998,0.0,0.10321566289692542,0.14074140377445093,0.2519186359015449,0.013253904426249375,0.950017809140919,0.8568599999999993,,0.0,,,0.0,0.0,0.02541727726357047,0.7357180752007272,2.764092179285257,1.0
19.98523,129.14553,3.128806369567225,0.04240142137935899,-0.8995906022185172,10.625060000000005,126.60924,128.93987,131.27055,134.49233,123.86727,0.16623100000000016,0.0,0.0,129.14553,129.14553,0.0,0.09522074496605804,0.1402174176013618,0.3148696875195481,0.013795522972900612,0.9580256059105466,0.8311550000000008,,0.0,,,0.0,0.0,0.04119293102516375,0.6519449364892913,2.8063122729723715,1.0
20.27412,128.76470333333336,3.313756479133612,-0.06623745122972606,-0.9367083650537711,11.17344,126.26649,128.80277,131.27055,134.21813,123.04469,0.16965825000000018,0.0,0.0,128.76470333333336,128.76470333333336,0.0,0.1129218535210412,0.14295751571220708,0.2576463731350445,0.015856227005916497,0.9420253149624652,0.8482912500000008,,0.0,,,0.0,0.0,0.05484537455981531,0.661096335896532,2.9419570432417577,1.0
20.563,128.65045666666666,3.497219264088413,0.015139321016188227,-1.0187646530828558,11.58474000000001,125.58101,128.46003,131.202,134.49233,122.90759,0.17308575000000026,0.0,0.0,128.65045666666666,128.65045666666666,0.0,0.11723032015964335,0.14373373680090828,0.251222697033367,0.015440803994038542,0.9420962972856893,0.8654287500000013,,0.0,,,0.0,0.0,0.06234303011350492,0.6435575851292733,3.14859623303853,1.0
20.85188,128.73424,3.5389539399909946,-0.027207327199359484,-1.038256828789849,11.653290000000013,125.58101,128.93987,131.27055,134.62943,122.97614,0.17137200000000022,0.0,0.0,128.73424,128.73424,0.0,0.12347371923590043,0.14918396581678828,0.2676978364145118,0.022818396605805008,0.9214556912681886,0.8568600000000011,,0.0,,,0.0,0.0,0.07514473467676223,0.545343533142811,3.163152992641877,1.0
21.14077,128.18585,3.6490672191488445,-0.055670203997161806,-1.0187639960202506,12.064570000000003,125.16972,128.39148,130.85926,134.21813,122.15356,0.17651299999999992,0.0,0.0,128.18585,128.18585,0.0,0.14685639571616477,0.14922965948800315,0.21330930947519322,0.024385044726013872,0.8974100798577948,0.8825649999999996,,0.0,,,0.0,0.0,0.08080111973551589,0.5872350732950952,3.2477242626059355,1.0
21.42965,127.53083,3.8455336650890644,-0.20618567150150321,-0.9440567834750349,12.887150000000005,124.14149,127.77454,130.17377,133.60119,120.71404,0.17479925000000024,0.0,0.0,127.53083,127.53083,0.1111111111111111,0.1835346071557015,0.14701560222121807,0.1653990168098834,0.02899912932544035,0.8508261010352629,0.8739962500000011,,0.0,,,0.0,0.0,0.086693625747614,0.5284282779187606,3.523784725795048,1.0
21.71853,127.43181444444446,3.8406276212680286,-0.16329593628473182,-0.9295864421080084,12.955700000000007,124.21004,127.70599,130.31087,133.60119,120.64549,0.18679525000000013,0.0,0.0,127.43181444444446,127.43181444444446,0.1111111111111111,0.18690848407240948,0.14218882996309723,0.1824273706918926,0.023292196795399435,0.8867769499587541,0.9339762500000006,,0.0,,,0.0,0.0,0.07286786968842734,0.6406389569644838,3.4811140252054753,1.0
22.00742,126.79964333333334,3.6431639464741172,-0.13092612087421407,-0.8199826855651278,12.544399999999996,124.00439,127.02051,129.07699,132.84715,120.30275,0.18508150000000007,0.0,0.0,126.79964333333334,126.79964333333334,0.1111111111111111,0.23087311575113875,0.1336799303184354,0.19040903930199135,0.02898375456487235,0.8678910362514005,0.9254075000000004,,0.0,,,0.0,0.0,0.06646972227312842,0.5949743794623329,3.3273167563642287,1.0
22.2963,126.60923111111111,3.5533790489974897,-0.1269396927923528,-0.765649439324172,12.33874999999999,124.41568,126.88341,128.80279,132.57296,120.23421,0.19022274999999986,0.0,0.0,126.60923111111111,126.60923111111111,0.1111111111111111,0.21992130066913862,0.14293918998706762,0.21210266550585738,0.031255212806451826,0.8715668746359726,0.9511137499999993,,0.0,,,0.0,0.0,0.061881554831424726,0.5858834106154476,3.2461091430430424,1.0
22.58518,126.41120444444444,3.5937674825672867,-0.294739949612656,-0.5642358932117055,12.750039999999984,124.55278,127.36325,128.3915,132.29877,119.54873,0.1919364999999999,0.0,0.0,126.41120444444444,126.41120444444444,0.1111111111111111,0.20694490913356084,0.14765188995316614,0.2584845139633902,0.029560695802918563,0.8973748047515225,0.9596824999999995,,0.0,,,0.0,0.0,0.06298309096700361,0.5811998540165118,3.282439468882783,1.0
22.87407,125.86281666666666,3.845715511096586,-0.43476868429947285,-0.49643113285179474,13.57262999999999,123.93583,126.88341,128.25441,131.81893,118.2463,0.19707749999999996,0.0,0.0,125.86281666666666,125.86281666666666,0.1111111111111111,0.17692178606671735,0.14904290110325003,0.37342461368332214,0.01956523232653316,0.9502144072672454,0.9853874999999999,,0.0,,,0.0,0.0,0.07209011825052024,0.6563810443829103,3.5278367336306644,1.0
23.16295,125.17732888888888,3.992260848732332,-0.5470425796383038,-0.21831874417839447,14.395210000000006,123.11324,126.06083,127.29472,131.33909,116.94388,0.20564624999999986,0.0,0.0,125.17732888888888,125.17732888888888,0.0,0.16056626705640956,0.1541829552932896,0.5332264512133591,0.012760347223992122,0.9766288354257358,1.0282312499999993,,0.0,,,0.0,0.0,0.08406119920247222,0.6417846232554923,3.7304873068006557,1.0
23.45183,124.19480000000001,3.820153151644872,-0.21302331294760077,-0.6320247889049639,13.435530000000014,122.01646,124.41567,126.47213,130.51651,117.08098,0.2125012500000004,0.0,0.0,124.19480000000001,124.19480000000001,0.0,0.13966392788596496,0.15635150236371856,0.8581414246995027,0.03432267134430973,0.9615416781553316,1.062506250000002,,0.0,,,0.0,0.0,0.08501596495094538,0.648396659244979,3.5239395305506624,1.0
23.74072,124.03485444444443,3.7996413794874857,-0.2819383700424517,-0.393028632550223,13.778269999999992,121.74227,124.48422,126.1294,130.44796,116.66969,0.21764224999999976,0.0,0.0,124.03485444444443,124.03485444444443,0.0,0.1421033825401864,0.15763601059687868,0.9786951389111312,0.04768551125638211,0.9535401302197644,1.0882112499999987,,0.0,,,0.0,0.0,0.09509127196173074,0.5651227773417127,3.4966999022688117,1.0
24.0296,124.08055333333333,3.6445481275918628,-0.1486828773216793,-0.39287448584025464,13.29843000000001,121.60517,124.21003,126.06085,130.51651,117.21808,0.22278350000000025,0.0,0.0,124.08055333333333,124.08055333333333,0.0,0.14662902731283403,0.1599323735078427,0.9721925349684684,0.06778386770554778,0.9348217251615112,1.1139175000000012,,0.0,,,0.0,0.0,0.10290860450094878,0.4990895392335938,3.3301454041560254,1.0
24.31848,124.75080666666668,3.730351219058783,-0.009675924573075567,-0.38715817172342826,13.641180000000006,122.15357,124.96406,126.88342,131.61329,117.97211,0.23649300000000012,0.0,0.0,124.75080666666668,124.75080666666668,0.0,0.15950371077720268,0.16080154805057398,0.756254539401018,0.05834852181947309,0.9283718356951806,1.1824650000000005,,0.0,,,0.0,0.0,0.09682074289351304,0.5499228492996654,3.3402632459473414,1.0
24.60737,124.86505333333334,3.6791456859197895,-0.1181006602890373,-0.42176736418230965,13.366979999999984,122.29067,124.82696,126.74632,131.40764,118.04066,0.22792424999999952,0.0,0.0,124.86505333333334,124.86505333333334,0.0,0.16537940416362384,0.16263038293552726,0.6510895014354171,0.05066702508614801,0.9277997093520854,1.1396212499999976,,0.0,,,0.0,0.0,0.1088519322165935,0.48060671726015153,3.3845775490532852,1.0
24.89625,125.07831666666665,3.646486644170126,-0.25344605404003856,-0.4045520361097261,13.229879999999994,122.42777,125.23825,127.15761,131.33909,118.10921,0.2227830000000001,0.0,0.0,125.07831666666665,125.07831666666665,0.0,0.17209974766020453,0.1609492306849964,0.6065537096947555,0.051839438802047236,0.9212637023751997,1.1139150000000004,,0.0,,,0.0,0.0,0.1162164731785227,0.4420142963297149,3.3553619762489992,1.0
25.18513,125.62670555555555,3.602843496141811,-0.21849797661239614,-0.4419101255682327,13.024239999999992,123.3189,125.37535,127.70601,131.81893,118.79469,0.21250074999999988,0.0,0.0,125.62670555555555,125.62670555555555,0.0,0.18728141921540337,0.15843972662944536,0.4121276776251545,0.04687880189617247,0.8978689755429013,1.0625037499999994,,0.0,,,0.0,0.0,0.10225377370750421,0.4103951993748623,3.357498363676396,1.0
25.47402,126.52545666666668,3.560393066639948,-0.22741936616430297,-0.42047208357293675,12.88715000000002,124.27859,126.33506,128.5286,132.64152,119.75437,0.2090732500000005,0.0,0.0,126.52545666666668,126.52545666666668,0.1111111111111111,0.23525805789939946,0.1448841183341163,0.23486854349984798,0.03222290482602262,0.8793562837150667,1.0453662500000025,,0.0,,,0.0,0.0,0.09849822479130566,0.37657358884013375,3.338972174248861,1.0
25.7629,127.88119444444445,3.4383964382223646,-0.15565563853386485,-0.503633943030835,12.338750000000005,125.58101,127.77456,129.76245,133.87539,121.53664,0.20735950000000009,0.0,0.0,127.88119444444445,127.88119444444445,0.0,0.19077822827679178,0.1611487796992332,0.18722451487200942,0.02397953814394444,0.8864626985601486,1.0367975000000005,,0.0,,,0.0,0.0,0.09160163307148048,0.3478393850390152,3.1899855732941007,1.0
26.05178,128.77994222222222,3.3592690143038157,-0.14673640245260489,-0.48930382679361895,12.064549999999997,126.67779,129.00843,130.51649,134.69797,122.63342,0.20050449999999992,0.0,0.0,128.77994222222222,128.77994222222222,0.0,0.14641035398069882,0.16336503983467618,0.27253795352012,0.023887177009018035,0.919415816539173,1.0025224999999995,,0.0,,,0.0,0.0,0.07840924570239019,0.2849656458039875,3.110588624798439,1.0
26.34067,129.11507111111112,3.6559412873307866,-0.2594942087149746,-0.5201128766582421,13.024240000000006,126.95199,129.35118,131.40763,135.24637,122.22213,0.20735950000000045,0.0,0.0,129.11507111111112,129.11507111111112,0.0,0.1254628078702208,0.1552941681829231,0.3534904195403769,0.007502312126175955,0.9792175532469513,1.0367975000000023,,0.0,,,0.0,0.0,0.07550463278521853,0.4838041806483061,3.3828551876750894,1.0
26.62955,129.64060999999998,3.8050863299156705,-0.31961144375600314,-0.45445022459107287,13.641179999999991,127.63747,130.03667,132.23021,135.93185,122.29067,0.20735950000000009,0.0,0.0,129.64060999999998,129.64060999999998,0.0,0.10378556852297162,0.14339229332853232,0.48256428716571065,0.005335775496241086,0.9890637939949509,1.0367975000000005,,0.0,,,0.0,0.0,0.06501026116481107,0.5592573411965703,3.503867578083036,1.0
26.91843,130.15091555555557,3.844840539204923,-0.1293025014645908,-0.554737326635351,13.70974000000001,128.04876,130.10521,132.98425,136.82299,123.11325,0.21935575000000043,0.0,0.0,130.15091555555557,130.15091555555557,0.0,0.09126452455501587,0.13935240604070695,0.6410770363360222,0.0036496615610174784,0.9943392112156115,1.0967787500000021,,0.0,,,0.0,0.0,0.06194017628991825,0.6174570917375494,3.5073446484234356,1.0
27.20732,130.33371,3.7587337559579566,-0.0404655155582492,-0.6485657239552021,13.229900000000015,128.18585,130.10521,133.12135,136.96009,123.73019,0.2193560000000005,0.0,0.0,130.33371,130.33371,0.0,0.08887743498906558,0.13964068226566315,0.7013876619347537,0.005605594982961908,0.9920712184630901,1.0967800000000025,,0.0,,,0.0,0.0,0.06377466132335825,0.5549554134024681,3.420846191022094,1.0
27.4962,130.4022588888889,3.698097225569581,0.13722598122433916,-0.9124084983792784,12.475860000000011,128.2544,130.10521,132.98425,136.96009,124.48423,0.2176422500000001,0.0,0.0,130.4022588888889,130.4022588888889,0.0,0.08978363395355952,0.13782557621813818,0.708394104991819,0.01705382234332626,0.976492010248591,1.0882112500000005,,0.0,,,0.0,0.0,0.06276889966709512,0.5413271877302557,3.2502555528886936,1.0
27.78508,130.97349777777777,3.8706860134657624,-0.010918824210381782,-0.8347230491644972,13.229889999999983,128.93989,130.7907,133.18989,137.50847,124.27858,0.21421449999999992,0.0,0.0,130.97349777777777,130.97349777777777,0.0,0.07903748322057101,0.1283390494882218,0.9284257580504949,0.019648786809624032,0.9792750612131976,1.0710724999999996,,0.0,,,0.0,0.0,0.06230639593659802,0.4962648875038049,3.41134634983264,1.0
28.07397,131.41525444444443,3.819420665770348,0.07037606635174008,-0.8454358953670198,13.024240000000006,129.48827,130.85925,133.87538,138.05686,125.03262,0.21421475,0.0,0.0,131.41525444444443,131.41525444444443,0.0,0.06426404040327499,0.11860055642724221,1.1372753228901342,0.013077293661077448,0.9886319259227255,1.07107375,,0.0,,,0.0,0.0,0.05269201048281004,0.5231683351415432,3.399839313946334,1.0
28.36285,131.52949999999998,3.943486753541285,-0.055644513545640234,-0.9415651441821518,13.229890000000012,129.41973,130.92779,134.49231,137.98831,124.75842,0.20393250000000052,0.0,0.0,131.52949999999998,131.52949999999998,0.0,0.0556578475068537,0.10843182519669904,1.2230655448811487,0.017158453738423802,0.9861650364320168,1.0196625000000026,,0.0,,,0.0,0.0,0.057343291660933916,0.4849727554164661,3.576718222862112,1.0
28.65173,131.82654555555553,3.8024329521742097,-0.04505766454211929,-1.013127279902704,12.54440000000001,130.03665,131.13344,134.62941,137.98831,125.44391,0.1987915000000001,0.0,0.0,131.82654555555553,131.82654555555553,0.0,0.05361495881553715,0.10977686245539772,1.3768133655088117,0.01771852268816409,0.9872942863932627,0.9939575000000005,,0.0,,,0.0,0.0,0.05729497596600385,0.387682651135118,3.4621429865577733,1.0
28.94062,132.16928555555558,3.8203770391535157,-0.0475472273598754,-1.08216530552091,12.475850000000008,129.76247,131.95603,134.9036,138.33105,125.8552,0.1987915000000001,0.0,0.0,132.16928555555558,132.16928555555558,0.0,0.05694371604345624,0.11693885725025031,1.5443479614619926,0.026243741606628002,0.9832905384297638,0.9939575000000005,,0.0,,,0.0,0.0,0.07243014463548193,0.2696964451768094,3.436223015755769,1.0
29.2295,132.87000666666665,3.8387224008024083,0.045914628975712274,-1.1159961842583188,12.475849999999994,130.03667,132.84715,135.72619,139.29073,126.81488,0.2090737499999996,0.0,0.0,132.87000666666665,132.87000666666665,0.0,0.04979423901019181,0.11091989116884689,1.9632933032206983,0.027825459143073418,0.9860252136800506,1.045368749999998,,0.0,,,0.0,0.0,0.07806187926899918,0.2414767226047711,3.38928520773749,1.0
29.51838,133.39554444444445,3.68281789199856,0.0282577670068096,-1.1422000702566861,11.790360000000007,131.13343,133.80683,136.00039,139.49637,127.70601,0.20907350000000022,0.0,0.0,133.39554444444445,133.39554444444445,0.0,0.04051023836893675,0.10105005014830984,2.29275845402784,0.02710169453685386,0.9883175308423425,1.0453675000000011,,0.0,,,0.0,0.0,0.06388730700514185,0.2527669713572387,3.2132921535594523,1.0
29.80727,133.70020555555556,3.7255403519671857,0.07337663325927991,-1.2233177760407754,11.584710000000001,131.33909,133.46409,136.41168,139.70202,128.11731,0.2022187500000001,0.0,0.0,133.70020555555556,133.70020555555556,0.0,0.0386702254294111,0.09927700363697328,2.5558514014872413,0.03199886484025307,0.9876349627505971,1.0110937500000006,,0.0,,,0.0,0.0,0.06305294077616722,0.17133738270519228,3.28144617256692,1.0
30.09615,133.9210833333333,3.7393741094050643,0.14690467376552294,-1.169040476875893,11.721810000000005,131.40764,133.80683,136.20603,140.18186,128.46005,0.21078724999999993,0.0,0.0,133.9210833333333,133.9210833333333,0.0,0.04391428932229854,0.10776341258337996,2.679236642911872,0.03236827913123596,0.9880630548473656,1.0539362499999996,,0.0,,,0.0,0.0,0.06885670121417117,0.12478534028782914,3.2346741025621055,1.0
30.38503,133.73066777777777,3.6399613853958437,0.1831410520720321,-1.2017698138713697,11.379079999999988,131.20199,133.18989,136.20603,139.90767,128.52859,0.2073599999999999,0.0,0.0,133.73066777777777,133.73066777777777,0.0,0.044633046006981154,0.11041183982936084,2.569312471507722,0.02734754000697071,0.9894681860603055,1.0367999999999995,,0.0,,,0.0,0.0,0.07452373680529407,0.046582797500022866,3.1888398260271833,1.0
30.67392,134.4085388888889,3.6243384056325665,0.2235288002730842,-1.2853792052198667,10.967780000000005,131.75039,133.73828,136.89152,140.45605,129.48827,0.20735974999999982,0.0,0.0,134.4085388888889,134.4085388888889,0.0,0.04077622004560084,0.10720756349814181,3.1128524600491554,0.032306259495273645,0.9897282577844193,1.036798749999999,,0.0,,,0.0,0.0,0.07726584006234682,-0.009731848733038862,3.1444098959107665,1.0
30.9628,134.11911222222224,3.673323877633863,0.3005455355622105,-1.2868863296826558,10.830680000000001,131.54473,133.05279,136.20603,140.18186,129.35118,0.21592825000000032,0.0,0.0,134.11911222222224,134.11911222222224,0.0,0.05209219879504027,0.11849723022964175,2.8591055964806165,0.04061180178411051,0.9859945655714543,1.0796412500000017,,0.0,,,0.0,0.0,0.08145868114753839,-0.06754480097900713,3.166803133123962,1.0
31.25168,134.66750333333334,3.5900837721052343,0.1543523139639957,-1.3095071717668,10.76212000000001,132.23021,134.08103,136.82299,140.31895,129.55683,0.20221850000000002,0.0,0.0,134.66750333333334,134.66750333333334,0.0,0.0445156715855678,0.11186517587291744,3.312469916643855,0.040955453967982836,0.9877869791212056,1.0110925000000002,,0.0,,,0.0,0.0,0.08137766163945524,-0.09731296527708037,3.1317879294559425,1.0
31.54057,135.52055222222222,3.497248520771651,0.06419758254661681,-1.2904490346638997,10.625029999999981,133.32699,135.10926,137.85121,141.00444,130.37941,0.19193624999999984,0.0,0.0,135.52055222222222,135.52055222222222,0.0,0.03399032769906946,0.09726372185648825,4.148560989633104,0.037403267058458395,0.9910645994891684,0.9596812499999992,,0.0,,,0.0,0.0,0.07077691910388285,-0.011205412715911649,3.1027619807318234,1.0
31.82945,136.9219888888889,3.622227571590117,0.08075793526355221,-1.187115626733152,11.379069999999984,134.56087,136.34313,139.42783,142.7867,131.40763,0.20564575000000004,0.0,0.0,136.9219888888889,136.9219888888889,0.0,0.029656272209711152,0.08639895866380887,5.679992495063151,0.04185120831937983,0.9926857127548053,1.0282287500000002,,0.0,,,0.0,0.0,0.06312762418056501,0.2034894926157365,3.212950361505111,1.0
32.11833,137.66840888888888,3.4825866440858944,0.273145321566353,-1.0718975719121524,11.173419999999993,135.17781,136.82297,139.97622,143.81493,132.64151,0.21592800000000026,0.0,0.0,137.66840888888888,137.66840888888888,0.0,0.02576175709488752,0.08121821040333506,6.521025572396239,0.028653668783976544,0.9956251798250847,1.0796400000000013,,0.0,,,0.0,0.0,0.057795148233815166,0.26830783382018575,3.0182162452365304,1.0
32.40722,137.88928666666664,3.598506963471872,0.0836913705239461,-0.9551891988836081,12.064549999999997,135.58911,137.43991,140.31896,144.02057,131.95602,0.21078649999999968,0.0,0.0,137.88928666666664,137.88928666666664,0.0,0.0309116187521898,0.09095115250862068,6.782874064716995,0.046065627819332086,0.9932543513352439,1.0539324999999984,,0.0,,,0.0,0.0,0.056128150763086714,0.19737167744616252,3.146371217584515,1.0
32.6961,138.3615088888889,3.693873038347701,0.0042145245818068005,-0.7821351646904353,12.750039999999984,136.06895,138.26249,140.59315,144.63751,131.88747,0.21421399999999977,0.0,0.0,138.3615088888889,138.3615088888889,0.0,0.03340011404098879,0.09624793103817322,7.295223029419814,0.05725871672238825,0.9922123279188483,1.0710699999999989,,0.0,,,0.0,0.0,0.053650675448271026,0.10212557838117142,3.185439932794245,1.0
32.98498,138.2320311111111,3.70755863163482,-0.05550119598820072,-0.7943050726729322,12.750039999999984,135.93185,138.1254,140.59315,144.36332,131.61328,0.21078674999999975,0.0,0.0,138.2320311111111,138.2320311111111,0.0,0.03563573371120662,0.09987473871909804,7.137317196430243,0.06494542707269488,0.9909826355179192,1.0539337499999988,,0.0,,,0.0,0.0,0.056978799654068664,0.04686192895281729,3.2081626234858076,1.0
33.27387,137.85882333333333,3.567812292683317,0.008250745760432153,-0.7972468529836121,12.270199999999988,135.58911,137.23427,140.25041,143.88348,131.61328,0.20735924999999966,0.0,0.0,137.85882333333333,137.85882333333333,0.0,0.03157709300462226,0.09403316474895611,6.738084093198878,0.04642688934877902,0.993156929133504,1.0367962499999983,,0.0,,,0.0,0.0,0.043379862467936944,0.1418715036284461,3.1404308948009896,1.0
33.56275,137.63794444444446,3.408249826449256,0.0093852869760147,-0.7575340383817215,11.790360000000021,135.52057,136.82299,139.77057,143.47219,131.68183,0.19879050000000048,0.0,0.0,137.63794444444446,137.63794444444446,0.0,0.0279003876282261,0.08755730693263634,6.501315886816892,0.02900271049870691,0.9955587602402454,0.9939525000000025,,0.0,,,0.0,0.0,0.04011036818822669,0.29360945775490127,3.0538780731140434,1.0
33.85163,137.4399177777778,3.495156171897134,-0.14173231262099836,-0.6230149647826941,12.338740000000001,135.31492,136.96009,139.90767,143.33509,130.99635,0.2005042500000002,0.0,0.0,137.4399177777778,137.4399177777778,0.0,0.03103948396502894,0.09165409708209755,6.3413721263548934,0.0362647039513698,0.9943137709130013,1.002521250000001,,0.0,,,0.0,0.0,0.04704846001955288,0.298524726864163,3.1994136840069056,1.0
34.14052,136.90675888888887,3.455310145296317,-0.1784662008063553,-0.5307272564658767,12.338740000000001,134.76653,136.61733,139.42783,142.78669,130.44795,0.2005040000000001,0.0,0.0,136.90675888888887,136.90675888888887,0.0,0.03023744926797366,0.09067489385139778,5.658503451714667,0.03201570578969102,0.9943738514882411,1.0025200000000005,,0.0,,,0.0,0.0,0.04492420431716995,0.22690842493998523,3.143863781639162,1.0
34.4294,135.98516,3.497215031732784,-0.24994867295587306,-0.4328080960870828,12.61293999999998,133.87539,136.06895,138.39959,141.89557,129.28263,0.20050449999999956,0.0,0.0,135.98516,135.98516,0.0,0.03146048308638396,0.09284877689917465,4.676623977171575,0.021163782357638078,0.9954949470813667,1.0025224999999978,,0.0,,,0.0,0.0,0.059087365296222445,0.189241686185226,3.234283229393761,1.0
34.71828,135.44438777777776,3.7490571569537563,-0.4430193603731189,-0.25676272107759424,13.57262,133.39555,135.52056,137.91975,141.41573,127.84311,0.20050450000000025,0.0,0.0,135.44438777777776,135.44438777777776,0.0,0.03689773377550065,0.1004666037819003,4.13165452887541,0.031156306438802427,0.9925155603339583,1.0025225000000013,,0.0,,,0.0,0.0,0.059825349642579295,0.11855083555771544,3.4832792705982527,1.0
35.00717,134.56087333333332,3.746070516958032,-0.5442432580813995,-0.09436081915492478,13.709720000000004,132.71006,134.62943,137.09717,140.45605,126.74633,0.19364975000000015,0.0,0.0,134.56087333333332,134.56087333333332,0.0,0.0402046864118803,0.10316146342777466,3.339158304187234,0.022603214700441625,0.9932763776749851,0.9682487500000008,,0.0,,,0.0,0.0,0.05864045610169754,0.152984563459515,3.5226557583288236,1.0
35.29605,134.7132022222222,3.652320542774533,-0.6509125182050702,0.10052947117723576,13.50406000000001,133.0528,134.76653,137.30282,140.38749,126.88343,0.1833672500000006,0.0,0.0,134.7132022222222,134.7132022222222,0.0,0.03898484577932006,0.1032619462651586,3.455746509961208,0.028677792107271855,0.9917697186908538,0.9168362500000029,,0.0,,,0.0,0.0,0.048718596716223674,0.09573998517414879,3.441047189518212,1.0
35.58493,133.9972488888889,3.6843447091728363,-0.44639344209904086,-0.08194422704427806,13.64116,132.16167,133.73829,136.68588,140.04475,126.40359,0.19707700000000017,0.0,0.0,133.9972488888889,133.9972488888889,0.0,0.040534654052019,0.10562934584358481,2.8333917214050395,0.017487883883396352,0.9938657935781144,0.9853850000000008,,0.0,,,0.0,0.0,0.05133311868241818,0.0749136981839719,3.4369036588515907,1.0
35.87382,132.99948666666668,3.637568268112336,-0.35156448181324557,-0.28547286452750065,13.229869999999991,130.99634,132.71007,135.79475,138.94797,125.7181,0.19879074999999985,0.0,0.0,132.99948666666668,132.99948666666668,0.0,0.048151456440738524,0.11504612144379514,2.0808755081376744,0.012204040856686502,0.9941693372514355,0.9939537499999993,,0.0,,,0.0,0.0,0.05825829939632239,0.037262793946267185,3.3702331941177546,1.0
36.1627,131.65136444444445,3.6466506110375096,-0.5177216360328725,-0.10326714603109899,13.366979999999998,129.76246,131.88749,134.35523,137.43991,124.07293,0.19193624999999984,0.0,0.0,131.65136444444445,131.65136444444445,0.0,0.0663153842692399,0.12814532624849817,1.2849094160694363,0.006595568678275602,0.9948931139595614,0.9596812499999992,,0.0,,,0.0,0.0,0.07222283241209121,0.16990775307054085,3.430799058181671,1.0
36.45158,130.43272222222222,3.830249362340025,-0.5894997072134586,-0.15193757944712472,13.778260000000003,128.66568,130.44797,133.05282,136.20603,122.42777,0.18850874999999973,0.0,0.0,130.43272222222222,130.43272222222222,0.0,0.08164306604793264,0.1373893485216287,0.7644701823554632,0.008182699381418915,0.9894096046571836,0.9425437499999987,,0.0,,,0.0,0.0,0.0687972213409088,0.2952032029916518,3.6477724843232724,1.0
36.74047,129.6329877777778,3.666115850784428,-0.4679931237831581,-0.39281276271793475,13.024229999999989,127.8431,129.76248,132.36733,135.3149,122.29067,0.18679499999999968,0.0,0.0,129.6329877777778,129.6329877777778,0.0,0.10034377099757093,0.14270323828573203,0.4947462370241166,0.004292433274613861,0.9913985956816047,0.9339749999999984,,0.0,,,0.0,0.0,0.07595914389288853,0.3603312722773506,3.4857703819862893,1.0
37.02935,128.7799388888889,3.5357046729280768,-0.40107320190829204,-0.6411856362170503,12.20165,126.88342,129.55683,130.72217,134.21812,122.01647,0.18336749999999996,0.0,0.0,128.7799388888889,128.7799388888889,0.0,0.13793338234104063,0.16208719943456357,0.29844098014533194,0.009543404614263964,0.9690133487819046,0.9168374999999997,,0.0,,,0.0,0.0,0.09895159562856248,0.09080657032112369,3.4284360112104606,1.0
37.31823,127.78217333333333,3.634792763528618,-0.34689627475104007,-0.6087171169596086,12.681480000000008,125.99229,128.6657,129.83101,133.53263,120.85115,0.18850850000000036,0.0,0.0,127.78217333333333,127.78217333333333,0.0,0.18858688125751408,0.16379714529152284,0.16766795627546544,0.012624891596457986,0.9299756377556139,0.9425425000000018,,0.0,,,0.0,0.0,0.10230296466717885,0.13989670280709193,3.543113667417376,1.0
37.60712,127.25663222222222,3.681274087096533,-0.44392878501289273,-0.5197015247283105,12.818579999999997,125.58099,127.63747,129.41972,132.84715,120.02857,0.18165399999999998,0.0,0.0,127.25663222222222,127.25663222222222,0.1111111111111111,0.21413068539781632,0.15117460234885738,0.13873395076394562,0.0076149334058186495,0.9479672595810018,0.9082699999999999,,0.0,,,0.0,0.0,0.08949275221653687,0.3416235916518703,3.5776582203232827,1.0
37.896,125.90089222222221,4.072349725035295,-0.5755837108685004,-0.4389830517132003,13.84680999999999,124.21002,126.40359,128.52859,131.47617,117.62936,0.1816537499999999,0.0,0.0,125.90089222222221,125.90089222222221,0.0,0.2026106764486991,0.15435721040250133,0.21984996883117347,0.0018019321737141867,0.991870440701244,0.9082687499999995,,0.0,,,0.0,0.0,0.10222772058614699,0.4194401168375782,4.00282816124534,1.0
38.18488,124.30142444444444,4.176281256525053,-0.5117120057039007,-0.4670333667300355,14.395210000000006,122.42777,124.07294,127.15761,130.2423,115.84709,0.18508125,0.0,0.0,124.30142444444444,124.30142444444444,0.0,0.13294212681860862,0.14879484821652925,0.6316038277631019,0.009254550253789065,0.9855591333907769,0.92540625,,0.0,,,0.0,0.0,0.0906064633884743,0.5754168378049505,4.07821645527246,1.0
38.47377,123.9891488888889,4.103867307989826,-0.39115519688370287,-0.6369908137044722,14.121020000000001,121.87938,123.86729,126.95197,130.10521,115.98419,0.19536374999999992,0.0,0.0,123.9891488888889,123.9891488888889,0.0,0.1331786813612887,0.15173145113799918,0.7736976991371056,0.023790230385855652,0.9701685384791926,0.9768187499999996,,0.0,,,0.0,0.0,0.10334359646475515,0.4898815601397443,3.995910159116964,1.0
38.76265,123.9206,4.1116192382131445,-0.3681859845884881,-0.7392956094380598,13.778270000000006,121.81083,123.31891,126.74632,129.76246,115.98419,0.18679500000000004,0.0,0.0,123.9206,123.9206,0.0,0.12421515932499358,0.14704460188073232,0.756728165947132,0.012709491566341005,0.9834821034029431,0.9339750000000002,,0.0,,,0.0,0.0,0.09239117502020264,0.6249368698327457,3.999696578152914,1.0
39.05153,124.52992222222224,3.9170804223888136,-0.24064258328818475,-0.8539805173566002,13.024229999999989,122.56486,123.93584,127.08907,130.31085,117.28662,0.18508124999999964,0.0,0.0,124.52992222222224,124.52992222222224,0.0,0.13719578732159612,0.15304230029966917,0.5130420059186744,0.009643564462754063,0.9815499697956619,0.9254062499999982,,0.0,,,0.0,0.0,0.08505478237076786,0.6474389427659333,3.810956870275916,1.0
39.34041,125.10877777777779,3.966543273617971,-0.23278036748347306,-0.8093624836305167,13.36697000000001,123.25035,124.55278,127.56891,131.13343,117.76646,0.1919360000000001,0.0,0.0,125.10877777777779,125.10877777777779,0.0,0.1547275318781331,0.1546233197711686,0.3711801669542675,0.006339936415973356,0.9832063605151212,0.9596800000000005,,0.0,,,0.0,0.0,0.08306085926354462,0.6555736186376818,3.84598302613484,1.0
39.6293,125.46675222222221,4.160873102235415,-0.1249050072504396,-0.8492261700287949,13.915359999999993,123.25035,124.21003,127.9802,131.81892,117.90356,0.19879099999999994,0.0,0.0,125.46675222222221,125.46675222222221,0.0,0.1649933719726823,0.15057251510721453,0.27597561527033,0.003076355763808775,0.9889756884665402,0.9939549999999997,,0.0,,,0.0,0.0,0.07497326139043081,0.7930871206863618,4.02770399418589,1.0
39.91818,125.93897555555554,4.099914466999718,-0.07313943622438304,-0.8431775933095431,13.504059999999996,123.86728,124.75843,128.11729,132.09311,118.58905,0.19022225000000006,0.0,0.0,125.93897555555554,125.93897555555554,0.0,0.19193230135585648,0.1517729012918669,0.1688779413917665,0.004121676860177493,0.9761752251279969,0.9511112500000003,,0.0,,,0.0,0.0,0.0610636534173581,0.8288799848159829,3.9883674068072374,1.0
40.20706,126.4797477777778,4.095414249278708,-0.06721423770617406,-0.8328375780487267,13.641160000000013,124.68987,125.03261,128.73423,132.7786,119.13744,0.19364975000000015,0.0,0.0,126.4797477777778,126.4797477777778,0.1111111111111111,0.22338026803898747,0.1298423841502583,0.13683439602107572,0.006374904115224217,0.955485403498897,0.9682487500000008,,0.0,,,0.0,0.0,0.06076719347440463,0.8468850318511743,3.9440151776087546,1.0
40.49595,126.82249111111112,4.062903940244508,-0.073556147678605,-0.9361355559715414,13.161320000000018,125.03261,125.37535,129.14553,132.7786,119.61728,0.18508125000000036,0.0,0.0,126.82249111111112,126.82249111111112,0.2222222222222222,0.2210881296029811,0.12596687467430018,0.11554222615488194,0.008413791521368223,0.9321227660237057,0.9254062500000018,,0.0,,,0.0,0.0,0.0625847226697509,0.7871450522406124,3.9264136076423903,1.0
40.78483,126.8301088888889,3.877932440207007,-0.01375631415332224,-1.0096637375285982,12.407290000000003,124.75841,125.30681,129.07699,132.50441,120.09712,0.1799400000000002,0.0,0.0,126.8301088888889,126.8301088888889,0.2222222222222222,0.21840865564990797,0.12528113532101648,0.11273416966316699,0.005110931418849445,0.9566300892647596,0.899700000000001,,0.0,,,0.0,0.0,0.06024793333280552,0.8312978649204401,3.7387811220708764,1.0
41.07371,126.92912333333334,3.9515790817595944,0.010419333066936388,-0.9912061770967835,12.54437,125.03261,125.16971,129.07699,132.64149,120.09712,0.1833675000000003,0.0,0.0,126.92912333333334,126.92912333333334,0.2222222222222222,0.21314278815181345,0.13457561016891265,0.12188770536975899,0.011118666170360482,0.916405010276916,0.9168375000000015,,0.0,,,0.0,0.0,0.06633925417235356,0.7760407202002624,3.807031707608089,1.0
41.3626,126.99767333333335,4.047785170004838,-0.08498199446340299,-1.0142590578378596,12.750029999999995,124.82697,125.37535,130.03667,132.57296,119.82293,0.17994024999999994,0.0,0.0,126.99767333333335,126.99767333333335,0.2222222222222222,0.19882997413901818,0.12975261788593911,0.13554588838439813,0.016317736330923874,0.8925500662138974,0.8997012499999997,,0.0,,,0.0,0.0,0.057199012131865075,0.7445615104058879,3.8619508791748296,1.0
41.65148,128.05636888888887,3.823791623231941,-0.16109589215162465,-0.9082411006708155,12.270200000000003,126.06084,126.74632,130.9278,133.327,121.0568,0.17137174999999977,0.0,0.0,128.05636888888887,128.05636888888887,0.0,0.12879110726574583,0.14121016799175767,0.1757919574750205,0.014779357470344852,0.9224471029817545,0.8568587499999989,,0.0,,,0.0,0.0,0.048989861492167996,0.7115110957632002,3.633334867035666,1.0
41.94036,128.73424111111112,3.9788380532021983,-0.15127735653614013,-0.924641561848377,12.818589999999986,126.74633,127.22617,131.95603,134.28668,121.46809,0.18165399999999962,0.0,0.0,128.73424111111112,128.73424111111112,0.0,0.11476491115319096,0.14517807491864948,0.296142562929745,0.026716210793804984,0.9172510922425604,0.9082699999999981,,0.0,,,0.0,0.0,0.05000087752055398,0.5164197094768896,3.7642255763538306,1.0
42.22925,129.20646666666667,3.9425148544664834,-0.004573376579104072,-1.1550226833878823,12.407299999999992,126.40359,127.63746,132.98426,134.90362,122.49632,0.18508149999999973,0.0,0.0,129.20646666666667,129.20646666666667,0.0,0.09888356308549545,0.1337626943314854,0.40821239456758834,0.026990886881586854,0.9379809663072657,0.9254074999999986,,0.0,,,0.0,0.0,0.05067324347535176,0.5685202094559025,3.635595222101702,1.0
42.51813,130.08236333333332,3.828234090964426,0.07690866238832852,-1.2277747233764922,11.653269999999992,127.50037,128.80279,133.60119,135.52056,123.86729,0.1816542499999997,0.0,0.0,130.08236333333332,130.08236333333332,0.0,0.075784428269664,0.12602090656606793,0.6809968864844982,0.03375827875887315,0.9527694510012312,0.9082712499999985,,0.0,,,0.0,0.0,0.040812987179198464,0.4218905412021245,3.540034261900951,1.0
42.80701,129.81578555555558,4.039625596958519,-0.06360629883983095,-1.153250085563217,12.407299999999992,127.02053,128.87133,133.53265,135.31491,122.90761,0.17822650000000023,0.0,0.0,129.81578555555558,129.81578555555558,0.0,0.08655955010358414,0.13036163828246375,0.5921534526679973,0.04915489316041548,0.9233521697129099,0.8911325000000012,,0.0,,,0.0,0.0,0.05052816441424238,0.37705035950377414,3.760738243712368,1.0
43.0959,130.03666555555552,3.886975858808235,-0.042944582091399404,-1.1844445540463004,12.06456,127.77456,129.28263,133.66974,135.58911,123.52455,0.18679525000000013,0.0,0.0,130.03666555555552,130.03666555555552,0.0,0.0694136527971192,0.11715058730678789,0.6477023760134495,0.030014184787446187,0.9557127763743178,0.9339762500000006,,0.0,,,0.0,0.0,0.04526229737618942,0.534583986416107,3.59018510015718,1.0
43.38478,129.72438666666665,3.984755553832632,0.007495335355733754,-1.2253003993756872,12.338760000000008,127.43182,128.87133,133.87538,135.58911,123.25035,0.19365000000000024,0.0,0.0,129.72438666666665,129.72438666666665,0.0,0.07752001978362726,0.11801188598393031,0.5524597517845716,0.026328428167521026,0.9545111161994507,0.9682500000000012,,0.0,,,0.0,0.0,0.03702652720357534,0.6386879810354166,3.642132454422185,1.0
43.67366,129.5949077777778,3.7282022171842164,0.07260309085923894,-1.3390439604297237,11.036330000000007,127.29472,128.93989,133.39554,134.97217,123.93584,0.1833675000000003,0.0,0.0,129.5949077777778,129.5949077777778,0.0,0.07870793936116226,0.118153571557895,0.5074557733252358,0.022848624026999647,0.9569141341524372,0.9168375000000015,,0.0,,,0.0,0.0,0.03468640388332245,0.656321062447002,3.4006795127750897,1.0
43.96255,129.63299,3.644547026940076,-0.0008875975931645152,-1.344781859573853,10.487949999999984,127.63747,129.41973,133.32699,134.76653,124.27858,0.1782264999999999,0.0,0.0,129.63299,129.63299,0.0,0.08747022601823305,0.12893830757200966,0.5076442331795695,0.030367430518408484,0.943556185373313,0.8911324999999994,,0.0,,,0.0,0.0,0.0356104569810842,0.5457521686249476,3.340538223508935,1.0
44.25143,129.0312866666667,3.6275422662397108,0.0013313554201423985,-1.3719936959345163,10.145210000000006,127.02053,128.52859,132.9157,133.94395,123.79874,0.17308550000000017,0.0,0.0,129.0312866666667,129.0312866666667,0.0,0.10580088515012102,0.13576883167373122,0.35878861526810313,0.03213131156217718,0.9178058997542283,0.8654275000000009,,0.0,,,0.0,0.0,0.040815812957984324,0.530598699329569,3.352142694563513,1.0
44.54031,128.7266255555556,3.6419669623619337,-0.07698500570549317,-1.2638551361806272,10.625039999999998,126.88343,127.77456,132.36731,133.66975,123.04471,0.16965799999999973,0.0,0.0,128.7266255555556,128.7266255555556,0.0,0.1168031463957805,0.1445037609151345,0.28636414832384194,0.025289815709620952,0.9188528986629837,0.8482899999999987,,0.0,,,0.0,0.0,0.04994197500427714,0.4638887053867001,3.4404400189148228,1.0
44.8292,128.49051555555556,3.4869488211937805,-0.04142708126664371,-1.2454111437049085,10.350850000000008,126.54069,127.98021,131.68182,133.46411,123.11326,0.17308550000000017,0.0,0.0,128.49051555555556,128.49051555555556,0.0,0.12757613304756743,0.14909115858962063,0.23519784818080286,0.02094407073400441,0.9182325528185269,0.8654275000000009,,0.0,,,0.0,0.0,0.04969108189755807,0.5736128617388293,3.2560446490683597,1.0
45.11808,128.47528222222223,3.6698636917731764,-0.15340723456295707,-1.1651138529763378,10.762139999999988,126.60923,128.32295,131.40763,133.39556,122.63342,0.16965824999999982,0.0,0.0,128.47528222222223,128.47528222222223,0.0,0.12748583403274238,0.15133162174539852,0.23705813776599854,0.02962397152411959,0.8889165392764165,0.848291249999999,,0.0,,,0.0,0.0,0.050971580213403304,0.4588148868101875,3.4848772541817556,1.0
45.40696,128.74947444444444,3.7643917918484258,-0.3009164046272479,-1.0371478231541238,11.379080000000002,127.15762,128.32295,131.95601,133.60121,122.22213,0.16108975000000036,0.0,0.0,128.74947444444444,128.74947444444444,0.0,0.11162577846974416,0.14598693501654839,0.28259386066783915,0.03001774811707035,0.903977499990662,0.8054487500000018,,0.0,,,0.0,0.0,0.05046043608924627,0.3920475000461515,3.615800107663595,1.0
45.69585,128.70377444444443,3.791798635212904,-0.2858487856552825,-1.0311292170878568,11.58471999999999,127.08907,128.52859,131.68182,133.80685,122.22213,0.16794449999999977,0.0,0.0,128.70377444444443,128.70377444444443,0.0,0.11540588361829497,0.14865523075978293,0.27409318838906416,0.029958239891078105,0.9014698265004609,0.8397224999999988,,0.0,,,0.0,0.0,0.04920409012150357,0.4198684355651415,3.6304300711137127,1.0
45.98473,128.13253333333333,3.9891589209199942,-0.26079198784046237,-0.9940327219605636,12.475840000000005,126.26649,128.04875,131.13343,133.73829,121.26245,0.18679500000000004,0.0,0.0,128.13253333333333,128.13253333333333,0.0,0.14940091756699408,0.1574553663811007,0.20216549212837442,0.03163601115468887,0.8646885892651596,0.9339750000000002,,0.0,,,0.0,0.0,0.06098776319492385,0.472840516627287,3.797624741197306,1.0
46.27361,127.36326888888887,3.823046565733333,-0.18920948279905478,-0.9781371952074669,12.20165,125.30681,127.15762,129.96811,133.05281,120.85116,0.19364999999999988,0.0,0.0,127.36326888888887,127.36326888888887,0.1111111111111111,0.2082194336533916,0.15857815975348663,0.1412491058957282,0.01926609164233866,0.8799734104568698,0.9682499999999994,,0.0,,,0.0,0.0,0.08207850084879302,0.4538053331408547,3.6458406457408175,1.0
46.5625,127.52321333333332,3.8508057310328665,-0.3425295379201585,-0.9582389705307368,12.20165,125.37535,128.04875,130.17375,133.05281,120.85116,0.1919364999999999,0.0,0.0,127.52321333333332,127.52321333333332,0.0,0.20875527633193497,0.1627227285395616,0.15324091828495232,0.03253629656056303,0.8248639012587993,0.9596824999999995,,0.0,,,0.0,0.0,0.10380978011347662,0.20520405849418683,3.6972174642545594,1.0
46.85138,128.2924811111111,3.827564188298246,-0.3487216742094027,-0.8701325193713685,12.407290000000003,126.19794,128.59713,130.79069,133.87539,121.4681,0.1919362500000002,0.0,0.0,128.2924811111111,128.2924811111111,0.0,0.1618337077927486,0.16832967340141441,0.21467770567126554,0.03155818219529076,0.8718376002949781,0.9596812500000009,,0.0,,,0.0,0.0,0.09340359307494531,0.1941574771428395,3.654274928831052,1.0
47.14026,129.4044911111111,3.730113250003851,-0.3120779496077037,-0.8352858076336762,12.338739999999987,127.08907,129.83102,131.75037,135.04071,122.70197,0.19879099999999958,0.0,0.0,129.4044911111111,129.4044911111111,0.0,0.1241982276073479,0.1651235571844275,0.42574980788977224,0.032597498115523565,0.9288803538685247,0.9939549999999979,,0.0,,,0.0,0.0,0.09569517840560465,0.036772149297990234,3.5193842206728116,1.0
47.42915,129.48827555555556,3.952109995050775,-0.3644278723493945,-0.6162458468716476,13.504080000000002,127.50036,129.62537,132.09312,135.45201,121.94793,0.19879125000000003,0.0,0.0,129.48827555555556,129.48827555555556,0.0,0.11278625038062895,0.1601040081938456,0.46089429255556513,0.031042678734008212,0.9368970403945813,0.9939562500000001,,0.0,,,0.0,0.0,0.08150268598028926,0.1399528337227529,3.7519155676525267,1.0
47.71803,129.22169666666667,3.9111348376739294,-0.3783223448989251,-0.541271519270651,13.435519999999997,127.08907,129.28262,131.40763,135.04071,121.60519,0.19879099999999958,0.0,0.0,129.22169666666667,129.22169666666667,0.0,0.11908483222353586,0.16332541149340388,0.3963345699994688,0.023368140456216362,0.9443221595465108,0.9939549999999979,,0.0,,,0.0,0.0,0.08458020937354821,0.10578975016143106,3.739918149771585,1.0
48.00691,127.8507222222222,4.128049303885089,-0.3696522617171213,-0.524018318524047,14.189549999999997,125.58099,127.91165,130.17375,133.94393,119.75438,0.20907349999999986,0.0,0.0,127.8507222222222,127.8507222222222,0.0,0.18477359642603894,0.16845682547853874,0.1878634044925377,0.019462423755450355,0.9061263904717966,1.0453674999999993,,0.0,,,0.0,0.0,0.0956688781893002,0.28028074170321793,3.96364300151422,1.0
48.2958,126.30457111111112,4.31343223299406,-0.4493667679968908,-0.501930183268624,14.806480000000008,124.14147,126.81487,129.00843,132.50441,117.69793,0.20907350000000022,0.0,0.0,126.30457111111112,126.30457111111112,0.1111111111111111,0.23867632316281515,0.14896612743663695,0.21000322373374106,0.013220823754297353,0.9407732993055636,1.0453675000000011,,0.0,,,0.0,0.0,0.10994755311687836,0.3776648545451757,4.180664429518384,1.0
48.58468,125.47437222222223,4.3997163040631975,-0.6402739614546976,-0.27055262400364777,15.217770000000002,123.59309,125.92373,128.52859,131.47618,116.25841,0.1970772499999999,0.0,0.0,125.47437222222223,125.47437222222223,0.0,0.18090245572112287,0.15562182927973414,0.35204719066004275,0.007677703104950923,0.978656736478648,0.9853862499999995,,0.0,,,0.0,0.0,0.10506969395405054,0.49561909525993997,4.280395026961801,1.0
48.87356,124.52230777777777,4.324913324143108,-0.48174098975268753,-0.4367841323588548,15.080669999999998,122.42776,124.55276,127.91165,130.85924,115.77857,0.21078699999999984,0.0,0.0,124.52230777777777,124.52230777777777,0.0,0.14706738334127678,0.15374515830731317,0.6657339985230047,0.008657221523311146,0.9871629087617231,1.0539349999999992,,0.0,,,0.0,0.0,0.10480345711174777,0.6212239491254213,4.141888434064209,1.0
49.16245,123.31889888888888,4.52443474649337,-0.5329113648040744,-0.3824334713970652,15.766159999999985,121.46809,123.31889,126.47213,129.83101,114.06485,0.20735949999999975,0.0,0.0,123.31889888888888,123.31889888888888,0.0,0.1235062665548067,0.14976359603592176,1.1006087401989713,0.006198828881864157,0.9943993615923209,1.0367974999999987,,0.0,,,0.0,0.0,0.10256399062562882,0.6540540107610706,4.385629390729163,1.0
49.45133,122.27543666666666,4.4505269768871205,-0.5853065160374827,-0.20532228404644437,15.834700000000012,120.50841,122.35921,125.51245,128.80277,112.96807,0.2073590000000003,0.0,0.0,122.27543666666666,122.27543666666666,0.0,0.11114429724179993,0.14629514520644765,1.7353869690784216,0.01865139288223938,0.9893665991658657,1.0367950000000015,,0.0,,,0.0,0.0,0.10447869066545919,0.6471483276529799,4.291261190714521,1.0
49.74021,120.84353333333335,4.301346573951515,-0.3455216334366188,-0.4664755809072876,15.217759999999998,118.93179,120.43985,123.66164,127.5689,112.35114,0.2159277499999998,0.0,0.0,120.84353333333335,120.84353333333335,0.0,0.09977991111417549,0.14436353080694742,2.7128883181228587,0.03808401128723271,0.9861561634122236,1.079638749999999,,0.0,,,0.0,0.0,0.10442886792753601,0.6812146282429773,4.123461322726064,1.0
50.0291,119.99810000000002,4.123953976082234,-0.22948142500388666,-0.6350992942876008,14.39518000000001,117.90357,119.20597,122.63341,126.54067,112.14549,0.21078650000000004,0.0,0.0,119.99810000000002,119.99810000000002,0.0,0.09377482388091489,0.14196103891908624,3.401637055637266,0.06579188605840838,0.9810257434938705,1.0539325000000002,,0.0,,,0.0,0.0,0.101698221714588,0.6583595316703306,3.94711333132791,1.0
50.31798,119.2821488888889,4.121589466157835,-0.20314411892021747,-0.7578532680797543,14.120990000000006,116.87535,118.52049,121.81082,125.71809,111.5971,0.20221800000000023,0.0,0.0,119.2821488888889,119.2821488888889,0.0,0.08898581805492992,0.14013416387670297,3.9632304549449753,0.07777656561814889,0.9807531723353983,1.0110900000000012,,0.0,,,0.0,0.0,0.09878651130904283,0.642723790077491,3.9832172035904083,1.0
50.60686,119.32023111111113,4.272066323711238,-0.19365032656809916,-0.7738728877269789,14.532289999999989,117.28663,118.10919,122.01647,125.92374,111.39145,0.2039317499999999,0.0,0.0,119.32023111111113,119.32023111111113,0.0,0.08712295644552366,0.13788203706449714,3.925458537033773,0.048926282314867245,0.9876895960915897,1.0196587499999996,,0.0,,,0.0,0.0,0.08678248364001563,0.7453942496899157,4.111761656314211,1.0
50.89575,119.71628888888888,4.19064145248392,-0.19561839110800752,-0.6733403141352867,14.39519,117.42373,118.45194,122.08501,126.19793,111.80274,0.19536300000000004,0.0,0.0,119.71628888888888,119.71628888888888,0.0,0.08467602548476451,0.13598862806651624,3.4937762051224053,0.04157303347097111,0.9882407562127198,0.9768150000000002,,0.0,,,0.0,0.0,0.07345578230219073,0.7735921744903383,4.049962966483728,1.0
51.18463,118.9013211111111,4.311979987302674,-0.16393435387057997,-0.8176525957800518,14.532300000000006,116.2584,117.76645,121.46807,125.51245,110.98015,0.19879074999999985,0.0,0.0,118.9013211111111,118.9013211111111,0.0,0.08298383314678008,0.13547614127268678,4.225141076671074,0.050551736356924955,0.9881769484697983,0.9939537499999993,,0.0,,,0.0,0.0,0.08159861230482816,0.7541382718969838,4.185092498127583,1.0
51.47351,118.03303777777779,4.240349211837204,-0.06322643398389509,-0.9888717531695081,13.84680999999999,114.95597,116.94387,120.50839,124.48422,110.63741,0.19364949999999972,0.0,0.0,118.03303777777779,118.03303777777779,0.0,0.08000925530884735,0.134873346178271,5.026987736934393,0.0687578000902515,0.9865068222717712,0.9682474999999986,,0.0,,,0.0,0.0,0.08402201184207395,0.7293121731063837,4.141221975978436,1.0
51.7624,117.23330555555556,4.061276799921455,0.08062405089769563,-1.0193211118963503,13.092770000000002,114.68178,115.91565,119.54871,123.59309,110.50032,0.1919360000000001,0.0,0.0,117.23330555555556,117.23330555555556,0.0,0.07913702758242848,0.1362765214685072,5.950314424076668,0.08854246476068114,0.9853378766066003,0.9596800000000005,,0.0,,,0.0,0.0,0.08006338760350218,0.7256603155866266,3.9576664006810254,1.0
52.05128,116.51735333333333,4.150665444774423,-0.012495088295038677,-1.0228761895661136,13.298410000000004,113.7221,115.50436,118.86322,122.7705,109.47209,0.18165349999999983,0.0,0.0,116.51735333333333,116.51735333333333,0.0,0.0750652879455554,0.1330584206389625,6.754739288146125,0.0909620761101391,0.9867125263915609,0.9082674999999991,,0.0,,,0.0,0.0,0.07442413821684067,0.7294049702468387,4.0700328057198005,1.0
52.34016,116.43357333333334,4.202210094948714,-0.05910181408852017,-1.0091800153067565,13.572599999999994,113.65355,115.57291,118.72613,122.83905,109.26645,0.1816535000000002,0.0,0.0,116.43357333333334,116.43357333333334,0.0,0.0750358776755605,0.13306927099320168,6.894468377514368,0.09846627240899528,0.9859191773644466,0.9082675000000009,,0.0,,,0.0,0.0,0.07054196748856566,0.7172331581027465,4.1184540158818255,1.0
52.62905,116.21268888888888,4.113038247701366,-0.012854102348299626,-0.9501989411944662,13.366960000000006,113.72209,115.23016,118.38338,122.56485,109.19789,0.18336725000000023,0.0,0.0,116.21268888888888,116.21268888888888,0.0,0.07553495992200142,0.13480409167243113,7.171857861520712,0.1035111348861652,0.9857723869351693,0.9168362500000011,,0.0,,,0.0,0.0,0.07604688045407887,0.707890999286282,4.034018030560805,1.0
52.91793,116.33455555555555,4.148107293991942,0.14077951559630517,-0.9348863320798788,13.36697000000001,114.13339,115.09307,118.45193,122.9076,109.54063,0.19536325000000013,0.0,0.0,116.33455555555555,116.33455555555555,0.0,0.07741375680162979,0.13673630879099627,7.002965209730809,0.08649310077381274,0.987799758869527,0.9768162500000006,,0.0,,,0.0,0.0,0.07798719112505775,0.7530537988843963,4.055801789543282,1.0
53.20681,116.65444666666667,4.1064052633497665,0.10058052018553539,-0.9475094780212512,13.092780000000005,114.68177,115.43581,118.86322,122.97615,109.88337,0.18850850000000002,0.0,0.0,116.65444666666667,116.65444666666667,0.0,0.07759535680669065,0.13703843399558455,6.562485209393007,0.0783289238857464,0.9882049215032173,0.9425425000000001,,0.0,,,0.0,0.0,0.0779532574352685,0.7508035071125033,4.023687839637682,1.0
53.4957,117.60651222222221,4.020215475982398,0.10706260942098196,-1.0142115937635694,12.750029999999995,115.36726,116.66969,119.41162,123.86728,111.11725,0.1936497499999998,0.0,0.0,117.60651222222221,117.60651222222221,0.0,0.08160678803351308,0.13909856433042,5.504011072367606,0.07644417772310101,0.986301444166139,0.968248749999999,,0.0,,,0.0,0.0,0.08572889261020565,0.7330800525901788,3.9148308902489855,1.0
53.78458,118.08635222222223,4.035251974213637,0.1561693003572882,-1.0920948189482338,12.612929999999992,115.43581,117.21807,120.02855,124.48422,111.87129,0.1970772499999999,0.0,0.0,118.08635222222223,118.08635222222223,0.0,0.08434995875711451,0.14089332466980972,4.925466288227322,0.08056220743040846,0.983906961856354,0.9853862499999995,,0.0,,,0.0,0.0,0.08682298311791145,0.6994204886008832,3.9383387225978144,1.0
54.07346,118.9850988888889,3.992821007534631,0.0753333382700418,-1.0777628282751874,12.612929999999992,116.87533,118.1092,121.19389,125.3068,112.69387,0.1970772499999999,0.0,0.0,118.9850988888889,118.9850988888889,0.0,0.08826700540684249,0.1426427220696246,4.102457278546364,0.07383467326462526,0.9823205192034432,0.9853862499999995,,0.0,,,0.0,0.0,0.08466347367409477,0.6956642347749639,3.8663290664287633,1.0
54.36235,119.52587333333332,4.086550847551296,-0.03184642126137557,-0.9296980456883932,13.298419999999993,117.69791,119.00033,121.46809,125.92374,112.62532,0.1970772499999999,0.0,0.0,119.52587333333332,119.52587333333332,0.0,0.08992892927348083,0.14439258032743094,3.555042454876894,0.05069813992199771,0.9859396041707157,0.9853862499999995,,0.0,,,0.0,0.0,0.08797037996542811,0.7159655635891062,3.977429225993614,1.0
54.65123,120.24182666666668,4.11702881788419,-0.10680854338419803,-0.9674626321339592,13.229870000000005,118.52049,119.82292,122.49632,126.47213,113.24226,0.19364975000000015,0.0,0.0,120.24182666666668,120.24182666666668,0.0,0.0934448729005069,0.145486102998751,2.9288102947887396,0.04002485125768889,0.9865183314709671,0.9682487500000008,,0.0,,,0.0,0.0,0.08908758504602944,0.715302914922516,4.008737223554438,1.0
54.94011,120.50078666666667,4.131841345510097,-0.08623055982759102,-1.038285813582625,13.161320000000003,118.52049,120.09711,123.04471,126.74632,113.585,0.1970772499999999,0.0,0.0,120.50078666666667,120.50078666666667,0.0,0.09580518581718643,0.14589770316992548,2.7356280433457485,0.03963003481768483,0.985720234370966,0.9853862499999995,,0.0,,,0.0,0.0,0.09272275242857037,0.7069267966519677,4.014815539066732,1.0
55.229,119.57157222222223,4.10770413469557,-0.13899759692458627,-1.0723711499101416,12.88712000000001,117.90355,119.06888,122.08503,125.71809,112.83097,0.1919360000000001,0.0,0.0,119.57157222222223,119.57157222222223,0.0,0.09265079842640554,0.14510628576215995,3.539993844749342,0.06886922134351442,0.9809166432252118,0.9596800000000005,,0.0,,,0.0,0.0,0.09317730243552542,0.6393712754080584,3.998466956468427,1.0
55.51788,119.4192411111111,4.090313623717065,-0.1593842659965174,-1.0493178292065197,12.955680000000001,117.56081,119.41163,121.94793,125.581,112.62532,0.20050474999999998,0.0,0.0,119.4192411111111,119.4192411111111,0.0,0.0956102136544006,0.14774020924583192,3.735164006511039,0.07920835295060122,0.9792342368326872,1.00252375,,0.0,,,0.0,0.0,0.11413741612316437,0.5898902318795487,3.973510362503263,1.0
55.80676,119.23644444444446,4.237723280059472,-0.2074428803337134,-1.0359481854512234,13.435519999999997,117.28661,119.61727,121.81084,125.4439,112.00838,0.2039322500000001,0.0,0.0,119.23644444444446,119.23644444444446,0.0,0.09556941640089775,0.14790734667488098,3.863197028820892,0.06543927631082463,0.9833430047154836,1.0196612500000004,,0.0,,,0.0,0.0,0.12736757099043242,0.5897252757963984,4.137881093133167,1.0
56.09565,119.64012111111111,4.227349606304284,-0.18520635448139075,-1.0477164661651335,13.43553,117.49226,119.75437,122.22213,125.78665,112.35112,0.20735974999999982,0.0,0.0,119.64012111111111,119.64012111111111,0.0,0.0973112269889473,0.14784776311489634,3.5075765609755347,0.05011082097336396,0.9859147767377737,1.036798749999999,,0.0,,,0.0,0.0,0.1279654486419062,0.6230425738658362,4.116515169117997,1.0
56.38453,120.12757777777779,4.123831575870993,-0.1904242899626876,-1.110918506347236,12.81859,117.76646,120.16566,122.70197,126.06084,113.24225,0.20735950000000009,0.0,0.0,120.12757777777779,120.12757777777779,0.0,0.10252590253599372,0.15074716322716888,3.12627416848928,0.05857902428316848,0.9816069938437774,1.0367975000000005,,0.0,,,0.0,0.0,0.13188888022310907,0.5810261398201542,3.9977790010223977,1.0
56.67341,120.86637999999999,4.073988589827472,-0.20727531278584221,-1.0999852718122962,12.750050000000002,118.65759,120.5084,123.52456,126.81488,114.06483,0.2039322500000001,0.0,0.0,120.86637999999999,120.86637999999999,0.0,0.10614608381647492,0.1512239439387095,2.5709915458432038,0.05945268902454655,0.9773982324604287,1.0196612500000004,,0.0,,,0.0,0.0,0.11805420973177688,0.58438403086066,3.92994086564216,1.0
56.9623,122.16880555555556,3.9801250972163364,-0.23465590463334252,-1.148337183000514,12.270219999999995,119.96002,121.67373,124.96408,127.98021,115.70999,0.20050474999999998,0.0,0.0,122.16880555555556,122.16880555555556,0.0,0.11958502440737773,0.15584875512825427,1.7111188549296419,0.06981237133320811,0.9608000744780111,1.00252375,,0.0,,,0.0,0.0,0.11478733221502382,0.4915892892708254,3.824164188218086,1.0
57.25118,123.31889888888888,4.059253126846105,-0.19832563409874732,-1.1963274206734769,12.40731000000001,121.05679,122.83905,126.60925,129.28263,116.87532,0.20564600000000013,0.0,0.0,123.31889888888888,123.31889888888888,0.0,0.1328935396346599,0.15709094971031853,1.1050182495583156,0.05545335643643791,0.9522148096987475,1.0282300000000006,,0.0,,,0.0,0.0,0.11130717545979532,0.4990944616784621,3.8839739913172857,1.0
57.54006,123.85967,4.097203952266313,-0.19817219508216777,-1.1888158548873327,12.544410000000013,121.74228,123.66163,126.67779,129.89957,117.35516,0.20393225000000043,0.0,0.0,123.85967,123.85967,0.0,0.14308367396690488,0.16034071072239522,0.8049391227712698,0.041909310801053784,0.9505114383700094,1.0196612500000022,,0.0,,,0.0,0.0,0.11485622761853377,0.42548775667026145,3.974035543849791,1.0
57.82895,124.01961555555557,4.076551823288651,-0.12421794365615836,-1.1668005381399265,12.612960000000001,122.15357,123.31889,126.95198,130.24231,117.62935,0.20221850000000002,0.0,0.0,124.01961555555557,124.01961555555557,0.0,0.14306129264922457,0.16024620103779352,0.7218798503068348,0.038559843917064136,0.9492926995988191,1.0110925000000002,,0.0,,,0.0,0.0,0.10170103547441688,0.4654403407161232,3.9512472722291165,1.0
58.11783,123.7911211111111,4.213182123047308,-0.21860876166300722,-1.1406531470338646,13.09281,121.81083,123.11324,126.74633,129.96812,116.87531,0.2039322500000001,0.0,0.0,123.7911211111111,123.7911211111111,0.0,0.13762271814913618,0.15705766089670353,0.8410045146747714,0.032923989503872146,0.9623264495405741,1.0196612500000004,,0.0,,,0.0,0.0,0.10699241636288707,0.5332173784134404,4.074058996075711,1.0
58.40671,123.37982888888888,4.302569263543314,-0.28896059585564243,-1.032623568513835,13.504090000000005,121.39953,123.11324,126.40359,129.48828,115.98419,0.2022187500000001,0.0,0.0,123.37982888888888,123.37982888888888,0.0,0.13146281236822352,0.15826406044154873,0.9608714063618518,0.02136694647422957,0.9782466786087511,1.0110937500000006,,0.0,,,0.0,0.0,0.11429895353783358,0.5488201293925832,4.202979427937365,1.0
58.6956,122.91522222222223,4.351918309386429,-0.2882985628583063,-1.0975523831832685,13.435539999999989,120.85115,122.22211,125.9923,128.93989,115.50435,0.2022184999999997,0.0,0.0,122.91522222222223,122.91522222222223,0.0,0.12127762759262437,0.1521421989786957,1.2350133490247062,0.02487291163160025,0.98025781175146,1.0110924999999984,,0.0,,,0.0,0.0,0.10742605748387798,0.6572687972793835,4.208203767683568,1.0
58.98448,121.90222555555556,4.5315904625420975,-0.28380508974619506,-0.9784592246310155,14.532320000000013,119.82292,121.19387,124.75843,128.3915,113.85918,0.21421450000000028,0.0,0.0,121.90222555555556,121.90222555555556,0.0,0.11120467663479561,0.14953551680997226,1.8245779339535106,0.016384222221631467,0.9911001851581881,1.0710725000000014,,0.0,,,0.0,0.0,0.11305502729866794,0.7172406266447432,4.384668096676832,1.0
59.27336,121.07202777777778,4.406324597935658,-0.4293419897142487,-0.8503640780047581,14.258129999999994,119.27453,120.64549,124.00439,127.15763,112.8995,0.19707749999999996,0.0,0.0,121.07202777777778,121.07202777777778,0.0,0.10381946139603408,0.14751865009771695,2.3944353081772114,0.03241398236382308,0.9866435948087814,0.9853874999999999,,0.0,,,0.0,0.0,0.11061188782054324,0.6440378501925954,4.287186430021191,1.0
59.56225,120.86638111111112,4.569197082253791,-0.4127302009524904,-0.8285745985999311,14.943610000000007,118.86325,120.98823,123.79875,127.36327,112.41966,0.21250050000000015,0.0,0.0,120.86638111111112,120.86638111111112,0.0,0.10696218269677223,0.1507894176343451,2.5423839765875833,0.02916365639091957,0.9886591031347117,1.0625025000000008,,0.0,,,0.0,0.0,0.12716274561882537,0.6079730612994895,4.459744293555246,1.0
59.85113,120.60741999999999,4.5321758450905465,-0.4539212448348644,-0.818607547454048,14.806510000000003,118.6576,120.85113,123.66165,126.95198,112.14547,0.20735950000000009,0.0,0.0,120.60741999999999,120.60741999999999,0.0,0.10539667080476556,0.14976922470335174,2.7552552451392263,0.03715852577825356,0.9866930444678641,1.0367975000000005,,0.0,,,0.0,0.0,0.13003468416533906,0.5734033023828691,4.430888780812341,1.0
60.14001,120.2418277777778,4.506569020142282,-0.4078194843353568,-0.8997590074614599,14.463769999999997,118.45195,120.0971,123.3189,126.54069,112.07692,0.20221850000000002,0.0,0.0,120.2418277777778,120.2418277777778,0.0,0.10123713925474165,0.14817700384438995,3.011802695433337,0.04419890290642775,0.985537015743384,1.0110925000000002,,0.0,,,0.0,0.0,0.11953366449232336,0.6004302674480143,4.4053299641693355,1.0
60.42889,119.54872444444446,4.5583519900925005,-0.5236579909250126,-0.8639123730323464,14.53231000000001,117.56082,120.0971,122.70196,125.64955,111.11724,0.20221824999999996,0.0,0.0,119.54872444444446,119.54872444444446,0.0,0.10166058199357585,0.1489410917080336,3.6728864858885233,0.06384003901538782,0.9829155174487058,1.0110912499999998,,0.0,,,0.0,0.0,0.14174650503895792,0.5176264396972696,4.469272235150889,1.0
60.71778,119.0765,4.566072201911254,-0.48231329991586225,-0.8024920565639624,14.943610000000007,116.94388,119.61726,122.15357,125.37536,110.43175,0.2107870000000002,0.0,0.0,119.0765,119.0765,0.0,0.09879762300430218,0.14728775586638612,4.153302086053119,0.0557864366914796,0.986746195408174,1.053935000000001,,0.0,,,0.0,0.0,0.14729671970186153,0.5541142350891883,4.4661823460294405,1.0
61.00666,119.36592777777777,4.683987931303308,-0.4576047014843887,-0.9099110245646762,14.875060000000005,116.80679,120.2342,122.49631,125.44391,110.56885,0.2159279999999999,0.0,0.0,119.36592777777777,119.36592777777777,0.0,0.10152217727188591,0.1485078909448699,3.813494330836222,0.03213311938785786,0.991644245340211,1.0796399999999995,,0.0,,,0.0,0.0,0.1666707878997814,0.5604276390874995,4.590895124576636,1.0
61.29554,119.33546333333334,4.753410004601375,-0.3826183423568446,-0.9322364474624272,14.875050000000002,116.80679,120.16565,122.42777,125.37536,110.50031,0.21421424999999986,0.0,0.0,119.33546333333334,119.33546333333334,0.0,0.09973123297002678,0.14856990129339054,3.721551400288906,0.01851118305211373,0.995050568609715,1.0710712499999993,,0.0,,,0.0,0.0,0.16170750422444477,0.6121886776309,4.670863334694233,1.0
61.58443,119.00795333333333,4.6420493296316145,-0.46132775312804586,-0.8224626584433214,14.600859999999997,116.87534,120.09711,121.87937,124.75843,110.15757,0.19707725000000026,0.0,0.0,119.00795333333333,119.00795333333333,0.0,0.09565011461145694,0.14733369920394093,3.9412393667603642,0.02255893729771226,0.9943087574930218,0.9853862500000012,,0.0,,,0.0,0.0,0.15662606859004166,0.5714315499032764,4.594780295719604,1.0
61.87331,119.55634333333334,4.720346427046785,-0.5097173267658687,-0.7579489443266514,15.012150000000005,117.49228,120.78259,122.35922,125.44391,110.43176,0.19364975000000015,0.0,0.0,119.55634333333334,119.55634333333334,0.0,0.09818919126264032,0.14844734673464424,3.42609275422821,0.018601298998227673,0.9946000141637353,0.9682487500000008,,0.0,,,0.0,0.0,0.15339620730918127,0.5724557806328057,4.671332776128602,1.0
62.16219,120.55410555555555,4.586442831471688,-0.47245500298767323,-0.8391765601188901,14.395210000000006,118.24632,122.01647,123.18181,126.26649,111.87128,0.2005042500000002,0.0,0.0,120.55410555555555,120.55410555555555,0.0,0.10835549623751956,0.1544993927158555,2.640150234216961,0.025093973255724565,0.9905847376820384,1.002521250000001,,0.0,,,0.0,0.0,0.16215753128013286,0.4774386928909862,4.529143496301548,1.0
62.45108,122.80859444444442,4.401855126368404,-0.32905661996639274,-0.948560640048405,13.983919999999998,120.37133,124.00438,125.03261,128.87134,114.88742,0.21250025000000008,0.0,0.0,122.80859444444442,122.80859444444442,0.0,0.1332997279343898,0.16446525141498852,1.2163318837752235,0.02058365962157781,0.9833588802163589,1.0625012500000004,,0.0,,,0.0,0.0,0.15082448456005657,0.3848399376353832,4.325907067740443,1.0
62.73996,124.46899111111111,4.317750084475439,-0.16493352292281804,-1.0976179959484456,13.77828000000001,121.8794,125.37535,126.95198,130.85925,117.08097,0.22449624999999998,0.0,0.0,124.46899111111111,124.46899111111111,0.0,0.16675687207839743,0.1679721069086339,0.5709760919447228,0.012520919991692437,0.978541586617566,1.1224812499999999,,0.0,,,0.0,0.0,0.14290611630003439,0.339051298192408,4.215928513241296,1.0
63.02884,126.60923333333332,4.267913012432294,-0.12417068036737197,-1.1599723131100148,13.504090000000005,123.86728,127.50036,129.21407,132.98426,119.48017,0.22106900000000032,0.0,0.0,126.60923333333332,126.60923333333332,0.3333333333333333,0.2968782565371639,0.11549062718479121,0.187565202302857,0.00534996385402803,0.9722677897345611,1.1053450000000016,,0.0,,,0.0,0.0,0.13440414596804656,0.1323540277275951,4.1912471489256085,1.0
63.31773,128.96273555555555,4.065546445595149,-0.03864279294498151,-1.3220137066690913,12.201660000000004,126.12939,129.55682,131.47617,134.97217,122.77051,0.2107867500000001,0.0,0.0,128.96273555555555,128.96273555555555,0.0,0.13731853590056842,0.16687775381496522,0.444595983673962,0.006434805846369161,0.9857331115869364,1.0539337500000006,,0.0,,,0.0,0.0,0.11785641600184767,0.029250958745424254,3.9902624643814253,1.0
63.60661,130.9887277777778,4.104204914176509,-0.017588387866286307,-1.3584095088072758,12.20165999999999,127.9802,131.54473,133.60118,137.02863,124.82697,0.21421424999999986,0.0,0.0,130.9887277777778,130.9887277777778,0.0,0.08822938481568594,0.1438178570623257,1.2576241951054037,0.017777329982040194,0.9860613855864508,1.0710712499999993,,0.0,,,0.0,0.0,0.11575184043620206,0.12724036969111235,4.0284986415381665,1.0
63.89549,133.46409444444447,3.9343695719958656,-0.04824659901275466,-1.3632015361873642,11.516180000000006,130.79069,133.73829,136.27457,138.94799,127.43181,0.19707700000000017,0.0,0.0,133.46409444444447,133.46409444444447,0.0,0.055055254570847915,0.11458814814210982,2.916222215279155,0.04406778597256012,0.9851136928975074,0.9853850000000008,,0.0,,,0.0,0.0,0.10334726693764568,0.30635023928999044,3.8706865839305924,1.0
64.18438,135.6347988888889,3.972666169733266,-0.01761353046731675,-1.3813779993027437,11.310519999999997,132.98425,135.52055,138.46813,141.00444,129.69392,0.19193574999999968,0.0,0.0,135.6347988888889,135.6347988888889,0.0,0.0544666798438674,0.11316824289057725,5.054321040407629,0.09745525159470053,0.981083174779134,0.9596787499999984,,0.0,,,0.0,0.0,0.0919952520601514,0.356908909272007,3.906918740495698,1.0
64.47326,137.75980777777778,4.073887032756521,-0.10070640322862495,-1.2618654976382901,12.133100000000013,135.31492,138.1254,140.45605,143.33509,131.20199,0.19536324999999977,0.0,0.0,137.75980777777778,137.75980777777778,0.0,0.05958934044657103,0.12040002316766381,7.717656735207886,0.18735711176841102,0.9762989520963704,0.9768162499999988,,0.0,,,0.0,0.0,0.0921643820960948,0.3242315304172152,4.0144746584553355,1.0
64.76214,139.63347,4.029039766988878,-0.012141954717163849,-1.2858571149048816,11.99600000000001,137.09717,139.63347,142.10121,145.39155,133.39555,0.19193574999999968,0.0,0.0,139.63347,139.63347,0.0,0.06035845893947571,0.12161965640038475,10.520690653335864,0.2544962113164301,0.9763812716558136,0.9596787499999984,,0.0,,,0.0,0.0,0.07562941578914747,0.3310655681013246,3.9620669315272825,1.0
65.05103,140.88257666666667,4.154189276244721,-0.041068121342694344,-1.304027449221194,12.133079999999978,138.39959,140.5246,143.54073,146.76251,134.62943,0.18508100000000027,0.0,0.0,140.88257666666667,140.88257666666667,0.0,0.0610847119181838,0.1210862263812678,12.719959354330864,0.3173883472344612,0.9756554512008666,0.9254050000000014,,0.0,,,0.0,0.0,0.06931627309265083,0.35718964766010863,4.09135978039186,1.0
65.33991,141.7280088888889,3.9463075723754293,-0.03167214264981626,-1.2847598059549632,11.653260000000017,139.49637,141.34718,144.22624,147.44801,135.79475,0.19193575000000038,0.0,0.0,141.7280088888889,141.7280088888889,0.0,0.05494026740967831,0.11585997682828607,13.944740418020977,0.2576819017195814,0.9818564822241905,0.9596787500000019,,0.0,,,0.0,0.0,0.0581012675840404,0.4073323677517702,3.85115586385516,1.0
65.62879,142.16215,3.791705775379265,-0.011602812357074669,-1.249933354507574,11.37906000000001,140.04475,141.89557,144.43188,147.92785,136.54879,0.19193575000000038,0.0,0.0,142.16215,142.16215,0.0,0.051266437279615266,0.11208966596547902,14.6482686105618,0.22038997836000968,0.9851775479852142,0.9596787500000019,,0.0,,,0.0,0.0,0.05296979563249905,0.45996587646121817,3.6932597531509064,1.0
65.91768,141.68992666666665,4.077344769667307,0.04845293623620694,-1.3375118898693694,12.133100000000013,139.29072,140.93589,144.84317,147.92785,135.79475,0.21250050000000015,0.0,0.0,141.68992666666665,141.68992666666665,0.0,0.053562288274394104,0.1145401800014322,13.694158540531987,0.2384426957387144,0.9828859886396328,1.0625025000000008,,0.0,,,0.0,0.0,0.06543031609605751,0.38069784063592255,3.9151275701599637,1.0
66.20656,141.12630444444443,3.9930873384362924,0.05596304715008903,-1.3515224655621465,11.790369999999996,138.6738,140.52459,143.95204,147.17382,135.38345,0.21250050000000015,0.0,0.0,141.12630444444443,141.12630444444443,0.0,0.05284794927683809,0.11343504291412766,12.708143364239087,0.2168907489120717,0.9832193286987376,1.0625025000000008,,0.0,,,0.0,0.0,0.07293426793961517,0.39142847459976143,3.844359556760208,1.0
66.49544,140.19709222222224,3.985629263192615,-0.01942237461718321,-1.3701558924264425,11.721820000000008,137.7141,139.63347,143.19801,145.80285,134.08103,0.19707725000000026,0.0,0.0,140.19709222222224,140.19709222222224,0.0,0.05547820715046303,0.11698611447581544,11.180283885629915,0.21851787195051192,0.9808297506443362,0.9853862500000012,,0.0,,,0.0,0.0,0.0720675092437682,0.3509855537158149,3.8649223990172765,1.0
66.78433,138.33104333333333,4.079652274016604,-0.07417738955753962,-1.4278031763614702,11.584719999999976,135.72619,137.64555,141.75849,143.60929,132.02457,0.18679499999999932,0.0,0.0,138.33104333333333,138.33104333333333,0.0,0.05716878738921384,0.11777714501245094,8.36924160927132,0.1866766547207872,0.9781815757165141,0.9339749999999967,,0.0,,,0.0,0.0,0.08103214943789074,0.31417378339545254,3.9737968945916027,1.0
67.07321,137.14286555555557,4.104020321906885,-0.15634534984583492,-1.3410690184430232,11.99600000000001,134.83506,136.68587,140.38751,142.58105,130.58505,0.17479875000000006,0.0,0.0,137.14286555555557,137.14286555555557,0.0,0.05961135288139278,0.11921203233860576,6.83133885441462,0.1793453480830997,0.974418281725392,0.8739937500000003,,0.0,,,0.0,0.0,0.07987524761563004,0.2969163718073325,4.028310496302145,1.0
67.36209,135.3301377777778,4.093676437367971,-0.14060774544350677,-1.2916631756558008,12.270199999999988,132.84715,135.3149,138.12541,141.14153,128.87133,0.16794400000000068,0.0,0.0,135.3301377777778,135.3301377777778,0.0,0.06356425810200902,0.12248238179944372,4.801927976482288,0.14483580968718374,0.9707210984706409,0.8397200000000034,,0.0,,,0.0,0.0,0.07799736658038628,0.2690952873985121,4.050076726059421,1.0
67.65098,133.94393333333335,4.0728650699886115,-0.1862266486124371,-1.2516527210651067,12.407299999999992,131.47617,133.87538,136.82299,139.63347,127.22617,0.16280300000000025,0.0,0.0,133.94393333333335,133.94393333333335,0.0,0.06419509222659374,0.12324941494620903,3.393771170647197,0.11216720383051805,0.9680065101132793,0.8140150000000013,,0.0,,,0.0,0.0,0.07995737580987523,0.22065362522240775,4.029908299948688,1.0
67.93986,132.24545,4.034194509382675,-0.1245829134757727,-1.231681597282223,12.407299999999992,129.76246,132.16166,135.10926,138.05685,125.64955,0.16794399999999995,0.0,0.0,132.24545,132.24545,0.0,0.06634204205695911,0.12456568482598035,2.0490661788861884,0.07312901718419784,0.9655408619262907,0.8397199999999998,,0.0,,,0.0,0.0,0.08787937776733337,0.19215462748170511,3.9950711148355498,1.0
68.22874,129.71676888888888,4.169149698806019,-0.08126295810885305,-1.23967268711829,12.81859,126.81487,129.76246,132.36732,135.7262,122.90761,0.1833674999999996,0.0,0.0,129.71676888888888,129.71676888888888,0.0,0.1042317279061713,0.15242516239347892,0.7071711458647902,0.04305315667353096,0.9426129537231392,0.916837499999998,,0.0,,,0.0,0.0,0.0989787916093265,0.03696992669695528,4.118330491084707,1.0
68.51763,127.45466333333333,4.197481573104939,-0.1259955868075055,-1.0966596811507459,13.22987999999998,124.75841,127.50035,130.37941,133.53264,120.30276,0.1747989999999998,0.0,0.0,127.45466333333333,127.45466333333333,0.0,0.19118897893426628,0.1679059773984237,0.15369170783219865,0.018448400155449646,0.8928291584082408,0.873994999999999,,0.0,,,0.0,0.0,0.0962008759162066,0.17114704032336173,4.168473095553557,1.0
68.80651,125.44390444444444,4.145792130116492,-0.15146308208551212,-1.2060171004601552,12.750040000000013,122.29065,125.58099,128.52859,131.27054,118.5205,0.1645167500000003,0.0,0.0,125.44390444444444,125.44390444444444,0.0,0.18280808217067165,0.16028149678912723,0.1865179820350063,0.0026152384883472816,0.9861725053920837,0.8225837500000015,,0.0,,,0.0,0.0,0.09819406531659143,0.3865196374863813,4.126904848563167,1.0
69.09539,122.99139000000001,4.397192463813954,-0.24532157904039048,-1.188159886169955,13.504080000000002,119.48016,123.52453,126.47214,129.00844,115.50436,0.1576620000000002,0.0,0.0,122.99139000000001,122.99139000000001,0.0,0.11234072391386102,0.15206210732434688,0.8642910152240411,0.003071985787013902,0.996458246566802,0.788310000000001,,0.0,,,0.0,0.0,0.10676932578597165,0.4613634463677592,4.392478969080348,1.0
69.38428,121.68135000000001,4.266133455549129,-0.30739341966276396,-1.0961836368664883,13.43553,118.45193,122.83905,124.82697,127.56892,114.13339,0.1559482499999998,0.0,0.0,121.68135000000001,121.68135000000001,0.0,0.10372256229065181,0.15222661315928634,1.5701189917279543,0.013098652181757195,0.9917265624651687,0.7797412499999989,,0.0,,,0.0,0.0,0.12747824356946438,0.3700968630503374,4.262818553095259,1.0
69.67316,120.08188222222222,4.454406076439066,-0.2889272889283504,-1.062527962355559,14.395219999999995,116.73822,121.74229,123.38745,126.67779,112.28257,0.1439519999999998,0.0,0.0,120.08188222222222,120.08188222222222,0.0,0.09382096566952518,0.14982809587132626,2.5540743195713023,0.01599967825518609,0.9937746234668362,0.7197599999999991,,0.0,,,0.0,0.0,0.14639111684741712,0.30450003967290573,4.453467326173932,1.0
69.96204,118.55096444444445,4.608151097715899,-0.3190230502059249,-0.9515011828420366,15.217799999999997,115.16161,120.02856,122.08503,125.44391,110.22611,0.14052450000000008,0.0,0.0,118.55096444444445,118.55096444444445,0.0,0.08361260387991278,0.14222646436995653,3.863783720813218,0.01390730839458046,0.9964135078350832,0.7026225000000004,,0.0,,,0.0,0.0,0.14524227865166225,0.47131483889652764,4.607184196167505,1.0
70.25093,117.65221555555556,4.439519583065795,-0.33057629004837247,-0.9066236406048107,14.8065,114.61322,119.00035,121.12535,124.41568,109.60918,0.12338725000000003,0.0,0.0,117.65221555555556,117.65221555555556,0.0,0.08101670774103667,0.14212528403977137,4.733920895544397,0.0301222418205589,0.9936771685202272,0.6169362500000002,,0.0,,,0.0,0.0,0.15789417990998023,0.3574799818207374,4.429110304668953,1.0
70.53981,116.56305444444446,4.393899565400271,-0.36756503733041884,-0.8582690476469281,14.737939999999995,113.58499,117.83503,119.82291,123.25035,108.51241,0.10625,0.0,0.0,116.56305444444446,116.56305444444446,0.0,0.07605140669519178,0.13837162687115048,5.920245116208348,0.045516024890349,0.9923704580332555,0.53125,,0.0,,,0.0,0.0,0.15817234572404432,0.35728468284273096,4.370352888763552,1.0
70.82869,114.96358777777778,4.562409640122636,-0.44986324152193163,-0.8666286337714095,15.012140000000002,111.93983,116.05276,118.58904,121.46809,106.45595,0.10967725000000002,0.0,0.0,114.96358777777778,114.96358777777778,0.0,0.07312019071518203,0.1357838767280399,7.990597135028164,0.06440082435522489,0.9920048614811374,0.5483862500000001,,0.0,,,0.0,0.0,0.16009984471292402,0.3912266846447677,4.534109581163901,1.0
71.11758,114.20955333333333,4.5782852073699205,-0.4361239404234625,-0.801317149697732,15.354870000000005,110.98015,114.88743,117.62936,120.9197,105.56483,0.10110875000000022,0.0,0.0,114.20955333333333,114.20955333333333,0.0,0.0714422318694956,0.13552388650184782,8.971493822673516,0.07254945795398704,0.9919782053444408,0.5055437500000011,,0.0,,,0.0,0.0,0.16878903353879016,0.35934149875205856,4.5281750955958895,1.0
71.40646,113.31842333333333,4.527026469011789,-0.49310443990802433,-0.7926713682824054,15.012140000000002,110.15757,114.1334,116.80678,119.68583,104.67369,0.09939525000000024,0.0,0.0,113.31842333333333,113.31842333333333,0.0,0.06983075428105075,0.13324651139301394,10.42783953397,0.10080523777950226,0.9904256207646946,0.49697625000000123,,0.0,,,0.0,0.0,0.16182803029280277,0.39316490372065216,4.482796760257775,1.0
71.69534,112.63293555555556,4.520218206422025,-0.5213041211561914,-0.7427285138773101,15.012140000000002,109.67773,113.51646,115.91565,118.93179,103.91965,0.09254050000000014,0.0,0.0,112.63293555555556,112.63293555555556,0.0,0.068742835783485,0.13187232538531427,11.567042506402473,0.11487083825348186,0.9901667787661643,0.4627025000000007,,0.0,,,0.0,0.0,0.16012690173229516,0.40578115071242876,4.47296033645058,1.0
71.98423,111.69610222222224,4.479802126108244,-0.5368956545651687,-0.7573420107713056,14.806489999999997,108.58095,112.69387,114.81887,117.83501,103.02852,0.0908265,0.0,0.0,111.69610222222224,111.69610222222224,0.0,0.06898061185241955,0.13185235270472856,13.244230553209714,0.1534770490344941,0.9885445291321598,0.45413250000000005,,0.0,,,0.0,0.0,0.17240474288073981,0.38246063663997937,4.428126694116871,1.0
72.27311,111.36859222222223,4.46788513706374,-0.5197158628272507,-0.7213567001525254,14.943579999999997,108.44385,112.14549,114.20193,117.69791,102.75433,0.07197600000000008,0.0,0.0,111.36859222222223,111.36859222222223,0.0,0.0673678167083303,0.13087968108690975,13.687432633463715,0.15317719396717042,0.9889327713174545,0.3598800000000004,,0.0,,,0.0,0.0,0.17104981016123777,0.3705676043822678,4.384068979759796,1.0
72.56199,111.1324788888889,4.443837770877392,-0.51545286084861,-0.831800249253837,14.532290000000003,107.96401,111.93984,113.92774,117.28662,102.75433,0.05655225000000001,0.0,0.0,111.1324788888889,111.1324788888889,0.0,0.06583037253834008,0.12951494308661401,14.013874797729791,0.18177326963978352,0.9871951411534122,0.2827612500000001,,0.0,,,0.0,0.0,0.15725989618944972,0.34622845642602423,4.330540199338844,1.0
72.85088,111.04108333333335,4.4034346967768,-0.4623066603876827,-0.8458631976972368,14.532300000000006,107.75837,112.00839,113.92774,117.35517,102.82287,0.05312474999999992,0.0,0.0,111.04108333333335,111.04108333333335,0.0,0.06549275470157784,0.12910268784084575,14.158849919982519,0.1813566255168602,0.9873532766044772,0.2656237499999996,,0.0,,,0.0,0.0,0.16545129720035545,0.3421792101874781,4.285614591698151,1.0
73.13976,109.92907222222222,4.4699863038188825,-0.4559124188051222,-0.8901934459914678,14.600840000000005,106.6616,110.77451,112.69387,116.25839,101.65755,0.06683449999999987,0.0,0.0,109.92907222222222,109.92907222222222,0.0,0.06597800820165073,0.13009146705238842,16.350350380938867,0.2112044259955168,0.9872473068768997,0.3341724999999993,,0.0,,,0.0,0.0,0.17115767352836314,0.3597321272053045,4.370449291692174,1.0
73.42864,110.50792555555556,4.233941412669003,-0.36204057165384557,-0.9662907995239385,13.709710000000001,107.27853,110.84306,112.96807,116.60113,102.89142,0.06340700000000013,0.0,0.0,110.50792555555556,110.50792555555556,0.0,0.0669871692586239,0.13154566603266005,15.230006927226826,0.23482729516031847,0.9848154017119136,0.3170350000000006,,0.0,,,0.0,0.0,0.16100590108960125,0.3118675643973668,4.12121065658041,1.0
73.71753,111.01061555555556,4.224520031309572,-0.3294035932691092,-0.9974391832783098,13.641180000000006,107.62127,111.1858,113.58499,117.14953,103.50835,0.06169350000000016,0.0,0.0,111.01061555555556,111.01061555555556,0.0,0.06601659836796218,0.13101993330693595,14.209719376414943,0.21849654688905623,0.9848563018359995,0.3084675000000008,,0.0,,,0.0,0.0,0.14803523454650408,0.31133641762982617,4.106602371743657,1.0
74.00641,110.93445000000001,4.238326129851001,-0.24388315031633406,-1.0375129041171371,13.572630000000004,107.34708,111.3229,113.17369,117.14953,103.5769,0.046269749999999735,0.0,0.0,110.93445000000001,110.93445000000001,0.0,0.06493164650531044,0.13051085979294721,14.172263963660331,0.2253174613290891,0.984350325601462,0.23134874999999866,,0.0,,,0.0,0.0,0.1410397860445662,0.2604509325184202,4.064723305326209,1.0
74.29529,111.4371411111111,4.225493939485907,-0.21075891287956053,-1.0696288820450335,13.366980000000012,108.23821,112.00839,113.79065,117.56082,104.19384,0.03770124999999993,0.0,0.0,111.4371411111111,111.4371411111111,0.0,0.06666689752125243,0.13283223201398875,13.180842100200671,0.2245970397215301,0.9832458274976617,0.18850624999999965,,0.0,,,0.0,0.0,0.13862750170783542,0.1858408897477597,4.003684728707662,1.0
74.58418,112.15309222222223,4.329421200224183,-0.18080296198491908,-1.1248417792061656,13.641179999999991,108.58095,112.69387,115.09307,118.45195,104.81077,0.03256024999999987,0.0,0.0,112.15309222222223,112.15309222222223,0.0,0.06681932709766658,0.13301739305923743,11.790881327353215,0.19090050114937873,0.984067436381318,0.16280124999999934,,0.0,,,0.0,0.0,0.15008039291033493,0.11683629472597491,4.053024490015935,1.0
74.87306,112.40443555555554,4.37456641928498,-0.15853512546338777,-1.0668871086946181,14.05246000000001,108.71805,112.55677,114.95597,119.00033,104.94787,0.05141124999999995,0.0,0.0,112.40443555555554,112.40443555555554,0.0,0.06604979566115177,0.1324104179388356,11.421846421258579,0.15506180908107886,0.9866059395052154,0.25705624999999976,,0.0,,,0.0,0.0,0.15379675221434388,0.18002699480024326,4.1711100297157175,1.0
75.16194,113.06707222222221,4.215983888051066,-0.08865814878827782,-1.077890956625364,13.504080000000002,109.67773,113.17371,115.29871,119.68582,106.18174,0.04969749999999991,0.0,0.0,113.06707222222221,113.06707222222221,0.0,0.06624694091722268,0.13328009683329348,10.3640725997065,0.1495261305133432,0.9857778355015462,0.24848749999999953,,0.0,,,0.0,0.0,0.14379236876215185,0.17718150211023173,4.028923376192509,1.0
75.45083,113.04422222222222,4.348313953887512,-0.1075011283516214,-1.1547794287319917,13.572630000000004,109.74627,113.31081,115.84711,119.61727,106.04464,0.041128750000000026,0.0,0.0,113.04422222222222,113.04422222222222,0.0,0.06812103671262278,0.13554271163777473,10.288252921825721,0.1587016666872651,0.9848088105063416,0.20564375000000013,,0.0,,,0.0,0.0,0.15331063703103892,0.06702782778353288,4.09686472339315,1.0
75.73971,113.13562,4.391643069396439,-0.07336386135864312,-1.1007508399651573,13.983919999999998,109.67773,113.585,115.91566,120.02856,106.04464,0.02913275000000013,0.0,0.0,113.13562,113.13562,0.0,0.06463382778600349,0.13247093073213856,10.032176562323526,0.129988028756513,0.9872086278774375,0.14566375000000065,,0.0,,,0.0,0.0,0.145347249060137,0.09292667093441366,4.110626171417649,1.0
76.02859,113.34888444444444,4.43435273732283,-0.15377021971054242,-1.1617360393330827,13.983919999999998,109.67773,113.65355,116.60115,119.96001,105.97609,0.042842500000000075,0.0,0.0,113.34888444444444,113.34888444444444,0.0,0.06796378844289602,0.13498535958339794,9.783903055852488,0.1392991645480014,0.9859622769391698,0.21421250000000036,,0.0,,,0.0,0.0,0.15958511622946567,0.05887504656165615,4.168148732824464,1.0
76.31748,113.15085444444443,4.452198343315882,-0.08233705479358545,-1.1962982735658565,13.983899999999991,109.54063,113.51645,116.32695,120.02855,106.04465,0.0428427499999998,0.0,0.0,113.15085444444443,113.15085444444443,0.0,0.06689192763481538,0.1354063766723579,10.000315516530609,0.13940147815940315,0.9862519359927866,0.21421374999999898,,0.0,,,0.0,0.0,0.15600595774652762,0.04225171369807894,4.170872566043124,1.0
76.60636,113.17370666666667,4.4169955247229105,-0.10807673489436953,-1.2247985974927444,13.64116,109.40353,113.44791,116.05276,119.82291,106.18175,0.04969750000000026,0.0,0.0,113.17370666666667,113.17370666666667,0.0,0.06772130174666684,0.13560253047605186,10.04021627620609,0.15381789081577663,0.9849109892713647,0.2484875000000013,,0.0,,,0.0,0.0,0.1536559814049188,0.05935120472410894,4.173795649535838,1.0
76.89524,113.40981888888889,4.457014851892202,-0.0023455921226587257,-1.180982391358564,13.983900000000006,109.47209,113.44791,115.91566,120.50839,106.52449,0.05826600000000006,0.0,0.0,113.40981888888889,113.40981888888889,0.0,0.06607127322761422,0.13484253559903972,9.623494799362911,0.1215367646423794,0.9875283354453109,0.2913300000000003,,0.0,,,0.0,0.0,0.1535938852969594,0.08641764345802827,4.237818006949937,1.0
77.18413,113.4326688888889,4.331870798082109,-0.040247458903574465,-1.1749899219510165,13.572609999999997,109.40353,113.37936,115.77855,120.2342,106.66159,0.059979749999999755,0.0,0.0,113.4326688888889,113.4326688888889,0.0,0.06648343483118592,0.1339962505899444,9.711765688547894,0.13764627244212113,0.9860249248294324,0.29989874999999877,,0.0,,,0.0,0.0,0.1511216574076969,0.1306699903027217,4.147378286509072,1.0
77.47301,114.24763444444446,4.245586768275739,0.0387864497588856,-1.049645782965115,13.64116,110.36321,114.33904,116.46405,121.19388,107.55272,0.03256025000000022,0.0,0.0,114.24763444444446,114.24763444444446,0.0,0.06379169271768378,0.13080163318402685,8.425566166682387,0.10666385493921701,0.9874987131420896,0.16280125000000112,,0.0,,,0.0,0.0,0.14306894931331107,0.09371915953909524,4.0056351345219126,1.0
77.76189,114.24763555555556,4.328400443079049,0.009611266215381968,-1.0038391700698994,14.120999999999995,110.22612,114.33904,116.66969,121.33098,107.20998,0.02913275000000013,0.0,0.0,114.24763555555556,114.24763555555556,0.0,0.06260213104161556,0.12910637921632223,8.395339273722506,0.09133724678660779,0.9892375717791524,0.14566375000000065,,0.0,,,0.0,0.0,0.1470054567166027,0.10356913941358188,4.075723307392204,1.0
78.05078,114.20955222222223,4.371541730248742,0.05883029380554742,-0.9975200477264163,14.258089999999996,110.08902,114.33904,116.60114,121.46807,107.20998,0.025705500000000114,0.0,0.0,114.20955222222223,114.20955222222223,0.0,0.06144443101551474,0.12840441953996296,8.386438195028418,0.08493098252439643,0.9899743499730314,0.12852750000000057,,0.0,,,0.0,0.0,0.14654110355346828,0.08832550573691018,4.097987066483425,1.0
78.33966,114.71224444444445,4.32708800201221,0.02578357374358601,-0.8884538367980443,14.463740000000001,110.84305,114.95597,116.60114,122.01647,107.55273,0.029133250000000287,0.0,0.0,114.71224444444445,114.71224444444445,0.0,0.05915623900005069,0.12573333370670742,7.735213340948557,0.06380535462650748,0.9918187970543153,0.14566625000000144,,0.0,,,0.0,0.0,0.12849335872912335,0.21342043609901226,4.104906036027869,1.0
78.62854,114.82648999999999,4.330867337563895,0.024711759646184602,-0.9092107818829676,14.395200000000003,110.63741,115.02452,116.73823,122.15357,107.75837,0.025705750000000194,0.0,0.0,114.82648999999999,114.82648999999999,0.0,0.0582143011943559,0.12400958257623594,7.567931104923875,0.06551271010349204,0.9914176730987835,0.12852875000000097,,0.0,,,0.0,0.0,0.12949940111369054,0.20541375560727915,4.1108507936795915,1.0
78.91743,115.50435777777778,4.249276749097107,0.06704391895342902,-0.9074063922486224,14.052459999999996,111.32289,115.91565,116.87533,122.77051,108.71805,0.023992000000000145,0.0,0.0,115.50435777777778,115.50435777777778,0.0,0.055992613910675816,0.12179260679661279,6.680134329848627,0.0602067208256969,0.9910677040713273,0.11996000000000073,,0.0,,,0.0,0.0,0.10998357188214637,0.2430606195997688,4.048084130826656,1.0
79.20631,115.90803444444444,4.111068357957875,0.03440490248608747,-0.9563419181063577,13.366969999999995,111.80273,116.46404,117.14953,122.70196,109.33499,0.017137250000000038,0.0,0.0,115.90803444444444,115.90803444444444,0.0,0.05793574248008646,0.12294555263911727,6.262222345899473,0.0824850140199984,0.9869993981692884,0.08568625000000019,,0.0,,,0.0,0.0,0.10126911606363964,0.19612188434191605,3.930045688720102,1.0
79.49519,116.76108555555555,4.161250799779931,0.038020647812278555,-0.8576970596437361,13.84680999999999,112.89951,117.35517,117.97211,123.73019,109.88338,0.0017137500000000473,0.0,0.0,116.76108555555555,116.76108555555555,0.0,0.054629477804571065,0.11813725131397541,5.1946538989411914,0.054897023921231844,0.9895425294797879,0.008568750000000236,,0.0,,,0.0,0.0,0.10243459613499083,0.12441684323416363,3.9297034048498354,1.0
79.78408,117.81978222222223,3.961715652471731,0.04767273146899499,-0.8932552188370728,13.092780000000005,114.06483,118.5205,118.72615,124.55278,111.46,0.005141249999999787,0.0,0.0,117.81978222222223,117.81978222222223,0.0,0.05512217379691981,0.11741364940982495,4.15365521747994,0.06141160997290167,0.9854304539915074,0.02570624999999893,,0.0,,,0.0,0.0,0.0888509704015234,0.13636887766224387,3.7883008272079612,1.0
80.07296,117.91879555555556,3.9479842833980516,0.16387754254060843,-0.8620708871887452,13.024230000000003,113.99629,118.3834,118.86324,124.82697,111.80274,0.003427250000000015,0.0,0.0,117.91879555555556,117.91879555555556,0.0,0.05650339933667161,0.11991269993447033,4.023235008780024,0.053564438288569494,0.9868611544220623,0.017136250000000075,,0.0,,,0.0,0.0,0.09860308732223554,0.07202935210102336,3.7465910426469393,1.0
80.36184,117.69791666666667,4.082976792665427,0.22735224209494037,-0.8645293988732741,13.366980000000012,113.65355,117.90356,118.79469,124.96407,111.59709,0.003427250000000015,0.0,0.0,117.69791666666667,117.69791666666667,0.0,0.05640644642801851,0.118959150720504,4.200293952089183,0.0491972205655721,0.9884227973031228,0.017136250000000075,,0.0,,,0.0,0.0,0.11321431513611005,0.04487043082221097,3.875118111693766,1.0
80.65072,117.79692777777778,4.045482349669067,0.1422297474332164,-0.9383318109996583,13.161339999999996,113.85919,117.97211,119.34307,124.68988,111.52854,-0.006855000000000189,0.0,0.0,117.79692777777778,117.79692777777778,0.0,0.05907527786757531,0.12155143025837634,4.11949191444998,0.06101534065084935,0.9854047996986629,-0.034275000000000944,,0.0,,,0.0,0.0,0.11698498666720883,-0.0848201362981963,3.796163976533181,1.0
80.93961,117.5532,4.131974590851745,0.25275866363551325,-0.8465749329914045,13.572639999999993,113.585,117.69792,118.58904,124.89553,111.32289,-0.00856874999999988,0.0,0.0,117.5532,117.5532,0.0,0.05511789205693111,0.1168551085519649,4.324189824757734,0.05072389789060382,0.988405737528753,-0.0428437499999994,,0.0,,,0.0,0.0,0.11491709056282723,0.028793791599804393,3.900754067669835,1.0
81.22849,117.40086555555555,4.194493940828489,0.1659090989204283,-0.8987913692517213,13.778279999999995,113.585,117.83501,118.86323,124.62133,110.84305,-0.025705999999999916,0.0,0.0,117.40086555555555,117.40086555555555,0.0,0.05443566663414401,0.11622144356748312,4.443564053322319,0.05481259431295701,0.9878150277966269,-0.1285299999999996,,0.0,,,0.0,0.0,0.11160938086582217,-0.04755594374738984,3.9062643158555885,1.0
81.51737,117.27900222222223,4.228887018224317,0.09920364568604288,-0.9732907315861947,13.641179999999991,113.31081,117.835,118.86323,124.27859,110.63741,-0.027419499999999885,0.0,0.0,117.27900222222223,117.27900222222223,0.0,0.056015312081470155,0.11987203554811826,4.538165006181279,0.06045317285627563,0.9868540568924525,-0.13709749999999943,,0.0,,,0.0,0.0,0.10581021889364733,-0.10050633604725805,3.906505585589185,1.0
81.80626,116.74584555555556,4.0724070151259335,0.02826640652296738,-1.0332611094711384,12.955700000000007,113.03661,117.08096,118.52049,123.31891,110.36321,-0.0222782500000001,0.0,0.0,116.74584555555556,116.74584555555556,0.0,0.06019632830795126,0.12546591155419026,5.177692509226338,0.08684412297207846,0.9835039379269807,-0.1113912500000005,,0.0,,,0.0,0.0,0.09995167668981164,-0.05437752876264029,3.7529370464794423,1.0
82.09514,116.57066444444445,3.9977057236984503,-0.08807431841368873,-1.1636440537298762,12.133119999999991,112.96807,117.14951,118.72614,122.42777,110.29465,-0.03427424999999999,0.0,0.0,116.57066444444445,116.57066444444445,0.0,0.06780173947003079,0.13218249618172473,5.444316996349599,0.14156242982899336,0.9746570917261448,-0.17137124999999997,,0.0,,,0.0,0.0,0.09973470362420396,-0.11182799075024781,3.636411019107943,1.0
82.38402,116.18222444444444,4.00544641814981,-0.04250524993798917,-1.2118082974107645,12.064570000000003,112.62533,116.53258,118.65759,122.15358,110.08901,-0.046270000000000165,0.0,0.0,116.18222444444444,116.18222444444444,0.0,0.06676663946436544,0.13160737418712515,5.837403375277038,0.15076524739003172,0.9748228119500808,-0.23135000000000083,,0.0,,,0.0,0.0,0.10178156877010165,-0.13452216433077854,3.572549443141496,1.0
82.67291,115.68715,3.939142675704393,-0.030761358928819434,-1.2744135764702995,11.516170000000002,112.07694,116.05274,118.52049,121.33099,109.81482,-0.039415499999999784,0.0,0.0,115.68715,115.68715,0.0,0.07142191888203397,0.1351014051361503,6.520217843890509,0.19910021113811216,0.9703689854231344,-0.1970774999999989,,0.0,,,0.0,0.0,0.12316608776145126,-0.1574011689654676,3.5026168903876576,1.0
82.96179,114.94834888888889,3.986498579919321,-0.018473876136001988,-1.3204899589722705,11.379069999999999,111.04871,115.09306,117.90356,120.57695,109.19788,-0.039415250000000054,0.0,0.0,114.94834888888889,114.94834888888889,0.0,0.07110832020211522,0.13557475796790516,7.429555988762073,0.23014798899869116,0.9699534094576109,-0.19707625000000029,,0.0,,,0.0,0.0,0.1253522287234302,-0.16224659340039202,3.5127050931707133,1.0
83.25067,114.14100111111111,4.051193018686514,-0.016053070113702512,-1.335874876218755,11.310520000000011,110.43178,114.13338,117.35517,119.68582,108.3753,-0.044556499999999846,0.0,0.0,114.14100111111111,114.14100111111111,0.0,0.07234868132040986,0.13689609556069118,8.53773426547716,0.2680894757622536,0.9695554347058193,-0.22278249999999922,,0.0,,,0.0,0.0,0.1337419935729884,-0.16168248939179589,3.5330769454026663,1.0
83.53956,113.28033444444445,4.259839810504381,0.008479882034344815,-1.4023017117305963,11.790359999999993,109.26645,112.69386,117.01243,119.13743,107.34707,-0.053125,0.0,0.0,113.28033444444445,113.28033444444445,0.0,0.06948350045901967,0.1351454233852043,9.628841383935434,0.2674526722149392,0.972974461874845,-0.265625,,0.0,,,0.0,0.0,0.13868504683571928,-0.17242354133447152,3.6239994614102415,1.0
83.82844,112.27495555555555,4.414681358248762,0.0052635139829287966,-1.3842580486758669,12.270200000000003,107.96403,111.80273,115.98419,118.45195,106.18175,-0.0445565000000002,0.0,0.0,112.27495555555555,112.27495555555555,0.0,0.06707053059556294,0.1336267921540171,11.13996607895042,0.271537371991223,0.9762049432613161,-0.222782500000001,,0.0,,,0.0,0.0,0.1462852553584085,-0.14448713646631456,3.806540810131662,1.0
84.11732,111.21625999999999,4.601790997023758,0.07955357303661872,-1.3731827068019888,12.750020000000006,106.79871,110.63741,114.75032,117.69789,104.94787,-0.05483875000000005,0.0,0.0,111.21625999999999,111.21625999999999,0.0,0.06533600961311158,0.13309547399734387,12.773722941526678,0.2847903031105194,0.9781912153494737,-0.27419375000000024,,0.0,,,0.0,0.0,0.1425014274083425,-0.1602642770524719,3.9037866789288342,1.0
84.40621,111.16294444444445,4.610393210044529,-0.007381343098019677,-1.3930905045011532,12.681480000000008,106.38741,110.9116,114.68177,117.49226,104.81078,-0.049697749999999985,0.0,0.0,111.16294444444445,111.16294444444445,0.0,0.06446194281895631,0.13190790325279514,12.885013353506917,0.29165863597675595,0.9778655311214155,-0.24848874999999992,,0.0,,,0.0,0.0,0.13550734506848272,-0.11989219158288508,3.9606391675113124,1.0
84.69509,111.6961,4.435991540523943,0.010275231002972703,-1.3554452729970958,12.270179999999996,107.14145,111.32289,114.40757,117.90355,105.63337,-0.061693499999999804,0.0,0.0,111.6961,111.6961,0.0,0.06374211783384078,0.13180208099186108,12.00209816181437,0.28981773965895163,0.976422085696026,-0.308467499999999,,0.0,,,0.0,0.0,0.10426181650457052,-0.10865989116625699,3.8068344259788307,1.0
84.98397,111.8027311111111,4.488400095103039,0.05699012814141238,-1.2964018167963727,12.338740000000001,107.20999,111.45999,114.06483,118.2463,105.90756,-0.05997999999999983,0.0,0.0,111.8027311111111,111.8027311111111,0.0,0.06313231280745248,0.13222831288031453,11.76945547761806,0.27790197950857337,0.9769325364010119,-0.29989999999999917,,0.0,,,0.0,0.0,0.10528364616206816,-0.13503783090873656,3.9002329944811382,1.0
85.27286,112.16832555555557,4.487703051374232,-0.013987625003292696,-1.395931912554782,12.270200000000003,107.48419,111.73418,115.02451,118.31485,106.04465,-0.07026225000000004,0.0,0.0,112.16832555555557,112.16832555555557,0.0,0.06379019044352152,0.13190384160540394,11.1520018606656,0.27782917352843606,0.9756926263568693,-0.3513112500000002,,0.0,,,0.0,0.0,0.09540574557380278,-0.13874734592873997,3.8079639588044394,1.0
85.56174,112.59485000000001,4.419133424208365,0.04669381975089079,-1.3905870314603672,12.064539999999994,108.03257,112.00838,115.36726,118.79468,106.73014,-0.0788307500000002,0.0,0.0,112.59485000000001,112.59485000000001,0.0,0.06479773575459159,0.1330232903990223,10.464778893363537,0.27671830775633,0.9742383857042849,-0.39415375000000097,,0.0,,,0.0,0.0,0.09632216150500411,-0.18427331186352652,3.707948089426252,1.0
85.85062,112.51107000000002,4.537108436186106,0.14892330088229544,-1.3901159712439053,12.27019,108.16967,111.45999,115.43581,119.00033,106.73014,-0.09254075000000021,0.0,0.0,112.51107000000002,112.51107000000002,0.0,0.06365691929110365,0.1329025307012891,10.457108222803136,0.2546763618284151,0.9762246561332621,-0.4627037500000011,,0.0,,,0.0,0.0,0.10319705996909843,-0.25240041473220587,3.7149362722961334,1.0
86.13951,113.05184333333334,4.540533984739876,0.13356227268961668,-1.3353897045498124,12.887129999999999,108.44387,112.35113,115.71,119.61727,106.73014,-0.09082700000000017,0.0,0.0,113.05184333333334,113.05184333333334,0.0,0.06180463775937277,0.12985848772094108,9.675035306121174,0.21319324711959725,0.9784396926032247,-0.45413500000000084,,0.0,,,0.0,0.0,0.10139687620612198,-0.21021430420883402,3.7815177809345624,1.0
86.42839,112.90712777777779,4.582502092752817,0.23794835888534221,-1.2226388969595845,13.435519999999997,108.16967,112.14548,115.02451,120.16566,106.73014,-0.08054475000000032,0.0,0.0,112.90712777777779,112.90712777777779,0.0,0.055416087709398675,0.1245035220821422,9.795753608722295,0.16105615961109662,0.9838245217638183,-0.4027237500000016,,0.0,,,0.0,0.0,0.10234359081966692,-0.18008655450577296,3.89757095179419,1.0
86.71727,112.29780777777779,4.542949824639831,0.22680598367620453,-1.183517151532248,13.229879999999994,107.62128,111.93983,114.13339,119.34308,106.1132,-0.07197650000000025,0.0,0.0,112.29780777777779,112.29780777777779,0.0,0.05773383779321493,0.12635159966187753,10.86221997224444,0.20178717379928884,0.9817618362647551,-0.3598825000000012,,0.0,,,0.0,0.0,0.11026498006083692,-0.12756519724007395,3.939452016020552,1.0
87.00616,112.36635444444444,4.516440724297327,0.28099363091034074,-1.1913688411691208,12.887140000000002,107.55273,111.73419,114.20193,119.41163,106.52449,-0.07369000000000021,0.0,0.0,112.36635444444444,112.36635444444444,0.0,0.05884086854877023,0.1283828159204237,10.71766406901741,0.21239417837556773,0.980567882286969,-0.36845000000000105,,0.0,,,0.0,0.0,0.1118922972489758,-0.18275538863256588,3.8776341240276864,1.0
87.29504,112.51106888888889,4.48211903228681,0.3109086038520868,-1.1572476909173588,13.024239999999992,107.96402,111.87129,114.27049,119.75437,106.73013,-0.07369024999999993,0.0,0.0,112.51106888888889,112.51106888888889,0.0,0.057261878704610095,0.1268675733560512,10.487378961614304,0.1880764779348313,0.9823823462054548,-0.3684512499999997,,0.0,,,0.0,0.0,0.10822325815916951,-0.1508832221570988,3.862221132360582,1.0
87.58392,111.99314444444445,4.4565091110671675,0.3363820588650338,-1.0817642798953948,13.298429999999996,107.62127,111.39145,113.51644,119.34308,106.04465,-0.05998049999999999,0.0,0.0,111.99314444444445,111.99314444444445,0.0,0.0571038013201601,0.125675200087268,11.423177978596687,0.18425107793903112,0.9841264523659786,-0.29990249999999996,,0.0,,,0.0,0.0,0.12055539346389313,-0.055642609838775524,3.9081996048561805,1.0
87.87281,111.98552777777779,4.370775547143343,0.38563234057406426,-1.0621155817633985,13.092790000000008,107.75837,111.1858,113.65354,119.41163,106.31884,-0.059980249999999916,0.0,0.0,111.98552777777779,111.98552777777779,0.0,0.05667837979698704,0.12528196045707427,11.447909080501038,0.18242246089692976,0.9843149388866489,-0.29990124999999956,,0.0,,,0.0,0.0,0.11996608763544739,-0.043848536999868896,3.805160679093137,1.0
88.16169,111.88651222222222,4.388271812552126,0.37605563820514765,-1.1334928747810418,12.81859,107.55272,110.98015,113.92773,119.27453,106.45594,-0.06854875000000007,0.0,0.0,111.88651222222222,111.88651222222222,0.0,0.05729888691786421,0.12630974390106703,11.542474684036629,0.19988442649440263,0.9829774898969461,-0.34274375000000035,,0.0,,,0.0,0.0,0.12017578635979036,-0.10757086575924803,3.7475276264702613,1.0
88.45057,112.22925444444445,4.360702856515758,0.3479087396520661,-1.0576298334644962,13.504080000000002,108.03256,111.59709,114.40757,119.82292,106.31884,-0.0668352500000001,0.0,0.0,112.22925444444445,112.22925444444445,0.0,0.05358979077676232,0.12061693174429193,11.037673793639094,0.15022551504942933,0.986572500251998,-0.3341762500000005,,0.0,,,0.0,0.0,0.11746496222793908,0.008585037946595488,3.7698769457108625,1.0
88.73946,112.45013555555555,4.389383331117409,0.3559593594823277,-1.071209005695393,13.504080000000002,108.10112,112.14548,114.54467,120.09711,106.59303,-0.07711749999999995,0.0,0.0,112.45013555555555,112.45013555555555,0.0,0.05231975745100466,0.11870487160919015,10.64540688130976,0.1490684524760757,0.9861903012452933,-0.38558749999999975,,0.0,,,0.0,0.0,0.11440216115227976,-0.012100981621575078,3.7806559478231594,1.0
89.02834,112.45775111111112,4.415828706728269,0.3646042733473425,-1.0969340036144475,13.641180000000006,108.30675,111.59709,114.88742,120.09711,106.45593,-0.08054500000000005,0.0,0.0,112.45775111111112,112.45775111111112,0.0,0.05296297916198349,0.11963553526794789,10.606564098526125,0.1395415304821878,0.9870146883533132,-0.4027250000000002,,0.0,,,0.0,0.0,0.11867927481878834,-0.04721490931396721,3.7397875095323454,1.0
89.31722,112.34350444444445,4.583760596856186,0.3713380406912238,-1.1146660081617799,14.189570000000003,108.23821,111.25435,115.02451,120.30276,106.11319,-0.09254125000000002,0.0,0.0,112.34350444444445,112.34350444444445,0.0,0.04957687847328021,0.11569514427177016,10.645232229906409,0.1185557447586953,0.9889856856028157,-0.4627062500000001,,0.0,,,0.0,0.0,0.118662359714392,-0.07710414764844946,3.8196914776984676,1.0
89.60611,112.03122777777779,4.607452461952334,0.3950192435613972,-1.1541193543875514,14.052459999999996,107.82692,110.98015,114.88741,120.02856,105.9761,-0.1011099999999999,0.0,0.0,112.03122777777779,112.03122777777779,0.0,0.05037702809674698,0.1165702837327023,11.121082597442058,0.13222187549751596,0.9882503956136359,-0.5055499999999995,,0.0,,,0.0,0.0,0.12451052279889957,-0.10480662744133576,3.7924115085159156,1.0
89.89499,111.41429111111113,4.631863756229942,0.45511167209007586,-1.1422593810392965,13.915360000000007,107.20998,109.74628,114.06483,119.54872,105.63336,-0.1011095000000001,0.0,0.0,111.41429111111113,111.41429111111113,0.0,0.04997253945628432,0.11764050623678322,12.063730992631903,0.14400922735170413,0.9882034492170151,-0.5055475000000005,,0.0,,,0.0,0.0,0.1175090579644934,-0.10024755576616787,3.76415891980322,1.0
90.18387,110.88875444444443,4.617639994841308,0.48053700396887206,-1.0839017629737204,13.983909999999995,106.79869,109.06079,113.37935,119.20598,105.22207,-0.0993957499999997,0.0,0.0,110.88875444444443,110.88875444444443,0.0,0.04806450695660918,0.11571515970121202,12.943539768031162,0.14671675152813296,0.9887919116475838,-0.49697874999999847,,0.0,,,0.0,0.0,0.10906454683296801,-0.022107076403463485,3.7572233382524587,1.0
90.47276,110.53839333333332,4.745458411981338,0.539804585989329,-1.136410414479882,13.64116,105.90755,108.16966,113.37935,119.13743,105.49627,-0.11139200000000002,0.0,0.0,110.53839333333332,110.53839333333332,0.0,0.04908401010978645,0.11872406570317603,13.368754696640021,0.16342512299658443,0.9879232226238799,-0.5569600000000001,,0.0,,,0.0,0.0,0.1160265307334838,-0.15839047762070335,3.7335062395344636,1.0
90.76164,110.76689,4.7830820463123525,0.4875422560348957,-1.2617019549304305,13.435519999999997,106.18175,108.44385,114.06483,119.13743,105.70191,-0.11996024999999974,0.0,0.0,110.76689,110.76689,0.0,0.052162497464382965,0.12248667595446423,12.929354696818612,0.18800707219399676,0.985667310576377,-0.5998012499999987,,0.0,,,0.0,0.0,0.12409808917203037,-0.2787131109046007,3.6843468658839504,1.0
91.05052,111.04870111111111,4.96860431178156,0.47917509334724734,-1.2576607111855767,14.121009999999998,106.66159,108.6495,114.33903,119.75437,105.63336,-0.1319565000000001,0.0,0.0,111.04870111111111,111.04870111111111,0.0,0.04906476832445728,0.1198748260448332,12.29635486469163,0.14726327045346105,0.9881655585254295,-0.6597825000000004,,0.0,,,0.0,0.0,0.11588415695278187,-0.3373969417199352,3.8250657055042474,1.0
91.33941,110.65264111111111,5.065361977556641,0.4285691571253409,-1.3160035897316176,14.258099999999999,106.04465,108.44385,113.92773,119.34308,105.08498,-0.14395249999999998,0.0,0.0,110.65264111111111,110.65264111111111,0.0,0.04721117470154647,0.11742363103828735,12.916759594744352,0.14784789136175033,0.9886833269489457,-0.7197624999999999,,0.0,,,0.0,0.0,0.10453353861950797,-0.2945886008785932,3.8797071521427307,1.0
91.62829,110.56885888888888,5.004827131858566,0.3487830397420111,-1.4202475380955586,13.915350000000004,105.63336,108.99224,114.06483,118.72614,104.81079,-0.150807,0.0,0.0,110.56885888888888,110.56885888888888,0.0,0.05012696137561507,0.11879358610900817,13.184963518353289,0.18708919198219948,0.9860089399785124,-0.754035,,0.0,,,0.0,0.0,0.10963802188783109,-0.2546826377993784,3.80790061245117,1.0
91.91717,110.51554444444444,4.99728760846902,0.30574310177530734,-1.4700093816578716,13.43553,105.35917,109.26643,113.79063,118.5205,105.08497,-0.1662305,0.0,0.0,110.51554444444444,110.51554444444444,0.0,0.050480269305393864,0.11983815039318643,13.210004152356522,0.22376577304427697,0.9833430396392667,-0.8311525,,0.0,,,0.0,0.0,0.08821306663391937,-0.2758404041678451,3.738901788557216,1.0
92.20606,111.30766444444446,5.101921842685276,0.294351469126135,-1.5339930328368145,13.298429999999996,106.04467,109.95192,115.02451,119.20599,105.90756,-0.1747989999999998,0.0,0.0,111.30766444444446,111.30766444444446,0.0,0.052996604356345935,0.12317874362926078,11.780523667896905,0.22112614553252163,0.9815753542997692,-0.873994999999999,,0.0,,,0.0,0.0,0.099131140682577,-0.3958828537993466,3.735562200224015,1.0
92.49494,111.38383000000002,5.163631769496693,0.3419264494454712,-1.524061975185721,13.435519999999997,106.25031,109.54063,115.09306,119.41163,105.97611,-0.1782264999999999,0.0,0.0,111.38383000000002,111.38383000000002,0.0,0.05289496571044634,0.12385863831594805,11.592872922044863,0.21144991590730997,0.982087077852049,-0.8911324999999994,,0.0,,,0.0,0.0,0.10244783396292549,-0.44545011057066447,3.717183364202261,1.0
92.78382,111.47523000000001,5.2226789848527195,0.34330426234003997,-1.4988542546899037,13.709720000000004,106.66161,109.81483,115.02451,119.54873,105.83901,-0.1816537499999999,0.0,0.0,111.47523000000001,111.47523000000001,0.0,0.05416840877672001,0.12632152918843456,11.383269527215157,0.22797544932739766,0.9803659771294122,-0.9082687499999995,,0.0,,,0.0,0.0,0.10438833803576562,-0.5127308493534569,3.7679039066081015,1.0
93.07271,111.68087444444444,5.2734155582930216,0.34984085645742147,-1.536424310829817,13.70971999999999,106.86725,109.67773,115.43581,119.75437,106.04465,-0.19193599999999975,0.0,0.0,111.68087444444444,111.68087444444444,0.0,0.05484441522090848,0.12736180348755724,11.01917100751368,0.2204429626795218,0.9803869631677598,-0.9596799999999988,,0.0,,,0.0,0.0,0.10319670503127057,-0.524993102898696,3.7172775732725527,1.0
93.36159,111.8027388888889,5.417117149697171,0.32129391765018434,-1.5651009511768275,14.18956,107.20999,109.67773,116.05274,120.02857,105.83901,-0.19364949999999972,0.0,0.0,111.8027388888889,111.8027388888889,0.0,0.05460872123687311,0.12778972883541984,10.703778471435943,0.22074959260413118,0.9797932147358617,-0.9682474999999986,,0.0,,,0.0,0.0,0.1109444337480423,-0.5542384047810297,3.7721724905110348,1.0
93.65047,112.33589444444445,5.422104516413676,0.36238920578544026,-1.5523074595032325,14.258110000000002,107.62129,109.74628,116.39549,120.7826,106.52449,-0.19707675000000008,0.0,0.0,112.33589444444445,112.33589444444445,0.0,0.05207104761869531,0.12538961658482198,9.842340072081942,0.17455027891331582,0.9825744045412027,-0.9853837500000004,,0.0,,,0.0,0.0,0.09962123346354705,-0.553847823738056,3.7456623001397764,1.0
93.93936,113.17371,5.6144741042653905,0.36953834763406546,-1.5731919699123953,14.875050000000002,108.58096,109.88338,117.62936,121.94793,107.07288,-0.20050424999999983,0.0,0.0,113.17371,113.17371,0.0,0.05239243481933911,0.12356431207616657,8.482554278085649,0.13680948523058672,0.9841276584808666,-1.0025212499999991,,0.0,,,0.0,0.0,0.10142732147105693,-0.4653005616112241,3.803558948090568,1.0
94.22824,114.03437666666666,5.572952045787262,0.3495646502591405,-1.5933482147708062,14.532309999999995,109.12935,111.25435,118.65759,122.56487,108.03256,-0.2039317499999999,0.0,0.0,114.03437666666666,114.03437666666666,0.0,0.05566188808583514,0.12468773335273413,7.391174476013808,0.13137216024369347,0.9825362119114351,-1.0196587499999996,,0.0,,,0.0,0.0,0.10824658233023705,-0.3940743332120941,3.7870729594520793,1.0
94.51712,115.39011666666664,5.592393093956587,0.30928216227022864,-1.599138517631707,14.532309999999995,110.02048,113.24227,120.30276,123.86729,109.33498,-0.21078674999999975,0.0,0.0,115.39011666666664,115.39011666666664,0.0,0.060538777584579276,0.1256220747825887,5.743816090225772,0.12623864855925718,0.9784944682333175,-1.0539337499999988,,0.0,,,0.0,0.0,0.11451603366037093,-0.26306203993703814,3.799759124519653,1.0
94.80601,116.27363111111111,5.62319046768221,0.29470352962918966,-1.5848764433991074,14.463759999999994,110.77451,114.61324,120.85115,124.68987,110.22611,-0.2159279999999999,0.0,0.0,116.27363111111111,116.27363111111111,0.0,0.06454082218317123,0.1283777695952121,4.7929034927973655,0.11565490325242442,0.9764381119631494,-1.0796399999999995,,0.0,,,0.0,0.0,0.10647338860748358,-0.1562252916036548,3.8916229769265938,1.0
95.09489,116.86771777777777,5.623622526193072,0.3273450778678686,-1.5829792933905238,14.258099999999999,111.39144,114.75033,121.12534,125.30681,111.04871,-0.22449650000000004,0.0,0.0,116.86771777777777,116.86771777777777,0.0,0.06550913837377723,0.1286846450326322,4.199368562273583,0.09100764516866199,0.9787879568442797,-1.1224825000000003,,0.0,,,0.0,0.0,0.09253107296227917,0.03242474902728717,3.8106546083010655,1.0
95.38377,117.46180444444445,5.6142994798522405,0.3127251482283727,-1.6525397335846672,13.915350000000004,112.21402,114.88743,122.29067,125.581,111.66565,-0.22621000000000002,0.0,0.0,117.46180444444445,117.46180444444445,0.0,0.07034798033424104,0.1293415528481507,3.7075849989067757,0.08806475521232268,0.976798503282756,-1.13105,,0.0,,,0.0,0.0,0.09730755283462861,0.16354535622558034,3.6676305331656742,1.0
95.67266,118.42148222222221,5.697014535194491,0.33464197525122014,-1.6151382984725027,14.669390000000007,113.10515,115.43581,122.97615,127.02052,112.35113,-0.24334725000000007,0.0,0.0,118.42148222222221,118.42148222222221,0.0,0.07375911419675657,0.12995306850936403,2.879248950839383,0.06341898720721033,0.9784484730726519,-1.2167362500000003,,0.0,,,0.0,0.0,0.08167354781502634,0.4515166446992535,3.628127871387063,1.0
95.96154,119.47256222222222,5.780292653296252,0.36644036810658726,-1.5727576631860163,15.354880000000009,114.40759,115.9842,123.59309,128.39149,113.03661,-0.25877100000000014,0.0,0.0,119.47256222222222,119.47256222222222,0.0,0.08176705662599887,0.13375806208793753,2.1663106543497443,0.04518482186812561,0.9795682051118829,-1.2938550000000006,,0.0,,,0.0,0.0,0.06988470895913994,0.6830015357827263,3.64066939746455,1.0
96.25042,120.71405333333334,5.952552934985124,0.35951056037241996,-1.5820844670423098,16.040360000000007,115.71001,116.87533,125.16971,129.89956,113.8592,-0.27076674999999994,0.0,0.0,120.71405333333334,120.71405333333334,0.0,0.0955758525402795,0.13528738612227803,1.5508616162418294,0.03058974938518967,0.9806571671136235,-1.3538337499999997,,0.0,,,0.0,0.0,0.07049957553987352,0.837308483554709,3.6915368414944676,1.0
96.53931,121.58233555555555,6.010771032738018,0.3833217399358418,-1.5239743665094323,16.520200000000003,116.60113,117.90356,125.78665,131.13343,114.61323,-0.27933549999999985,0.0,0.0,121.58233555555555,121.58233555555555,0.0,0.1121404487340105,0.14305479183222689,1.1945369987108627,0.034555159849648055,0.9718856232983318,-1.3966774999999991,,0.0,,,0.0,0.0,0.061898340578964935,0.8855322182852108,3.8064279140494772,1.0
96.82819,123.41029777777777,5.961406923171704,0.3336454484040797,-1.584761083231456,16.383100000000013,118.45196,119.68582,127.84311,132.6415,116.2584,-0.28961775,0.0,0.0,123.41029777777777,123.41029777777777,0.1111111111111111,0.15530959031040925,0.14718909371655167,0.8216709366895224,0.0424913996583858,0.9508293778075954,-1.4480887500000001,,0.0,,,0.0,0.0,0.04463190874507898,0.9148205724930081,3.6569501204341353,1.0
97.11707,123.41791333333332,6.11165094749183,0.32763574157331277,-1.6090432575907432,16.657300000000006,118.38341,119.27453,128.18585,132.7786,116.1213,-0.30161374999999957,0.0,0.0,123.41791333333332,123.41791333333332,0.1111111111111111,0.15894087109006733,0.14682653417878003,0.8699738634617529,0.046042418538242896,0.9497362442808449,-1.5080687499999978,,0.0,,,0.0,0.0,0.04194680879960062,0.9148679208572658,3.6923173630414845,1.0
97.40596,122.86952555555555,6.096341239403102,0.3426529549250579,-1.6487290624440318,15.971820000000008,117.76647,118.52049,127.43182,132.02457,116.05275,-0.2844764999999999,0.0,0.0,122.86952555555555,122.86952555555555,0.0,0.1387812240567507,0.1435045770198381,0.9417371514043485,0.03118126770269462,0.9679507888974821,-1.4223824999999994,,0.0,,,0.0,0.0,0.05291739815699928,0.9108301369956839,3.7019178176345675,1.0
97.69484,122.83905999999999,6.13389702548062,0.3481209833970782,-1.6144570004711456,16.3831,117.83501,118.38339,127.36327,132.09311,115.71001,-0.2913315000000001,0.0,0.0,122.83905999999999,122.83905999999999,0.0,0.1398596151477058,0.14459787884347042,0.969778988908915,0.0315385750663785,0.9685029242491076,-1.4566575000000004,,0.0,,,0.0,0.0,0.05986349537613317,0.9091098902614174,3.7057933156684006,1.0
97.98372,122.61817888888888,6.165463657544239,0.33899869415365597,-1.6007124295776585,16.588760000000008,117.56082,118.45194,127.29472,131.88747,115.29871,-0.29990025,0.0,0.0,122.61817888888888,122.61817888888888,0.0,0.13917410223841375,0.14836172830796748,1.0000479145955776,0.03931020339753476,0.9621783841264873,-1.4995012499999998,,0.0,,,0.0,0.0,0.060319838151266514,0.8957936255826836,3.7034723735027426,1.0
98.27261,122.23735555555557,6.13634700106416,0.3481986776700016,-1.5469158582387654,16.794399999999982,117.14952,118.38339,126.81488,131.54473,114.75033,-0.3016137499999999,0.0,0.0,122.23735555555557,122.23735555555557,0.0,0.13279258411308406,0.15066276877371057,1.0630346967528241,0.04542233759437001,0.9590220132284848,-1.5080687499999996,,0.0,,,0.0,0.0,0.07039913875443905,0.8670746367100639,3.736896708668845,1.0
98.56149,121.48332000000002,6.1796715341764825,0.3662914881049188,-1.5352062365997694,16.862949999999998,116.32694,117.49226,126.26649,130.99634,114.13339,-0.30332749999999997,0.0,0.0,121.48332000000002,121.48332000000002,0.0,0.11939483072503049,0.15040218832876154,1.258950055184285,0.042583559927570555,0.9672820129039548,-1.5166374999999999,,0.0,,,0.0,0.0,0.0704762306940925,0.8545384828444924,3.7619346903195243,1.0
98.85037,121.33098777777776,6.285243987302985,0.38336967529346316,-1.558876436479938,16.862959999999987,116.12129,117.01242,126.47214,130.92779,114.06483,-0.3101827499999999,0.0,0.0,121.33098777777776,121.33098777777776,0.0,0.12030197522409233,0.1511914762370439,1.3227904295880137,0.04367660897868121,0.9680368367163119,-1.5509137499999994,,0.0,,,0.0,0.0,0.07551032945884056,0.8440502782412898,3.839210369902667,1.0
99.13926,120.87399777777779,6.41123918060529,0.37889456887846634,-1.6047530573313773,16.862950000000012,115.64145,116.18984,126.26649,130.65359,113.79064,-0.3118962500000002,0.0,0.0,120.87399777777779,120.87399777777779,0.0,0.11187338846389484,0.1472104779866592,1.5017244879203653,0.032666869928692596,0.9787102098434934,-1.559481250000001,,0.0,,,0.0,0.0,0.06473412177633334,0.8776024420294082,3.8808108274409867,1.0
99.42814,120.35607555555553,6.544371366914577,0.3845114041648415,-1.5760414893759058,17.54844,114.88743,115.8471,125.78665,130.58505,113.03661,-0.31875099999999995,0.0,0.0,120.35607555555553,120.35607555555553,0.0,0.10590100552668862,0.14501392733747231,1.7049977637992177,0.04001877942113685,0.9770668194096369,-1.5937549999999998,,0.0,,,0.0,0.0,0.061785205472498265,0.8745869148461324,4.045032293083871,1.0
99.71702,120.08187999999998,6.641068519263711,0.37878626753676914,-1.580451713465749,17.822639999999993,114.61322,115.64145,125.71811,130.44795,112.62531,-0.32731999999999994,0.0,0.0,120.08187999999998,120.08187999999998,0.0,0.10465117990822005,0.1456287080758817,1.826684104823129,0.04399928321285057,0.9764795669903857,-1.6365999999999996,,0.0,,,0.0,0.0,0.061760362696755326,0.867663864752007,4.096410771589808,1.0
100.00591,119.28976444444444,6.714793369719184,0.33428908923458656,-1.6535809725210426,17.616990000000015,113.72209,114.88742,124.89552,129.41972,111.80273,-0.3273197500000002,0.0,0.0,119.28976444444444,119.28976444444444,0.0,0.09201899773885437,0.13774597907542482,2.280498947428689,0.03181289335553262,0.9862419536616793,-1.636598750000001,,0.0,,,0.0,0.0,0.04822041107568983,0.8880568651163009,4.098890180541925,1.0
100.29479,118.42910111111112,6.803637225459213,0.3393314055484646,-1.6583467310780768,17.616980000000012,112.28258,113.92774,124.00439,128.80278,111.1858,-0.32046475,0.0,0.0,118.42910111111112,118.42910111111112,0.0,0.0787711179943469,0.13008731252471475,2.7866076807714344,0.020402517405673552,0.9927315841181495,-1.60232375,,0.0,,,0.0,0.0,0.04630204871252396,0.9012704367946474,4.164033136848649,1.0
100.58367,117.86547666666667,6.937165295791452,0.34019342613902637,-1.6772121977910928,17.82262999999999,111.80274,113.03661,123.66164,128.46004,110.63741,-0.3256057500000001,0.0,0.0,117.86547666666667,117.86547666666667,0.0,0.07366665190978718,0.1261813876389761,3.1619410183446197,0.01590104874998527,0.9949962746688595,-1.6280287500000004,,0.0,,,0.0,0.0,0.04032831794090253,0.9187018281698571,4.19883572951201,1.0
100.87256,116.52497,7.026550874186661,0.3320575555102418,-1.708434747768681,17.822640000000007,110.56887,111.32289,122.63341,127.08907,109.26643,-0.33417449999999993,0.0,0.0,116.52497,116.52497,0.0,0.06392980999894177,0.12046213261092815,4.240677526990705,0.014279969030703098,0.9966439220265491,-1.6708724999999998,,0.0,,,0.0,0.0,0.03577350012030198,0.8989825311938067,4.162683435776938,1.0
101.16144,115.16161444444444,7.171474353641363,0.3426803388355005,-1.6825260187788973,18.37102,108.99225,109.95192,121.46808,125.99229,107.62127,-0.3461702500000001,0.0,0.0,115.16161444444444,115.16161444444444,0.0,0.058087251943549904,0.11917591994822664,5.499127616048327,0.026395591220193068,0.9952229697841115,-1.7308512500000006,,0.0,,,0.0,0.0,0.04383872689426599,0.8243190043242405,4.254872496554291,1.0
101.45032,115.40534222222222,7.230719031580591,0.32911630278817616,-1.6886057838907567,18.439570000000003,109.54063,110.22611,121.60518,126.19794,107.75837,-0.3461702500000001,0.0,0.0,115.40534222222222,115.40534222222222,0.0,0.058955772938550095,0.11883191692496203,5.2540467345945645,0.024380720785320262,0.9953810635665725,-1.7308512500000006,,0.0,,,0.0,0.0,0.050061134661754325,0.8345625956801219,4.258493054104946,1.0
101.7392,115.90041666666667,7.465522600754604,0.3027908945003682,-1.703823726886227,19.39925000000001,110.15757,110.29468,122.63341,126.81488,107.41563,-0.38044450000000013,0.0,0.0,115.90041666666667,115.90041666666667,0.0,0.06911505031396936,0.12673542457596024,4.796280718780505,0.02529865425050671,0.9947530358016116,-1.9022225000000006,,0.0,,,0.0,0.0,0.044783184651026015,0.8781891088587308,4.2056924388661745,1.0
102.02809,116.50973444444445,7.571164663646336,0.28415141579410125,-1.7085493447416842,19.810550000000006,110.50031,111.39145,123.52454,127.50037,107.68982,-0.3958680000000001,0.0,0.0,116.50973444444445,116.50973444444445,0.0,0.07706749580970651,0.13163534646383687,4.26360057062949,0.024271060649333064,0.9943396018267626,-1.9793400000000005,,0.0,,,0.0,0.0,0.03976132809641836,0.908564846815622,4.116941320423075,1.0
102.31697,117.38563222222221,7.734226340283069,0.25173686908735426,-1.7518991591879216,20.08474000000001,110.63741,112.07693,124.27857,128.2544,108.16966,-0.40272275000000024,0.0,0.0,117.38563222222221,117.38563222222221,0.0,0.08397890123645907,0.1301368724722259,3.685243320117418,0.014761681275119258,0.9960103617781152,-2.013613750000001,,0.0,,,0.0,0.0,0.037380408219846215,0.9360892842891113,4.038875642268945,1.0
102.60585,118.16251555555556,7.884363371809789,0.24338499302458608,-1.7587807530267072,20.358929999999987,111.25434,112.69386,125.37535,129.07698,108.71805,-0.4164324999999998,0.0,0.0,118.16251555555556,118.16251555555556,0.0,0.09472511395891513,0.13539151113255363,3.201909463122011,0.014429649574223628,0.9955136417000262,-2.082162499999999,,0.0,,,0.0,0.0,0.035291530755326,0.9464788605119503,4.0755839439276444,1.0
102.89474,119.17551111111112,8.056205025554245,0.2165836688400461,-1.774024245558497,20.97586000000001,112.76241,113.44789,126.40357,130.17375,109.19789,-0.430142,0.0,0.0,119.17551111111112,119.17551111111112,0.0,0.10712546709250516,0.13588481216502235,2.740963535475317,0.019298273259119387,0.9930085351696155,-2.15071,,0.0,,,0.0,0.0,0.032027678616317626,0.9517678450616441,4.0745229403265055,1.0
103.18362,119.34307555555557,8.315782362824867,0.20783940267595719,-1.7704368144941596,21.798450000000003,112.62531,113.58501,126.95197,130.72214,108.92369,-0.44213825,0.0,0.0,119.34307555555557,119.34307555555557,0.0,0.11016374341079894,0.13493359070383495,2.7319759605894003,0.024079665533379025,0.9912629972326137,-2.21069125,,0.0,,,0.0,0.0,0.040648820053827237,0.9503354593716083,4.164842211098632,1.0
103.4725,119.62488444444443,8.537557595671167,0.17786262560922664,-1.762169413390578,22.483929999999987,112.69385,114.33904,127.63745,131.20198,108.71805,-0.45927524999999997,0.0,0.0,119.62488444444443,119.62488444444443,0.0,0.11511330570684004,0.13440731612643084,2.7300998998284296,0.020341592939798182,0.9926042444121996,-2.29637625,,0.0,,,0.0,0.0,0.04138709721150995,0.9567206380247579,4.09269410209346,1.0
103.76139,119.80768333333332,8.685209878583498,0.17738809366974242,-1.7786323997751705,22.55247999999999,112.55676,114.33904,128.25439,131.33908,108.7866,-0.46270249999999996,0.0,0.0,119.80768333333332,119.80768333333332,0.0,0.11751500311329005,0.13383478266491247,2.734055960736719,0.019223879838858857,0.9930178256293258,-2.3135125,,0.0,,,0.0,0.0,0.05206518513607124,0.9516689645464977,4.14684292174304,1.0
104.05027,120.15804111111113,8.843646942133024,0.16115106946817317,-1.7614089053943962,23.10087,112.76241,114.61323,128.73423,131.75037,108.6495,-0.4764122499999999,0.0,0.0,120.15804111111113,120.15804111111113,0.0,0.1244935090071479,0.13550286378781354,2.7117584357585063,0.022366297047289378,0.991819576891242,-2.3820612499999996,,0.0,,,0.0,0.0,0.05511633094636434,0.949911560528224,4.179828811408881,1.0
104.33915,120.8435288888889,8.978930107864798,0.15348043081253038,-1.74326349085388,23.649259999999998,113.58499,115.71001,129.21407,132.71005,109.06079,-0.4884084999999999,0.0,0.0,120.8435288888889,120.8435288888889,0.1111111111111111,0.13642658322591447,0.13725673021857385,2.588909200447718,0.03440844793446951,0.9868836135591975,-2.4420424999999994,,0.0,,,0.0,0.0,0.046212026032036585,0.9513499435942913,4.201780324058512,1.0
104.62804,121.41476999999999,9.1840187480657,0.12385238882563547,-1.7313825263646807,24.197649999999996,114.54467,116.53259,130.10521,133.1899,108.99225,-0.5106865000000003,0.0,0.0,121.41476999999999,121.41476999999999,0.1111111111111111,0.14830154017658115,0.13724427812085524,2.642148546283573,0.047034497265243995,0.9825097449292908,-2.5534325000000013,,0.0,,,0.0,0.0,0.046286936466307535,0.9484830856599042,4.175452147411615,1.0
104.91692,122.22973555555556,9.292342043856578,0.10614394481556842,-1.7111440874776658,24.540389999999988,115.5729,117.08098,130.85925,133.94393,109.40354,-0.5261099999999995,0.0,0.0,122.22973555555556,122.22973555555556,0.1111111111111111,0.16492311035163187,0.13693367861721736,2.6861019829456465,0.05745786945272881,0.9790571838626353,-2.6305499999999977,,0.0,,,0.0,0.0,0.046433222923421814,0.9453405282609827,4.170554998989149,1.0
105.2058,123.52454333333334,9.494249050031405,0.07570621369536022,-1.6813589941526306,25.431520000000006,116.66968,118.58905,132.43587,135.38345,109.95193,-0.5483885000000001,0.0,0.0,123.52454333333334,123.52454333333334,0.1111111111111111,0.19238940896401127,0.13063229726044429,2.9261872946822822,0.0792225657018804,0.9736400126839545,-2.7419425000000004,,0.0,,,0.0,0.0,0.0443434469503428,0.9453111867975851,4.172900863617249,1.0
105.49469,124.62893666666666,9.721957112542261,0.05853341091368384,-1.6604055848781782,26.32266,117.42371,119.48018,133.94393,136.82297,110.50031,-0.5620985000000001,0.0,0.0,124.62893666666666,124.62893666666666,0.1111111111111111,0.20610904120293563,0.12459487976416107,3.365283584208203,0.111870365084637,0.9678270312983493,-2.8104925000000005,,0.0,,,0.0,0.0,0.045235703808410854,0.9349450468687088,4.268983696455078,1.0
105.78357,125.65716666666668,9.930189420743414,0.03621022578108404,-1.645462579544488,27.07669,118.58904,120.30276,135.31491,138.05684,110.98015,-0.5826629999999998,0.0,0.0,125.65716666666668,125.65716666666668,0.1111111111111111,0.18803411298910835,0.1334956273369201,3.94406142079999,0.1548660456256966,0.9622179101751798,-2.913314999999999,,0.0,,,0.0,0.0,0.03588193814500034,0.9251840691893136,4.302125591902966,1.0
106.07245,126.33503666666667,10.045691417466275,0.022143821373896394,-1.611855042393101,27.967820000000003,119.06888,121.33099,135.79475,139.22217,111.25435,-0.5946589999999997,0.0,0.0,126.33503666666667,126.33503666666667,0.1111111111111111,0.17924388362780863,0.1382798697261778,4.3767158929736745,0.19804514966104877,0.956709181548276,-2.9732949999999985,,0.0,,,0.0,0.0,0.029700637388697246,0.9144442014279063,4.366185288243493,1.0
106.36134,126.00752333333334,10.358417263838032,0.018361031218822217,-1.6310828143525071,28.44766,118.38339,120.3713,136.34314,138.81087,110.36321,-0.6186510000000002,0.0,0.0,126.00752333333334,126.00752333333334,0.1111111111111111,0.18448046115612562,0.13698638728607895,4.511457505485227,0.20380400894932704,0.9567777930405107,-3.093255000000001,,0.0,,,0.0,0.0,0.03167308812122793,0.9164086865526363,4.437208031458502,1.0
106.65022,125.42105444444445,10.676970864874558,0.014568854815897302,-1.6342370994142954,29.407349999999994,117.21807,119.75437,135.93185,138.67378,109.26643,-0.6460705000000001,0.0,0.0,125.42105444444445,125.42105444444445,0.1111111111111111,0.19460643575607714,0.13577557282801064,4.526824936211041,0.2213241409106083,0.9533872805147653,-3.2303525000000004,,0.0,,,0.0,0.0,0.018353185711444373,0.9143316980585933,4.527203088623841,1.0
106.9391,124.78888222222223,11.00043849431041,-0.009265880002018112,-1.6112007559866905,30.435580000000016,116.80677,118.86324,136.00039,138.26249,107.82691,-0.6734900000000004,0.0,0.0,124.78888222222223,124.78888222222223,0.1111111111111111,0.20362763803960449,0.1303094366535837,4.5846001542801735,0.22639515603543373,0.9529421374314588,-3.3674500000000016,,0.0,,,0.0,0.0,0.029015230075378172,0.9173004459181452,4.577110796113991,1.0
107.22799,124.21764777777778,11.489045057541436,-0.024545549636471365,-1.5899691951925048,32.14929000000001,115.5729,118.31485,135.93185,138.46814,106.31885,-0.7077642500000003,0.0,0.0,124.21764777777778,124.21764777777778,0.1111111111111111,0.21249365657801345,0.12708663452630256,4.834240779651662,0.2615077838894974,0.9486811837900736,-3.5388212500000016,,0.0,,,0.0,0.0,0.033592873382084186,0.9098047427449707,4.74556161212881,1.0
107.51687,123.42553222222222,11.944612024454814,-0.08278754924668691,-1.5281092964023457,33.52026999999998,114.75032,117.62937,135.31491,137.64556,104.12529,-0.7643169999999998,0.0,0.0,123.42553222222222,123.42553222222222,0.1111111111111111,0.21418357221336237,0.12804619628151984,5.081262958161805,0.2339739219569152,0.955980527805322,-3.821584999999999,,0.0,,,0.0,0.0,0.01691634323405275,0.9289105862209698,4.710787353556079,1.0
107.80575,122.5115511111111,12.665522320383042,-0.13906276499943068,-1.446053477264192,35.78237999999999,114.13339,116.73823,135.24636,137.02863,101.24625,-0.8345792500000002,0.0,0.0,122.5115511111111,122.5115511111111,0.1111111111111111,0.2048002757921964,0.13349580514264103,5.59729660470881,0.27192243779389447,0.9536697410813773,-4.172896250000001,,0.0,,,0.0,0.0,0.02057335190587582,0.9282724997162646,4.929846330739529,1.0
108.09464,121.47570555555555,13.837974321258242,-0.2231668795796677,-1.3358015825444571,39.41545000000001,112.55677,115.77855,135.45201,136.75443,97.33898,-0.9356885000000001,0.0,0.0,121.47570555555555,121.47570555555555,0.1111111111111111,0.19606755842040205,0.13669528444727375,6.722306478624818,0.2705370788812249,0.9613122935251476,-4.678442500000001,,0.0,,,0.0,0.0,0.027922605867413183,0.9423723298207742,5.09137107487234,1.0
108.38352,119.89908888888888,15.225282109415131,-0.2738713883766695,-1.2641098957130414,43.4598,110.63741,113.92774,135.45201,136.20603,92.74623,-1.0539347499999998,0.0,0.0,119.89908888888888,119.89908888888888,0.1111111111111111,0.1854924224614281,0.14024783381411787,8.169798048795247,0.3129823378889435,0.9631038027960082,-5.269673749999999,,0.0,,,0.0,0.0,0.048498610586475546,0.9456989019405712,5.390778955297173,1.0
108.6724,117.84263,17.064410679856486,-0.33280277902510513,-1.171962313595103,49.217900000000014,107.68982,111.93983,135.04071,135.8633,86.6454,-1.2047417500000002,0.0,0.0,117.84263,117.84263,0.1111111111111111,0.17447145413394835,0.14251728926560955,10.554141256721337,0.3276104200121125,0.9698935952738589,-6.023708750000001,,0.0,,,0.0,0.0,0.07479193807808417,0.953025218561395,5.770697946042748,1.0
108.96129,115.65669222222222,19.441173963742674,-0.3852083331615874,-1.0835527745019442,57.16954,104.53659,109.60918,134.90361,136.54879,79.37925,-1.3966777500000003,0.0,0.0,115.65669222222222,115.65669222222222,0.1111111111111111,0.16810511959139898,0.14358138368262177,14.1181472096914,0.40265171420364054,0.9722706914122835,-6.983388750000001,,0.0,,,0.0,0.0,0.10472055699621136,0.9539851282132704,6.367631455138121,1.0
109.25017,111.63517444444443,22.302012508064088,-0.40714545260467777,-1.044132110122722,66.42359000000002,99.0527,104.81079,133.12135,136.13749,69.7139,-1.6194607500000004,0.0,0.0,111.63517444444443,111.63517444444443,0.0,0.15378430970854565,0.14429521550968327,19.900874424055292,0.429396674990454,0.9788789498675945,-8.097303750000002,,0.0,,,0.0,0.0,0.1469939400838441,0.9599679024107608,6.966848548581865,1.0
109.53905,106.97387,25.726362273419507,-0.4149797491819735,-1.0174055727386888,77.52846000000001,92.81478,99.66964,131.40763,136.00039,58.47193,-1.8885140000000002,0.0,0.0,106.97387,106.97387,0.0,0.14315852698262663,0.14386689814513004,29.023861360968795,0.4265556927024011,0.985516140840261,-9.442570000000002,,0.0,,,0.0,0.0,0.19552369630878974,0.9625027319930035,7.628255559447083,1.0
109.82794,101.02537444444445,29.841797718458622,-0.42601234323426435,-0.974410076947966,90.75834,85.20589,92.74623,128.59713,135.17781,44.41947,-2.2278295,0.0,0.0,101.02537444444445,101.02537444444445,0.0,0.13442722856173928,0.14356515683328358,43.39223234391353,0.4632376334872349,0.989437175480621,-11.1391475,,0.0,,,0.0,0.0,0.2660332872450412,0.9640170478085915,8.382801221304392,1.0
110.11682,93.59928000000001,35.15310944321932,-0.4280405934384615,-0.9470807660977791,107.75837999999999,75.54054,84.31476,125.64955,134.56087,26.80249,-2.6494029999999995,0.0,0.0,93.59928000000001,93.59928000000001,0.0,0.1267878264472262,0.14235546787134934,66.74615191843537,0.5073504573955023,0.9924561481622245,-13.247014999999998,,0.0,,,0.0,0.0,0.34282668106311975,0.9618601934691665,9.32437555789602,1.0
110.4057,85.42676555555555,40.88373730107122,-0.4087519941628965,-0.9424261714285045,126.12941999999998,64.77841,74.64941,121.74227,134.14959,8.02017,-3.1069649999999998,0.0,0.0,85.42676555555555,85.42676555555555,0.0,0.12131170742593406,0.1412916925961564,98.82580879321523,0.6314329418141056,0.9936512120093204,-15.534825,,0.0,,,0.0,0.0,0.4594905333861014,0.9551188312085612,10.29429822056248,1.0
110.69459,76.80487777777778,46.82386549241406,-0.3834829317656562,-0.9540135431300922,144.70608,53.26225,64.57277,117.21807,133.53265,-11.17343,-3.57995,0.1111111111111111,-11.17343,87.80216625,98.97559625,0.0,0.11708696933438097,0.1402528832312583,139.94160889225552,0.7556391465907168,0.9946293253263807,-17.899750000000004,348.75,22.5,337.5,360.0,11.17343,0.0,0.5965711898925826,0.9494359729847072,11.13356375126308,1.0
110.98347,67.94687888888888,53.27975880520595,-0.3544404086378828,-0.9547768064717075,165.3392,41.1977,54.63323,112.62531,133.87539,-31.46381,-4.1009195,0.1111111111111111,-31.46381,80.37321499999999,111.83702499999998,0.0,0.11476919512535755,0.13958149295847422,191.97232361648946,1.0436817282238322,0.9945927710685994,-20.5045975,348.75,22.5,337.5,360.0,31.46381,0.0,0.7660668042431517,0.9401119318063637,11.829160216585338,1.0
111.27235,56.583045555555564,61.22842284763219,-0.32735806503459475,-0.9498671878433127,190.77072,25.84282,41.54045,106.38739,133.73829,-57.03243,-4.741848500000001,0.2222222222222222,-31.32671,81.70011857142858,113.02682857142858,0.0,0.11218604989009338,0.13888923651969765,269.83234103584806,1.5799503058942697,0.9941787812991699,-23.709242500000002,326.25,67.5,292.5,360.0,62.65342,0.0,0.9756336642573873,0.9287937107782711,12.920086392956513,1.0
111.56124,44.38901333333334,69.40807058405224,-0.2845470218719992,-0.9490471765851232,217.64175,9.18551,27.14525,98.77849,134.35522,-83.28653,-5.39648725,0.2222222222222222,-54.5304,72.65170285714287,127.18210285714287,0.0,0.10971991077954305,0.13792616692846113,369.0428375079951,2.59762570624206,0.9930103797528529,-26.98243625,326.25,67.5,292.5,360.0,109.0608,0.0,1.2417581153050044,0.9106831733059071,13.994985409071033,1.0
111.85012,32.141664444444444,77.00025868185121,-0.2381722879211216,-0.9613104546793094,242.04505,-7.1976,12.75005,90.00427,134.35522,-107.68983,-5.99286,0.3333333333333333,-53.71924333333334,75.07211833333334,128.79136166666666,0.0,0.10696439969703418,0.13661026711302338,482.934204068192,3.9013418933450636,0.9919863248979923,-29.9643,315.0,90.0,270.0,360.0,161.15773000000002,0.0,1.529142679894326,0.8930888715442805,14.909570219460441,1.0
112.139,20.79658222222223,84.87405122825244,-0.21829970945614896,-0.9516705752041958,267.56621,-22.30465,0.0791,84.15655,134.76651,-132.7997,-6.62060675,0.4444444444444444,-55.95937,82.20134399999999,138.16071399999998,0.0,0.1061227498945643,0.13639347378533567,606.9107738177422,5.775004188203961,0.9905742806580259,-33.10303375,292.5,135.0,225.0,360.0,223.83748,0.0,1.7335221810719499,0.8771346735847597,16.090127223164153,1.0
112.42789,7.4773311111111065,94.07804045707566,-0.18644711368327666,-0.9506910738734247,296.84029,-40.38135,-15.143,76.93019,135.3149,-161.52539,-7.35588625,0.5555555555555556,-64.909278,97.96059249999999,162.8698705,0.0,0.10552777374370269,0.13630802166835781,771.7644596077143,8.620825943076053,0.9889531157201529,-36.77943125,258.75,202.5,157.5,360.0,324.54639,0.0,1.998027027894459,0.8603458133285465,17.37643853335585,1.0
112.71677,-8.098891111111117,104.3261923854061,-0.1567951482701296,-0.9643910108502292,328.59906,-61.69372,-34.04579,66.72061,134.83506,-193.764,-8.158424,0.5555555555555556,-88.450522,92.34064749999999,180.7911695,0.0,0.10394077165372828,0.13552024872006846,979.1834187277332,10.81167162200085,0.9890790654140715,-40.792120000000004,258.75,202.5,157.5,360.0,442.25261,0.0,2.332887843150531,0.8575411111482456,18.98420017042354,1.0
113.00565,-24.77215444444445,115.34188225485073,-0.12154451874335989,-0.9944161833799141,361.93652,-85.48987,-54.93679,53.76167,134.69796,-227.23856,-8.99357425,0.5555555555555556,-114.07463600000001,86.85594749999998,200.9305835,0.0,0.10202186266760918,0.13416759435448694,1219.3082762765962,12.155749555725603,0.9901290258579751,-44.96787125,258.75,202.5,157.5,360.0,570.37318,0.0,2.76750839905374,0.8652428615770802,20.747552872138332,1.0
113.29454,-40.21517111111112,124.46015088092194,-0.07254550249344467,-1.0197755424841422,389.0132,-107.96402,-74.44374,38.04446,134.21812,-254.79508,-9.68077375,0.5555555555555556,-136.877812,80.61313000000001,217.49094200000002,0.0,0.10001249833703939,0.1327360123526903,1462.5818840991215,14.41742705493458,0.9902387042795785,-48.40386875,258.75,202.5,157.5,360.0,684.38906,0.0,3.2899451474902803,0.8627537712916842,22.398441168181744,1.0
113.58342,-59.096497777777785,137.00482888860992,-0.045620424703328714,-1.0250738386514875,428.08588,-134.69797,-99.39543,18.50813,134.35521,-293.73067,-10.664445749999999,0.5555555555555556,-165.81902599999998,74.30666249999999,240.12568849999997,0.0,0.09929181723935528,0.13222040685800104,1786.4317007481204,17.60679245778686,0.9902403454670208,-53.322228749999994,258.75,202.5,157.5,360.0,829.0951299999999,0.0,3.959712459636831,0.8600780236105091,26.23537775018351,1.0
113.8723,-64.32904555555557,136.36160074679603,0.0686749098134541,-1.0671942118866442,421.16247,-141.8956,-107.964,6.44356,134.28667,-286.8758,-10.489646500000001,0.5555555555555556,-170.68598,68.6171225,239.3031025,0.0,0.096262320668397,0.12955038089990392,1875.8508986518686,22.666869885055593,0.9880607544154709,-52.4482325,258.75,202.5,157.5,360.0,853.4299,0.0,4.547203772593217,0.8250544678386215,27.523724860169644,1.0
114.16119,-56.92427133333334,127.14896538391719,0.1736690264429447,-1.0327756549498532,396.306766,-131.47619799999998,-107.22368000000002,2.81049,133.80683,-262.499936,-9.86311265,0.5555555555555556,-156.6307768,67.70886050000001,224.33963730000002,0.0,0.09640387171892523,0.13080706693924612,1738.4875512799624,24.544267508119194,0.9860783751905908,-49.31556325,258.75,202.5,157.5,360.0,783.1538840000001,0.0,4.488291546292354,0.8048548703643243,29.348847843128798,1.0
114.45007,97.82339733333335,27.006698392845,-0.1792160362033281,-0.9602809814892566,84.86314599999999,84.835724,90.182518,124.772126,133.66973,48.806584,-2.07873615,0.0,0.0,97.82339733333335,97.82339733333335,0.0,0.12613401786739162,0.14634381954786396,53.82028341428038,2.2007577547711463,0.960715514939715,-10.39368075,,0.0,,,0.0,0.0,0.34426514455188734,0.6934392793732518,6.268638875236489,1.0
114.73895,92.52383111111111,31.21710153799161,-0.2162367427363578,-0.983932944896726,97.530926,77.04860599999999,83.27282,121.70114999999998,133.32699,35.796064,-2.40742665,0.0,0.0,92.52383111111111,92.52383111111111,0.0,0.12039693977362007,0.14321704322575085,70.91290229665421,1.5638023178542362,0.9784233799498793,-12.03713325,,0.0,,,0.0,0.0,0.4429212616029601,0.8007978481973176,6.6805396308950336,1.0
115.02784,92.52383111111111,31.217770532416495,-0.216057324233476,-0.9836795785207926,97.668026,77.04860599999999,83.27282,121.70114999999998,133.46409,35.796064,-2.4039991499999998,0.0,0.0,92.52383111111111,92.52383111111111,0.0,0.12019807622292217,0.14301734162012872,70.90762830801454,1.567198157548975,0.97837596536514,-12.01999575,,0.0,,,0.0,0.0,0.44338023051422265,0.7997969567027806,6.7105262129404855,1.0
115.31672,131.1258217777778,3.3837697448660142,-0.3461593750122767,-1.1078665708386852,10.104063999999994,128.487458,131.83264000000003,133.011674,135.452002,125.347938,0.0486696000000002,0.0,0.0,131.1258217777778,131.1258217777778,0.0,0.059134900436425754,0.10916038360411802,1.4938652962311045,0.012043233608868744,0.9920026791339387,0.243348000000001,,0.0,,,0.0,0.0,0.0746430593134189,0.6307449715141736,3.2996390089551033,1.0
115.6056,131.58129111111114,3.155620043448006,-0.4106313470490645,-1.0869864705774677,9.665354000000022,129.351172,132.751188,133.66974,135.79474800000003,126.129394,0.05997999999999948,0.0,0.0,131.58129111111114,131.58129111111114,0.0,0.06443041870702923,0.12021440981177754,1.6412594927925932,0.019485379400851717,0.9882670843511665,0.2998999999999974,,0.0,,,0.0,0.0,0.07657383301689182,0.44847640877896394,3.1194063526484537,1.0
115.89449,131.89356777777778,3.1562884008036267,-0.33207209606626076,-1.1307179906087588,9.144373999999985,130.146334,131.88748,134.094744,135.94554599999998,126.801172,0.06375035000000011,0.0,0.0,131.89356777777778,131.89356777777778,0.0,0.05904015927797308,0.12033293774080783,1.7728750039442869,0.0313893822651427,0.9826026703163228,0.31875175000000056,,0.0,,,0.0,0.0,0.06995516525094855,0.3925141999541345,3.1493709957660156,1.0
116.18337,132.09616844444446,3.101191980959695,-0.36089856224058764,-1.1356646442512681,8.99357999999998,130.26972199999997,132.09313,134.21813000000003,136.082656,127.089076,0.056552500000000804,0.0,0.0,132.09616844444446,132.09616844444446,0.0,0.06175160754883488,0.12548366038329928,1.8981302668302715,0.03448995476127235,0.9821537855838616,0.282762500000004,,0.0,,,0.0,0.0,0.06735234600389269,0.3566793939294258,3.09118177102412,1.0
116.47225,133.26758911111108,3.3381346420433493,0.253366441630498,-0.9952366443244056,10.803262000000018,130.9278,133.546346,134.78023,139.18105200000002,128.37779,0.1977628000000003,0.0,0.0,133.26758911111108,133.26758911111108,0.0,0.05960164362591133,0.12781409013093248,2.084882443317663,0.04280975028479998,0.9798797257838759,0.9888140000000014,,0.0,,,0.0,0.0,0.05279946315751881,0.0022028074989166703,2.7820309359719415,1.0
116.76114,130.59571866666667,3.2812612597476716,-0.4455313450851816,-1.0284002891668995,9.802458000000016,129.337468,130.37941,133.50523,134.49233,124.689872,0.10282300000000007,0.0,0.0,130.59571866666667,130.59571866666667,0.0,0.051117919164263295,0.11985005083178787,0.8948083112869463,0.016739480796732018,0.9816362004929753,0.5141150000000003,,0.0,,,0.0,0.0,0.04503066134279218,-0.06393351712939141,3.2592587263482105,1.0
117.05002,127.85834222222223,4.190169751749757,0.1643251906211444,-1.2714513820273097,12.283899999999988,124.826966,126.540692,130.17377,134.21812,121.93422000000001,-0.08911294999999982,0.0,0.0,127.85834222222223,127.85834222222223,0.0,0.1291252533653719,0.14254929295470994,0.5414614425345086,0.025089649731622525,0.9557151152478787,-0.44556474999999907,,0.0,,,0.0,0.0,0.0500509052077756,0.8166842090159495,3.470446147787633,1.0
117.3389,129.61623466666666,3.4263261206043985,-0.40346507114488894,-0.9590906571885971,10.693571999999989,127.88423600000002,129.76247,132.27135600000003,134.21812,123.52454800000001,0.06272215000000045,0.0,0.0,129.61623466666666,129.61623466666666,0.0,0.06949032430102922,0.12888185595228027,0.6152428469171998,0.021745919957043648,0.96586137592294,0.31361075000000227,,0.0,,,0.0,0.0,0.06102236766229467,0.21168564687229036,3.417860444980417,1.0
117.62779,128.57277222222223,3.3707693136624495,-0.5139119175974867,-0.8099607380812817,10.748418000000015,126.938264,128.87135,131.462486,133.01167,122.263252,0.06649240000000063,0.0,0.0,128.57277222222223,128.57277222222223,0.0,0.07789085436136091,0.13074529894728137,0.2832896764895699,0.008778084282305205,0.969945041670806,0.33246200000000314,,0.0,,,0.0,0.0,0.04364191437429843,0.21216048243728886,3.3577330233876976,1.0
117.91667,128.31228733333333,3.244722195915083,-0.1989490325511526,-0.8805002413268412,10.789546000000001,127.15762199999999,127.77456,130.434244,133.54635000000002,122.75680400000002,0.08602870000000032,0.0,0.0,128.31228733333333,128.31228733333333,0.0,0.06883471029670928,0.11184345380335489,0.18040081767791621,0.018770123047598935,0.9057587262991211,0.43014350000000157,,0.0,,,0.0,0.0,0.02598146332199635,0.05751137100070975,3.2338911166015736,1.0
118.20555,127.52169377777778,3.1417706004013346,-0.3866906577453138,-0.5859085348444739,10.858094000000008,126.47212999999999,127.36327,129.721336,132.326186,121.468092,0.08054469999999939,0.0,0.0,127.52169377777778,127.52169377777778,0.0,0.07902846508696941,0.11354258078447332,0.05358986416797894,0.005087617708689259,0.913295226084987,0.4027234999999969,,0.0,,,0.0,0.0,0.017956529694582328,0.5555174517584633,3.1346631924316806,1.0
118.49444,127.0570857777778,3.5656228289287983,0.07528529466329498,-0.7126131606382455,11.913742000000013,124.79955,127.56893,127.76084399999999,133.45038200000002,121.53664,-0.0044554500000000274,0.0,0.0,127.0570857777778,127.0570857777778,0.0,0.14638108057384047,0.14507329556635343,0.0848150596932135,0.02809508845318117,0.7511730434374108,-0.022277250000000137,,0.0,,,0.0,0.0,0.03959954163714445,0.31315358951769406,3.4214856636820685,1.0
118.78332,125.74095200000001,3.972123964052822,0.13197510935023735,-0.9368303876580573,12.750034000000028,123.08583200000001,125.16972200000001,127.70602,132.66893000000002,119.91889599999999,-0.05141119999999973,0.0,0.0,125.74095200000001,125.74095200000001,0.1111111111111111,0.17997180557640557,0.1222546635948345,0.09064722529000772,0.02381228049235456,0.7919589080104187,-0.2570559999999986,,0.0,,,0.0,0.0,0.041834704431788126,0.6223516463333779,3.535147161519779,1.0
119.0722,125.60233222222223,4.239820321005068,0.09430132017384395,-1.203392650664945,13.271006,122.715672,124.73100600000001,128.73425,132.285058,119.01405199999999,-0.06752034999999985,0.0,0.0,125.60233222222223,125.60233222222223,0.1111111111111111,0.15589479543787363,0.10226630877457835,0.19512602408566834,0.007871117767001855,0.9612254744510784,-0.33760174999999926,,0.0,,,0.0,0.0,0.06237306119218047,0.7330564189488635,3.560411602283158,1.0
119.36109,128.4021608888889,3.42659446794668,-0.5621042975312871,-0.7211221266556844,11.104872000000015,126.70519999999999,129.104402,131.133448,132.929412,121.82454,0.0668349499999998,0.0,0.0,128.4021608888889,128.4021608888889,0.0,0.07784042939979703,0.11956341876115686,0.26443392573946745,0.005659600715833688,0.9790457739287027,0.33417474999999897,,0.0,,,0.0,0.0,0.05353407667407341,0.29063381507312414,3.404195959993725,1.0
119.64997,129.3831688888889,3.4776114874143857,-0.5538004004317427,-0.7916893441378328,11.159703999999977,127.486652,130.338284,131.84635199999997,133.998766,122.83906200000001,0.057238049999999416,0.0,0.0,129.3831688888889,129.3831688888889,0.0,0.06083781137781314,0.10709025258877804,0.578276993657904,0.011052177356699562,0.9812461727699707,0.2861902499999971,,0.0,,,0.0,0.0,0.05035895998131004,0.4913815802722057,3.4443751191036367,1.0
119.93885,130.57591355555553,3.280341693570862,-0.393112774927662,-0.9723961426816641,10.049224000000024,128.638264,131.40764,132.71006,134.821354,124.77212999999999,0.05997975000000011,0.0,0.0,130.57591355555553,130.57591355555553,0.0,0.060842407657930246,0.11389928243291375,1.085945534507954,0.015160030555282205,0.986231991613779,0.29989875000000055,,0.0,,,0.0,0.0,0.07228262137200266,0.46081567841132165,3.2488159884775403,1.0
120.22774,130.62922799999998,3.287767830562108,-0.43661972028107887,-0.9629475018711626,10.049223999999967,128.638264,131.558446,132.71006,134.82135399999999,124.77213000000002,0.05483874999999969,0.0,0.0,130.62922799999998,130.62922799999998,0.0,0.06080934786641309,0.11324415774234232,1.127504506152065,0.014201459833968151,0.987561193200511,0.27419374999999846,,0.0,,,0.0,0.0,0.06670102639640911,0.5133766686011402,3.245663370866069,1.0
120.51662,130.59114577777777,3.2817810342845433,-0.4060004446986728,-0.9683748935931407,10.049224000000024,128.638264,131.47619,132.71006,134.821354,124.77212999999999,0.058266249999999783,0.0,0.0,130.59114577777777,130.59114577777777,0.0,0.06080672223415595,0.11382456866575841,1.097351960352507,0.014925115636799376,0.9865814768121671,0.29133124999999893,,0.0,,,0.0,0.0,0.07028586758476456,0.4771632527868063,3.247320235232179,1.0
120.8055,130.82116333333332,3.3468386733073623,-0.44172426617709104,-0.9032187283476341,10.570193999999987,128.52858799999998,131.599576,132.71005799999998,135.246356,124.676162,0.047983949999999706,0.0,0.0,130.82116333333332,130.82116333333332,0.0,0.05720859766229424,0.10738825815400752,1.2726065058012321,0.012105403266059842,0.9905773401182945,0.23991974999999854,,0.0,,,0.0,0.0,0.06498364393993901,0.6097777858344923,3.2821446956841545,1.0
121.09439,131.1258228888889,3.3837702650723274,-0.34615998452490776,-1.1078671449316542,10.104063999999994,128.487458,131.83264000000003,133.011674,135.452002,125.347938,0.0486696000000002,0.0,0.0,131.1258228888889,131.1258228888889,0.0,0.05913490143404879,0.10916032489614039,1.49386645921106,0.012043200303293502,0.9920027072497977,0.243348000000001,,0.0,,,0.0,0.0,0.07464314659678843,0.6307450712514434,3.2996392490423063,1.0
121.38327,132.80297977777778,3.56116871428648,-0.12939900257682613,-0.8509091975366427,12.119391999999976,130.6536,132.16167,135.24635600000002,138.618946,126.49955400000002,0.19913364999999955,0.0,0.0,132.80297977777778,132.80297977777778,0.0,0.041473386797873914,0.09776438006603003,1.9610841182019394,0.009371029208420626,0.9952442311004842,0.9956682499999978,,0.0,,,0.0,0.0,0.06785615845985137,0.17461230971490865,3.2789530501553683,1.0
121.67215,132.7191968888889,3.57307331390308,-0.13494332113217694,-0.9207972478500053,12.064555999999982,130.44795,132.50441,135.24635600000002,138.50927,126.444714,0.20153299999999988,0.0,0.0,132.7191968888889,132.7191968888889,0.0,0.04723369390908071,0.10555558141601082,1.9607202989197907,0.0077876098949644125,0.9960439021048902,1.0076649999999994,,0.0,,,0.0,0.0,0.08390160942395494,0.07317682575320016,3.347893710812765,1.0
121.96104,130.4022548888889,3.372945447796184,-0.4978032973314356,-0.8215200605786612,10.734712000000002,128.46004,130.98264,132.463282,134.780226,124.045514,0.05895179999999982,0.0,0.0,130.4022548888889,130.4022548888889,0.0,0.05511268387699074,0.09778511906684129,1.0468157727570606,0.008555134834160748,0.9918937172971004,0.2947589999999991,,0.0,,,0.0,0.0,0.07779896648763633,0.5163137599577428,3.318615722201706,1.0
122.24992,132.18451711111112,3.7243781253288,-0.2386017645633336,-0.9846236305439144,12.338752000000014,129.89956,132.71005,134.780236,137.878624,125.53987199999999,0.19947659999999984,0.0,0.0,132.18451711111112,132.18451711111112,0.0,0.06229735303442585,0.12579937757831516,1.7438054470902913,0.0084434929025561,0.9951813393580317,0.9973829999999992,,0.0,,,0.0,0.0,0.09804633461334798,0.05263287257633295,3.5968188396644973,1.0
122.5388,130.01838155555555,3.7265462558376434,-0.2516940529898609,-0.9819022076762436,12.160523999999981,127.294714,130.214896,132.29876,135.63022999999998,123.469706,0.062036599999999706,0.0,0.0,130.01838155555555,130.01838155555555,0.0,0.0750677679603913,0.12200160940737043,1.0023843879288479,0.022542952775431342,0.9780053161058798,0.31018299999999854,,0.0,,,0.0,0.0,0.09870683374774332,0.47959600637278316,3.6297916168030393,1.0
122.82768,128.45090399999998,3.8131264959303635,-0.2606154882687759,-0.9621777158719405,12.475843999999952,125.64954800000001,128.624572,130.5165,134.27296599999997,121.79712200000002,0.054153600000000066,0.0,0.0,128.45090399999998,128.45090399999998,0.0,0.09225668345401002,0.1278706582080395,0.4090037574280555,0.014384333944429506,0.9660256527423745,0.27076800000000034,,0.0,,,0.0,0.0,0.0858443605558423,0.4542496551963189,3.705033960890559,1.0
123.11657,125.78512555555555,4.1392723040052255,0.06385195164748456,-1.2062866776545977,12.832297999999994,122.962446,125.087462,128.66569,132.147962,119.31566400000001,-0.06374969999999998,0.0,0.0,125.78512555555555,125.78512555555555,0.1111111111111111,0.1728683779033405,0.10636060113516278,0.1835433708901908,0.0061657741285229975,0.9674988033673091,-0.3187484999999999,,0.0,,,0.0,0.0,0.05713889438096242,0.736569404718091,3.498039272065316,1.0
123.40545,124.69444133333334,4.159215727173363,0.21761573432951345,-0.9837441761298567,13.229870000000005,121.94792600000001,123.743908,126.88343,132.01086,118.78099,-0.06649180000000002,0.0,0.0,124.69444133333334,124.69444133333334,0.0,0.11683941429357152,0.12635635425797992,0.16643584897094438,0.021122337339779737,0.8873824819700217,-0.33245900000000006,,0.0,,,0.0,0.0,0.04593877880437109,0.636582242603407,3.6084100721612216,1.0
123.69433,124.60456377777778,3.8725913704838733,0.19994101886560547,-0.7369294087138321,13.10647200000001,121.44066600000001,125.10115,125.581,131.599558,118.49308599999999,0.003770499999999899,0.0,0.0,124.60456377777778,124.60456377777778,0.0,0.0810996589013447,0.11416237846167247,0.1604666104598776,0.007045549165704863,0.9579400726654899,0.018852499999999495,,0.0,,,0.0,0.0,0.06995705078849326,0.2841590181606821,3.6603949012265904,1.0
123.98322,125.66935288888891,3.946093201928894,-0.1825141673691354,-0.8550327920260501,13.106488000000013,123.93583,124.82697,128.117298,131.572148,118.46565999999999,0.19090795000000008,0.0,0.0,125.66935288888891,125.66935288888891,0.0,0.17631648104988473,0.15345114367115772,0.23991947653818307,0.0009890947177665062,0.9958943145434825,0.9545397500000004,,0.0,,,0.0,0.0,0.08067069754944944,0.7414693984433437,3.82353709635199,1.0
124.2721,124.92750355555556,4.012020312837888,-0.3402559369377108,-0.610397317548419,13.819395999999998,123.25034,124.27858,127.40439199999999,130.96891799999997,117.14952199999998,0.19296444999999948,0.0,0.0,124.92750355555556,124.92750355555556,0.0,0.14849507440779056,0.1531543027617231,0.4430711701221469,0.00483966413794264,0.9891950275218128,0.9648222499999974,,0.0,,,0.0,0.0,0.0835450345952929,0.6768829503555408,3.876112337977811,1.0
124.56098,125.14076844444445,3.8614306297227046,-0.3931778175003406,-0.3879220013443674,13.819393999999988,123.18179,124.82697,127.486652,131.297956,117.47856200000001,0.2029041499999998,0.0,0.0,125.14076844444445,125.14076844444445,0.0,0.16131591808907123,0.15619678443683227,0.4816625516889965,0.017312775914204888,0.9653033425642584,1.014520749999999,,0.0,,,0.0,0.0,0.09106565390603091,0.5788216701882188,3.6636171883375277,1.0
124.84987,124.80868711111114,3.759320018068885,-0.4488393413773857,-0.7553068346416909,12.516971999999996,122.60598999999999,125.78665000000001,127.99391600000001,130.160052,117.64308000000001,0.09631115000000037,0.0,0.0,124.80868711111114,124.80868711111114,0.0,0.13784005277665493,0.15776765789965905,0.2348806616748082,0.0031595824476122383,0.9867266875064201,0.48155575000000184,,0.0,,,0.0,0.0,0.09275844807789124,0.040803307653302666,3.7509490595648547,1.0
125.13875,126.73261977777777,3.934878737593991,-0.35185903477743324,-0.69543978304015,13.229877999999985,125.03261,126.74633,128.857628,132.476994,119.247116,0.18610959999999963,0.0,0.0,126.73261977777777,126.73261977777777,0.1111111111111111,0.2574210822170271,0.12951529961276342,0.13077230369541096,0.0026061897907354564,0.9804601939888293,0.9305479999999982,,0.0,,,0.0,0.0,0.08363949961437964,0.5366717875368598,3.830915950642898,1.0
125.42763,127.52473577777778,3.8248989666425826,-0.2530995393253898,-0.8059922019978933,12.79116599999999,125.37535,127.43181,129.666498,133.285868,120.494702,0.1977629499999999,0.0,0.0,127.52473577777778,127.52473577777778,0.0,0.19715716190460705,0.16091061833071715,0.15023729882865217,0.003909053900015521,0.974640632565855,0.9888147499999995,,0.0,,,0.0,0.0,0.0925928293391737,0.4635037615614824,3.680926930312107,1.0
125.71652,128.50726666666665,3.592197651143998,-0.23649549955520927,-0.8029078081449352,12.16052000000002,126.40358,128.25439,130.914082,134.20442200000002,122.043902,0.19502105000000042,0.0,0.0,128.50726666666665,128.50726666666665,0.0,0.1439652089412365,0.16080349192961016,0.2397225454748375,0.010207100901649521,0.9591601030708063,0.9751052500000021,,0.0,,,0.0,0.0,0.07998966625502756,0.4405989911106676,3.3847865716899297,1.0
126.0054,125.51093155555554,4.232168621623857,0.12155436383385598,-1.2259330994071485,13.092780000000005,122.60599400000001,124.44310600000001,128.59714,132.23022,119.13744,-0.07300384999999956,0.0,0.0,125.51093155555554,125.51093155555554,0.1111111111111111,0.1563234650201893,0.11027890442495443,0.1915750740898705,0.010185276004795825,0.9495179499095403,-0.3650192499999978,,0.0,,,0.0,0.0,0.06107943362288857,0.7359539657677993,3.538602460766602,1.0
126.29428,128.45547533333334,3.438411218029762,-0.5996926397525,-0.7152334864921199,11.104872000000015,126.70519999999999,129.104402,131.133448,132.929412,121.82454,0.06340769999999978,0.0,0.0,128.45547533333334,128.45547533333334,0.0,0.07657581973171769,0.11594791832762384,0.28786646075083205,0.005248384568940158,0.9820944426699919,0.3170384999999989,,0.0,,,0.0,0.0,0.05344577022224278,0.34356383749335234,3.4076375558368808,1.0
126.58317,129.2993866666667,3.464662616450718,-0.48976345925719106,-0.8100783382493413,11.159704000000005,127.486652,129.89957,131.84635200000002,133.998766,122.83906199999998,0.06409305000000032,0.0,0.0,129.2993866666667,129.2993866666667,0.0,0.06043173625180773,0.10876610850466659,0.5300325059337416,0.01246708607811922,0.9770191787065002,0.3204652500000016,,0.0,,,0.0,0.0,0.056484304524216926,0.39986327271747985,3.44479543419044,1.0
126.87205,129.6314668888889,3.4261805970541497,-0.4168048564168689,-0.9514517384043772,10.693571999999989,127.88423600000002,129.83102,132.27135600000003,134.21812,123.52454800000001,0.07129065000000097,0.0,0.0,129.6314668888889,129.6314668888889,0.0,0.06418750462105483,0.11796665141199959,0.6320579428834068,0.01765909791842739,0.9728203249926832,0.35645325000000483,,0.0,,,0.0,0.0,0.06548484838281197,0.29412396561896775,3.4175055806656167,1.0
127.16093,133.6347033333333,3.6551435568343313,0.22471035027683656,-1.1321977078413796,11.461328000000009,131.13344,133.464086,135.63023600000002,139.893956,128.432628,0.2190128999999999,0.0,0.0,133.6347033333333,133.6347033333333,0.0,0.05743162468222753,0.12301248799790389,2.419647224231912,0.03771599386078121,0.9846518440247022,1.0950644999999994,,0.0,,,0.0,0.0,0.07837855226367325,0.01826079647732517,3.1140292213291545,1.0
127.44982,104.07350733333332,20.5542344361157,0.16677397526363763,-1.1170043056547068,63.037294,94.843814,97.859962,126.54068600000001,133.18991,70.152616,-1.55365385,0.0,0.0,104.07350733333332,104.07350733333332,0.0,0.14946107148047985,0.15777083737293782,40.393564988979215,6.7627757063792275,0.8565881998742421,-7.7682692499999995,,0.0,,,0.0,0.0,0.28060242182704315,0.2621518240612421,7.581073496199035,1.0
127.7387,45.830057777777775,63.08579527465396,-0.03683843484028623,-1.1029252366810811,194.869926,10.20002,24.663788000000004,83.57442999999999,134.28669,-60.583236,-4.840900899999999,0.2222222222222222,-39.662215,70.25642142857143,109.91863642857143,0.0,0.10312639535984257,0.13320398138549244,343.91323382441055,3.3070635679773632,0.990475604125357,-24.2045045,326.25,67.5,292.5,360.0,79.32443,0.0,1.7625289592840787,0.8726404359942238,12.314734597480088,1.0
128.02758,50.76251177777778,63.29030249166508,-0.06732550740133447,-1.2619690581933398,189.15297800000002,13.517774000000003,26.829908000000007,107.950306,134.56089,-54.592088000000004,-4.6945497000000005,0.2222222222222222,-34.411391,75.09791257142858,109.50930357142857,0.0,0.11218583873202083,0.14007386234670835,285.9716561102319,7.166517247120728,0.9755524257890429,-23.4727485,337.5,45.0,315.0,360.0,68.822782,0.0,1.7711316780109605,0.8049030666179352,16.69751969572744,1.0
128.31647,126.42643666666666,7.475183444835821,0.08325738947548386,-1.7378839424591643,20.084741999999977,120.82373400000002,121.52292600000001,134.01247800000002,135.82216599999998,115.737424,-0.4551626499999998,0.0,0.0,126.42643666666666,126.42643666666666,0.1111111111111111,0.19054500154052156,0.13883185222617195,2.294052557769436,0.05274995148874152,0.977522628607054,-2.275813249999999,,0.0,,,0.0,0.0,0.019866968998970416,0.9368974808297343,3.380201531775817,1.0
128.60535,123.97392,9.942422570520858,-0.06350517013997856,-1.558507164627417,27.542832000000004,117.41001200000001,118.83581800000002,134.35523,135.506844,107.964012,-0.65292545,0.0,0.0,123.97392,123.97392,0.1111111111111111,0.2165286106242159,0.12763840966413836,3.518803874956733,0.098439759364269,0.972785974788224,-3.26462725,,0.0,,,0.0,0.0,0.026236186671915414,0.9533209841446961,3.917548532734885,1.0
128.89423,133.3062428888889,2.6543901125445557,0.006948361515554075,-0.8051455382933339,8.916461999999996,131.96973,132.614092,134.69797,137.582154,128.665692,-0.053810699999999656,0.0,0.0,133.3062428888889,133.3062428888889,0.0,0.07349251498885269,0.1313790763962063,3.1114047213967138,0.018482941451129265,0.9940946949087236,-0.2690534999999983,,0.0,,,0.0,0.0,0.01813451942427802,0.9241806794812408,2.326422005834005,1.0
129.18312,135.7545431111111,2.136328246665831,0.47660675026506816,-0.3576451806920109,7.636311999999975,134.56088,134.917326,137.12457999999998,140.085892,132.44958000000003,0.1381253000000001,0.0,0.0,135.7545431111111,135.7545431111111,0.0,0.031065252566765646,0.08757862158175499,4.08270680923672,0.007106486719370652,0.9982623933404922,0.6906265000000005,,0.0,,,0.0,0.0,0.05165779728199925,0.4037386647379027,1.5953014893791018,1.0
129.472,136.0725631111111,2.174669380187985,-0.0954506578392369,-0.30182699969759463,8.020185999999995,134.99959,136.68586999999997,137.31653,140.031052,132.010866,0.11961704999999938,0.0,0.0,136.0725631111111,136.0725631111111,0.0,0.033618901785323424,0.10135642092476879,4.541568681567073,0.004208401511032723,0.999074217337536,0.5980852499999969,,0.0,,,0.0,0.0,0.03774622367294475,0.2568434575542152,1.8586515215963815,1.0
129.76088,135.10586666666669,2.050889782811137,-0.5110506230033153,-0.43494659725583684,7.071053999999975,134.28669,135.013296,137.00121000000001,138.039978,130.96892400000002,0.033931350000001005,0.0,0.0,135.10586666666669,135.10586666666669,0.0,0.05329254084551769,0.11967806926658357,4.157954671053701,0.006302653459682169,0.9984864879693123,0.16965675000000502,,0.0,,,0.0,0.0,0.044871297879440115,0.7985643689590538,2.049672045495402,1.0
130.04977,135.09250644444444,2.616181239858466,-0.2743877292981074,-0.9412372226532493,8.349221999999997,133.916516,135.31491,136.93265000000002,139.181048,130.831826,0.016451250000000785,0.0,0.0,135.09250644444444,135.09250644444444,0.0,0.05516149496703997,0.11720905432302135,4.596470119086988,0.02266410350656045,0.9950934303889216,0.08225625000000392,,0.0,,,0.0,0.0,0.038193094959370774,0.8344541757945312,2.54004627499382,1.0
130.33865,135.24702244444447,2.9970620636377716,-0.33520151662697845,-0.7255736616296748,9.847494000000012,134.47114599999998,135.402384,137.37138,140.11330600000002,130.265812,-0.04922489999999939,0.0,0.0,135.24702244444447,135.24702244444447,0.0,0.06875788214457484,0.1273196788002232,5.144423258048255,0.08306514231512482,0.9841099327149609,-0.24612449999999697,,0.0,,,0.0,0.0,0.06496156925420654,0.6984628772647382,2.735926966991004,1.0
130.62753,133.60881000000003,4.6765527094419985,0.2858627049152173,-1.7923597968577354,11.228272000000004,129.3923,130.475382,138.12541,140.154448,128.926176,-0.2207267999999992,0.0,0.0,133.60881000000003,133.60881000000003,0.0,0.09676674486335819,0.13795443642250638,5.229374611263047,0.05485816730484214,0.989618518013381,-1.103633999999996,,0.0,,,0.0,0.0,0.04361447218609941,0.9270384021421587,2.689251316673575,1.0
130.91642,134.80003333333332,4.1975751628096525,0.2615136420959027,-1.6189880472264047,11.173428000000001,130.900376,133.313298,138.94799,141.31977,130.146342,-0.20119035000000024,0.0,0.0,134.80003333333332,134.80003333333332,0.0,0.09431042989292963,0.14449245158500854,6.035473751784595,0.12216593099329917,0.9801602663707334,-1.0059517500000013,,0.0,,,0.0,0.0,0.06800177839880066,0.8237910815210782,2.8528914850515177,1.0
131.2053,137.07584577777777,3.5280241826775707,0.37740030486178583,-1.3077292931031288,10.556494000000015,134.58829799999998,135.356028,139.63348,143.04719400000002,132.4907,-0.10693629999999957,0.0,0.0,137.07584577777777,137.07584577777777,0.0,0.07454802036197455,0.13089406261976272,8.312714155822905,0.11724746724217586,0.9860915775678045,-0.5346814999999978,,0.0,,,0.0,0.0,0.04838705383576305,0.8001219845860884,2.7079840292910715,1.0
131.49418,137.00120444444443,3.5694417287268654,0.3803890381522588,-1.2753426434625728,10.803267999999974,134.51975,135.30119000000002,139.63348,143.07461199999997,132.271344,-0.1083072499999993,0.0,0.0,137.00120444444443,137.00120444444443,0.0,0.075612392355416,0.13207987895910228,8.224121103531179,0.12641262891800914,0.9848617306310289,-0.5415362499999965,,0.0,,,0.0,0.0,0.054266160952547965,0.7831565965700106,2.761726847072337,1.0
131.78307,139.034814,2.7346106851796392,0.04927439131065421,-0.4144581139893577,9.93952999999999,137.81007400000001,139.22218600000002,140.99073,144.07540799999998,134.135878,0.0424996500000006,0.0,0.0,139.034814,139.034814,0.0,0.059034485247483476,0.12590831643806338,9.578710439066224,0.15438839355303696,0.9841377965736835,0.212498250000003,,0.0,,,0.0,0.0,0.06774887655313092,0.4387134669210748,2.7315844990714906,1.0
132.07195,140.3935957777778,2.5247469139471654,0.26335334369409297,-0.8124691444197532,8.4863,138.94797,140.387504,141.88186000000002,144.98025,136.49395,0.05997959999999978,0.0,0.0,140.3935957777778,140.3935957777778,0.0,0.054619773247936265,0.1205487800591098,11.626629549007035,0.127364824716715,0.9891641240614887,0.2998979999999989,,0.0,,,0.0,0.0,0.07766854962309473,0.501061099670169,2.5242370631311792,1.0
132.36083,140.3113373333333,2.6671895013405553,0.1886275851046234,-0.4981895647307435,9.569375999999977,138.70120400000002,139.852824,142.073796,145.336708,135.767332,0.023306149999999803,0.0,0.0,140.3113373333333,140.3113373333333,0.0,0.05862100593242006,0.12522674880835347,11.883474336564124,0.16780392072836325,0.9860758404839396,0.11653074999999902,,0.0,,,0.0,0.0,0.07586237670215243,0.5385489604427793,2.6313137465296723,1.0
132.64972,137.72324955555553,3.275799878654201,0.40029186230958863,-1.0654373290481312,10.364555999999993,135.397164,136.589904,140.04477,143.48590399999998,133.12134799999998,-0.08637165000000024,0.0,0.0,137.72324955555553,137.72324955555553,0.0,0.07272847643531445,0.13281617875330876,8.908217525389707,0.1334788656183161,0.9852374090055064,-0.4318582500000012,,0.0,,,0.0,0.0,0.07203162378377838,0.7341395511651705,2.71332795485371,1.0
132.9386,136.51527022222226,3.33651383512145,0.25204548440342095,-1.0805199920834432,10.474225999999987,133.930228,136.26089000000002,139.08509,142.416542,131.942316,-0.1017949999999999,0.0,0.0,136.51527022222226,136.51527022222226,0.0,0.07758537665488015,0.13805924882939766,7.221092535096468,0.13404729414838837,0.9817750175579832,-0.5089749999999995,,0.0,,,0.0,0.0,0.06490807165497174,0.6998696071391649,2.8047767328801427,1.0
133.22748,135.6496268888889,3.419862279800835,-0.78618888268064,-0.35066716469541337,11.635340000000014,135.24635,136.82298,137.446572,140.396994,128.761654,0.03878745000000024,0.0,0.0,135.6496268888889,135.6496268888889,0.0,0.06570753098565554,0.13095963636566968,5.012184256312666,0.1433102869517982,0.9722024170821304,0.19393725000000117,,0.0,,,0.0,0.0,0.06331293760803591,0.21481630416042294,3.419852472367531,1.0
133.51637,135.87183644444443,2.1302398966782574,0.29257625130438275,-0.31736159346772297,7.691151999999988,134.84878199999997,135.753624,137.06974199999996,140.09960199999998,132.40845,0.12647229999999965,0.0,0.0,135.87183644444443,135.87183644444443,0.0,0.03605340459718473,0.10154877359559722,4.240788041231677,0.006928954980267644,0.9983687813744928,0.6323614999999982,,0.0,,,0.0,0.0,0.04973006365496423,0.27313203885515214,1.6793898458279939,1.0
133.80525,127.24902044444447,5.60123000864582,0.1831033482686185,-1.8204959771452947,14.025055999999978,122.57857999999999,123.935844,133.1899,134.492324,120.46726800000002,-0.3180657999999994,0.0,0.0,127.24902044444447,127.24902044444447,0.1111111111111111,0.1739032612935662,0.1444989255567578,1.3689836707524958,0.023557995248348826,0.9830827357472814,-1.590328999999997,,0.0,,,0.0,0.0,0.04143122527998286,0.9640663142448339,2.7236943454112157,1.0
134.09413,127.67706933333335,3.430579522213316,0.2471108182297378,-1.8083307201372016,8.308085999999989,124.70358199999998,125.62213799999999,131.47618,132.31248399999998,124.004398,-0.16725840000000006,0.0,0.0,127.67706933333335,127.67706933333335,0.0,0.1726019922922704,0.15570635119928544,0.5276593971370224,0.04303032848802128,0.9245994335479711,-0.8362920000000003,,0.0,,,0.0,0.0,0.0482942904906147,0.7147881054150123,2.0558722634360955,1.0
134.38302,125.57948222222223,3.8717681337699985,0.33967777321161796,-1.7402249277359592,9.583093999999974,122.345506,122.386648,130.03666,131.25682799999998,121.67373400000001,-0.1919360000000001,0.0,0.0,125.57948222222223,125.57948222222223,0.2222222222222222,0.23094878194656562,0.13836486872825507,0.3493362449635856,0.035750770580256996,0.9071618381614768,-0.9596800000000005,,0.0,,,0.0,0.0,0.05799476571894054,0.7370043899599149,2.225624653081773,1.0
134.6719,125.76532377777777,2.6631159265487723,0.24961082542443133,-1.1535711237823556,8.198412000000019,123.620512,125.92375,127.9802,130.33827200000002,122.13986,-0.05141120000000008,0.0,0.0,125.76532377777777,125.76532377777777,0.2222222222222222,0.23179992725061482,0.17034665323653295,0.06309283736165894,0.049381191861013876,0.5609547176500106,-0.2570560000000004,,0.0,,,0.0,0.0,0.03671460151911693,-0.18212857265312257,2.3254125088198943,1.0
134.96078,125.92983888888888,2.684719056944834,-0.21193957582593181,-0.7934634541967887,9.130673999999999,124.27858,126.33503,128.048756,130.187468,121.056794,0.05621004999999961,0.0,0.0,125.92983888888888,125.92983888888888,0.1111111111111111,0.16623159850966848,0.16538587586292267,0.08343189951029018,0.02616894517367873,0.761234091532236,0.28105024999999806,,0.0,,,0.0,0.0,0.03137877323540457,0.31677112079542963,2.681664767953437,1.0
135.24967,124.8863762222222,2.839844462763476,-0.284330091709216,-0.7874902858717214,9.487133999999983,123.86729,124.96406,127.637462,129.104404,119.61727,0.06820599999999999,0.0,0.0,124.8863762222222,124.8863762222222,0.0,0.13290920961951547,0.16231860731106357,0.2478475140154259,0.037648878075168445,0.8681283574678784,0.34102999999999994,,0.0,,,0.0,0.0,0.03295327416576267,0.1981596994805466,2.839703263837734,1.0
135.53855,121.57166933333332,3.050686821618589,0.31141548050015055,-1.3135543052715597,9.171807999999999,118.82211400000001,120.65921399999999,124.14147,126.60923199999999,117.437424,-0.08705640000000017,0.0,0.0,121.57166933333332,121.57166933333332,0.0,0.09237684692296787,0.15113551442579354,1.2978636724691728,0.10070962397624929,0.9279911719142576,-0.43528200000000083,,0.0,,,0.0,0.0,0.01140786809855644,-0.1877627184537422,2.419748809600848,1.0
135.82743,122.77050799999999,2.0537878312044735,0.25907430724385605,-1.0648243372920907,6.539548000000011,120.94711399999998,122.263238,123.894708,126.4173,119.87775199999999,0.0006857000000000113,0.0,0.0,122.77050799999999,122.77050799999999,0.0,0.11843621366525076,0.15738510307555675,0.9794056277694846,0.17387336087660787,0.8492356466446577,0.0034285000000000565,,0.0,,,0.0,0.0,0.013906627923736198,0.026491485760558556,1.96985789454117,1.0
136.11632,122.99900377777777,1.8338721747451145,0.2736555665058106,-1.0925309205618006,5.840351999999982,121.714862,122.56487,124.27857,126.22536199999999,120.38501000000001,-0.012681300000000206,0.0,0.0,122.99900377777777,122.99900377777777,0.0,0.1281001920272174,0.15942838064757042,0.916775097871966,0.20422017467737388,0.8178224478193171,-0.06340650000000103,,0.0,,,0.0,0.0,0.025884901838320287,0.014553999205412392,1.7104649392313096,1.0
136.4052,120.30275866666665,4.24406744794147,0.3902436539048264,-1.5275069868188038,11.625841999999992,116.751946,117.505972,123.79873,127.10277999999998,115.47693799999999,-0.16348815000000022,0.0,0.0,120.30275866666665,120.30275866666665,0.0,0.07256489228225571,0.13635950847066045,1.7940803845851119,0.048029110017500334,0.9739271144003011,-0.8174407500000012,,0.0,,,0.0,0.0,0.012003657971495493,0.13560705189566907,2.9613745663086117,1.0
136.69408,124.5771448888889,2.2805328047323803,-0.03983724975685534,-0.8390137600160941,7.745992000000001,123.52454,124.566482,126.43100799999999,128.418914,120.672922,0.03907304999999965,0.0,0.0,124.5771448888889,124.5771448888889,0.0,0.13275086724255117,0.15916902530877822,0.3489053235285619,0.07703577503199552,0.8191398402871963,0.19536524999999827,,0.0,,,0.0,0.0,0.01315520349019647,0.19939550741916248,2.2777763646223628,1.0
136.98297,124.99453088888887,2.8751930454207173,0.28791030054993155,-0.9836277251270396,9.08954,122.86648,124.85438599999998,126.81487,130.022952,120.933412,-0.04901210000000056,0.0,0.0,124.99453088888887,124.99453088888887,0.0,0.16352435666110435,0.18266066153654564,0.12249282466068794,0.04454586728656665,0.7333200659044624,-0.2450605000000028,,0.0,,,0.0,0.0,0.02721280877102355,-0.4502526893630074,2.580270590855535,1.0
137.27185,127.9009911111111,2.495287704328945,0.1920793735821364,-0.9529132780826237,8.12987200000002,125.81406999999999,127.82939400000001,129.735056,132.408444,124.27857199999998,0.13127084999999994,0.0,0.0,127.9009911111111,127.9009911111111,0.1111111111111111,0.17797790191437476,0.16234535921639454,0.1551677955082314,0.08820340226708831,0.6375766601096513,0.6563542499999997,,0.0,,,0.0,0.0,0.037783314340300946,0.35131478735091115,2.1595310066315223,1.0
137.56073,126.07150555555556,2.5518307715173676,0.2448285160039482,-1.207451669763501,7.677438000000009,123.94954800000001,126.19793,128.46003,130.420532,122.743094,-0.0555238499999998,0.0,0.0,126.07150555555556,126.07150555555556,0.2222222222222222,0.27403311372160527,0.14965249549826518,0.059858855275635336,0.05759743539492261,0.5096266439450665,-0.277619249999999,,0.0,,,0.0,0.0,0.04920295494702661,-0.1460228820584506,2.20676552664665,1.0
137.84962,124.3867317777778,4.035423213105929,0.3197059930067617,-1.7775203962755024,9.665360000000007,120.97453800000001,121.12534799999999,128.93987,130.146342,120.480982,-0.2114722000000004,0.0,0.0,124.3867317777778,124.3867317777778,0.0,0.17913107012224952,0.15756272959606987,0.43464698982980554,0.05078487580668523,0.8953820721479933,-1.057361000000002,,0.0,,,0.0,0.0,0.048230735916888846,0.6452938428827173,2.2324602666761626,1.0
138.1385,124.72338333333333,3.6595714094977456,0.39183828747428745,-1.5535965634341018,9.747609999999995,121.55034799999999,122.24954600000001,128.59713,130.694728,120.947118,-0.16006059999999991,0.0,0.0,124.72338333333333,124.72338333333333,0.0,0.1796937898909035,0.15831541454682144,0.27871910210035516,0.029580090301211812,0.9040539478511236,-0.8003029999999995,,0.0,,,0.0,0.0,0.0512241393224966,0.617406972261752,2.445254544302649,1.0
138.42738,126.16899555555557,2.8949079829855715,0.4424391416377895,-1.460314310243847,7.677449999999993,123.510838,124.95035200000002,129.28262,130.996344,123.318894,-0.10830669999999962,0.0,0.0,126.16899555555557,126.16899555555557,0.2222222222222222,0.2730859565565011,0.12333377855369464,0.1482399987661588,0.051244381968834685,0.7431158176177098,-0.5415334999999981,,0.0,,,0.0,0.0,0.05421026839544417,0.343584415390604,2.0620445354250223,1.0
138.71627,126.88190155555556,2.7527933588545297,0.41736615333773347,-1.353435050262325,7.6089020000000005,124.22375,126.280202,129.62536,131.65441,124.04550800000001,-0.08362894999999995,0.0,0.0,126.88190155555556,126.88190155555556,0.2222222222222222,0.20435054124135865,0.1541149438175354,0.15833653579073498,0.040374831164819575,0.7968167002065271,-0.41814474999999973,,0.0,,,0.0,0.0,0.05155648219420917,0.4307665683151807,2.0812243469798597,1.0
139.00515,126.52849511111111,2.935221164073959,0.4351192487307,-1.417480929730295,8.061328000000003,123.81244799999999,125.430194,129.55681,131.503608,123.44228000000001,-0.10316540000000032,0.0,0.0,126.52849511111111,126.52849511111111,0.2222222222222222,0.22924741334054125,0.1460164660570221,0.1635025866932851,0.035922030877087924,0.8198716317136779,-0.5158270000000016,,0.0,,,0.0,0.0,0.05162029526892882,0.48197312202066095,2.136773598378236,1.0
139.29403,126.52087844444446,2.9329553434108897,0.44323493299179195,-1.4082919385729995,8.061328000000003,123.81244800000002,125.43019399999999,129.55681,131.503608,123.44228000000001,-0.10316540000000067,0.0,0.0,126.52087844444446,126.52087844444446,0.2222222222222222,0.23074959473350729,0.1461771183932352,0.16218208330694417,0.03591943186851752,0.8186816899478467,-0.5158270000000034,,0.0,,,0.0,0.0,0.05249805885494893,0.47179123599596223,2.1419722823921075,1.0
139.58292,128.39149533333335,1.938309470475293,-0.13343938493351745,-1.2557751401548154,6.073409999999981,126.81487,127.99391599999998,129.91327,131.25682799999998,125.183418,0.002056500000000483,0.0,0.0,128.39149533333335,128.39149533333335,0.0,0.15020246082054192,0.1744032776748676,0.20002083889882497,0.07222262481577862,0.7347130986955048,0.010282500000002415,,0.0,,,0.0,0.0,0.06693933711216402,-0.1879397079425313,1.9213234425106926,1.0
139.8718,125.41800888888889,3.9388794695847884,0.3471281748395671,-1.713948218778417,9.665358000000026,121.87937400000001,122.797936,130.09150799999998,131.092316,121.42695799999998,-0.21010130000000055,0.0,0.0,125.41800888888889,125.41800888888889,0.2222222222222222,0.23079592512214864,0.14432535394581658,0.3787964763799535,0.03578211556638475,0.9136903922371724,-1.0505065000000027,,0.0,,,0.0,0.0,0.0694938757262683,0.681347325434403,2.2617530729152313,1.0
140.16068,126.5132628888889,2.9432900624710796,0.46214170857794085,-1.4019841288366734,8.061328000000003,123.81244799999999,125.43019399999999,129.69391,131.503608,123.44228000000001,-0.10659290000000006,0.0,0.0,126.5132628888889,126.5132628888889,0.2222222222222222,0.23555159715410184,0.14720549994292711,0.16582840229939214,0.03618731058218161,0.8208688316958674,-0.5329645000000003,,0.0,,,0.0,0.0,0.06040255440806108,0.4376798552542121,2.1588379570324236,1.0
140.44957,125.32356422222223,3.9138709645993313,0.3644800697719077,-1.6882733358317437,9.953257999999991,122.07132200000001,122.12614799999999,129.69391,131.311668,121.35841,-0.19022209999999937,0.0,0.0,125.32356422222223,125.32356422222223,0.1111111111111111,0.21451670866120132,0.14466937557399653,0.34106056145937774,0.029403207540594715,0.9206313542832307,-0.9511104999999969,,0.0,,,0.0,0.0,0.0559164795357509,0.7655172752754092,2.2972777686318597,1.0
140.73845,128.11425377777775,2.0267206604170407,0.04960036399901016,-1.1973155974843086,6.498412000000002,126.81487,127.58262399999998,129.55682,131.407636,124.909224,-9.999999974752428e-08,0.0,0.0,128.11425377777775,128.11425377777775,0.0,0.1538713065821685,0.17443417360123406,0.15936897469262012,0.059007808841640905,0.7297890006454734,-4.999999987376214e-07,,0.0,,,0.0,0.0,0.05884765834016379,-0.1722959164797181,1.9876827059201434,1.0
141.02733,126.33046844444445,2.6048223440377,0.31107311601344595,-1.129947211485969,8.143572000000034,124.85439,125.95116799999998,128.87133,130.80440800000002,122.66083599999999,-0.07300405000000047,0.0,0.0,126.33046844444445,126.33046844444445,0.2222222222222222,0.3058620258961483,0.12030774521396648,0.07852943452879459,0.04306148084154174,0.6458495211178245,-0.3650202500000024,,0.0,,,0.0,0.0,0.05555762567734075,-0.039347881585498665,2.2151343074800414,1.0
141.31622,128.33360977777778,2.769124891382183,0.037306268019505595,-0.9623719819183894,9.226656000000006,126.033426,128.39149,130.26973599999997,133.066514,123.839858,0.13744010000000023,0.0,0.0,128.33360977777778,128.33360977777778,0.0,0.13303070801289688,0.15804733026401147,0.18292314018671557,0.03999508229586653,0.8205840602328957,0.6872005000000012,,0.0,,,0.0,0.0,0.0386917389526654,0.5024922283010809,2.4593924665341884,1.0
141.6051,128.28029533333336,2.8087863105503614,0.05254706886726973,-1.0178415400530245,9.226656000000006,126.033426,128.39149,130.269736,133.066514,123.839858,0.1425811000000003,0.0,0.0,128.28029533333336,128.28029533333336,0.0,0.13730781566277603,0.15876797139869483,0.18503347246780397,0.04067546858781958,0.8197879601952749,0.7129055000000015,,0.0,,,0.0,0.0,0.043951489604937624,0.5174996980746449,2.4667069834793227,1.0
141.89398,125.58557200000001,2.136617502794752,-0.09468129688852853,-1.3155080780782813,6.416161999999986,124.168902,125.43020199999998,127.08907,128.651986,122.23582400000001,-0.002056599999999875,0.0,0.0,125.58557200000001,125.58557200000001,0.0,0.20544173883391095,0.1713214539236948,0.11898014388560157,0.1281580205760684,0.4814316886128354,-0.010282999999999376,,0.0,,,0.0,0.0,0.04103477539459022,-0.2287446042381582,2.0789110688519985,1.0
142.18287,125.91460599999999,2.2961691522049863,-0.11434021464036809,-1.3317047762773961,7.005675999999994,124.34713,125.99229799999998,127.77455599999999,129.255212,122.249536,0.010282399999999825,0.0,0.0,125.91460599999999,125.91460599999999,0.4444444444444444,0.21807429890102104,0.1712614649394177,0.08138900424110473,0.09595177950381456,0.45894126819850795,0.051411999999999125,,0.0,,,0.0,0.0,0.057337710082539274,-0.21295096751216833,2.276680740007866,1.0
142.47175,127.0540368888889,2.604272061147919,-0.2833539515717566,-1.1014497871562596,8.362937999999971,124.82697,127.43182000000002,129.31005,130.84553799999998,122.4826,0.021250249999999936,0.0,0.0,127.0540368888889,127.0540368888889,0.4444444444444444,0.22063139504896595,0.17702494951035913,0.04363062743673306,0.04228500675534925,0.5078310577141826,0.10625124999999969,,0.0,,,0.0,0.0,0.07937675193604193,-0.2193175143579544,2.603549195404793,1.0
142.76063,127.07688577777779,2.5854665989872267,-0.29818402368886665,-1.0551871880135815,8.362937999999971,125.03261,127.43182000000002,129.31005,130.84553799999998,122.4826,0.021250249999999936,0.0,0.0,127.07688577777779,127.07688577777779,0.4444444444444444,0.2151034876966304,0.1774112863228572,0.04213112302816538,0.04062332822180121,0.509110051977674,0.10625124999999969,,0.0,,,0.0,0.0,0.07333806220197907,-0.21099670342208598,2.583971831125419,1.0
143.04951,126.67778222222222,2.39729132096288,-0.21036052290410195,-0.9117837095571191,8.047616000000005,124.82697,126.760044,128.446336,130.461666,122.41405,0.015080650000000162,0.0,0.0,126.67778222222222,126.67778222222222,0.4444444444444444,0.25330545074295047,0.15577593565828926,0.0421991868331809,0.045175888405830755,0.48296595647499946,0.07540325000000081,,0.0,,,0.0,0.0,0.05957608886311046,-0.04887011068797219,2.3926031258406604,1.0
143.3384,126.42034377777779,2.4170705580088616,-0.16410576138591043,-1.0372396938175377,7.896811999999997,124.89552,126.51326999999999,128.158432,130.173764,122.27695200000001,0.011310549999999964,0.0,0.0,126.42034377777779,126.42034377777779,0.4444444444444444,0.26261971665506245,0.15599925633013037,0.03707918664454758,0.05524967699049486,0.40159907903723685,0.05655274999999982,,0.0,,,0.0,0.0,0.05353131866946182,-0.18518691345944363,2.400493539501617,1.0
143.62728,125.79578844444444,2.2879145359080555,-0.13013275574523017,-1.3214392975303098,6.991968000000028,124.21003,125.88262,127.664876,129.090696,122.09872799999998,0.010967650000000263,0.0,0.0,125.79578844444444,125.79578844444444,0.4444444444444444,0.20912438356951457,0.1723276718295654,0.09779846607287374,0.09985114571262656,0.4948072760675545,0.05483825000000131,,0.0,,,0.0,0.0,0.05693252988253131,-0.19192176154123664,2.2702474057152977,1.0
143.91616,125.21998,2.1839862740348064,-0.083502466991687,-1.214293921153187,6.841161999999969,123.73019,125.032614,126.67778,128.48746799999998,121.64630600000001,-0.0010283999999995074,0.0,0.0,125.21998,125.21998,0.0,0.1789212624050103,0.17301392447835237,0.19542876607828047,0.11526720825019537,0.6290032126672095,-0.005141999999997537,,0.0,,,0.0,0.0,0.05280773448522711,-0.12989643827553798,2.150369949663956,1.0
144.20505,126.20555644444445,2.163157178542053,0.43288470973979926,-0.3049820272737529,7.691151999999988,124.62132,125.99229,127.212458,130.598762,122.90761,0.11516179999999991,0.0,0.0,126.20555644444445,126.20555644444445,0.1111111111111111,0.21207412465629594,0.1565526622575742,0.32609598562529607,0.2731233191017747,0.5442014017212019,0.5758089999999996,,0.0,,,0.0,0.0,0.053474479824134474,0.1924126375434235,1.7805821419067138,1.0
144.49393,125.23826088888889,2.3939599062227193,0.29461062034871877,-0.6202184810705647,7.965339999999998,123.634222,125.16971,126.622938,129.84473,121.87939,0.11687550000000009,0.0,0.0,125.23826088888889,125.23826088888889,0.0,0.16311164100120246,0.15770127507934364,0.5156042305344455,0.17358193768253496,0.7481349078632428,0.5843775000000004,,0.0,,,0.0,0.0,0.055784276962094294,0.3784763234398607,2.0836413061916614,1.0
144.78281,124.08207355555555,2.4350704346129355,0.09386626586432535,-0.8128100081879666,8.047616000000005,122.57857200000001,124.07293,125.430192,128.3915,120.343884,0.1079642500000002,0.0,0.0,124.08207355555555,124.08207355555555,0.0,0.1278676229068559,0.15038325222195043,0.9063261104080771,0.14225287252237534,0.8643374748831447,0.539821250000001,,0.0,,,0.0,0.0,0.04980658108344564,0.5011012986064045,2.1690068952925783,1.0
145.0717,123.69210866666668,3.4336483693197843,-0.08676925586282139,-0.9094882779692299,11.26940999999998,122.63341,123.16808599999999,126.29391799999999,129.24150799999998,117.972098,0.1652024499999996,0.0,0.0,123.69210866666668,123.69210866666668,0.0,0.10320574861071757,0.1312358024675679,1.1785948232855856,0.06394355158858891,0.9485379663304822,0.826012249999998,,0.0,,,0.0,0.0,0.059871706505101235,0.7366608564427808,2.987128916739309,1.0
145.36058,119.1511448888889,3.3089605357405056,0.1968654197114139,-0.856786055791841,10.995199999999997,117.300332,118.34226999999998,121.26244,124.71729,113.72209000000001,-0.04935485000000028,0.0,0.0,119.1511448888889,119.1511448888889,0.0,0.07216117655740704,0.13704962153404923,3.0638815671739885,0.10775507378885554,0.9660254038896632,-0.24677425000000142,,0.0,,,0.0,0.0,0.05597146206115071,0.016312833314796854,3.046785269043206,1.0
145.64946,121.129914,2.910649886168301,-0.24313325278198814,-0.8501462071107744,9.829883999999993,119.274528,121.81083,123.67534799999999,125.676976,115.847092,0.04729870000000034,0.0,0.0,121.129914,121.129914,0.0,0.08382702288606958,0.13758949877927323,2.119243006722284,0.09982307680747757,0.9550157259200702,0.2364935000000017,,0.0,,,0.0,0.0,0.06939964810054321,0.45757281006416983,2.9037703259746506,1.0
145.93835,121.21674244444444,3.0070363385403267,-0.1494498906818467,-0.8986413703929732,10.090369999999993,119.466464,121.81083,123.771328,126.10197799999999,116.011608,0.04901245000000003,0.0,0.0,121.21674244444444,121.21674244444444,0.0,0.08272527226558575,0.13738474384284718,2.054092577811339,0.08591970460061868,0.9598508357158746,0.24506225000000015,,0.0,,,0.0,0.0,0.08345353333624465,0.48195058902834825,2.9963658763912253,1.0
146.22723,121.20912577777777,3.005608377089061,-0.14232460041846395,-0.8961920730154525,10.090369999999993,119.466464,121.74228,123.771328,126.10197799999999,116.011608,0.050726200000000075,0.0,0.0,121.20912577777777,121.20912577777777,0.0,0.08243588062940364,0.13711242322449863,2.0630492035198182,0.0856339826976246,0.960145831017373,0.2536310000000004,,0.0,,,0.0,0.0,0.08269771990834408,0.48777737022874357,2.9939122281469226,1.0
146.51611,118.59513844444444,3.233578980288315,0.35513685537895906,-0.9742770942608758,10.542787999999973,117.026134,117.49227,121.33099,124.14148599999999,113.59869800000001,-0.08362919999999967,0.0,0.0,118.59513844444444,118.59513844444444,0.0,0.07316613356939544,0.13747402399461067,3.560915833270256,0.12673703512948575,0.9656320592667264,-0.41814599999999835,,0.0,,,0.0,0.0,0.0633504981141262,0.04240862869457262,2.857937373427583,1.0
146.805,105.647074,11.336689674826477,0.03562656000495218,-1.5952127942739749,32.574291999999986,97.72286600000001,99.176086,117.149522,120.98825,88.41395800000001,-0.8143572999999996,0.0,0.0,105.647074,105.647074,0.0,0.0778563165585336,0.1339401970120758,20.749823353549697,0.2995818311819849,0.9857676818583994,-4.071786499999998,,0.0,,,0.0,0.0,0.15802896789087245,0.6331900127909957,3.3490649039790807,1.0
147.09388,118.52963666666668,3.228006243376999,0.3673942320533313,-0.9819397023621952,10.501660000000001,116.847908,117.56082,121.26244,124.086648,113.584988,-0.0843146499999996,0.0,0.0,118.52963666666668,118.52963666666668,0.0,0.07236438267120666,0.1368437933673433,3.6080780305684397,0.1270204076202211,0.9659927549919088,-0.421573249999998,,0.0,,,0.0,0.0,0.05862595491144939,0.04132610707373191,2.8354651952637333,1.0
147.38276,111.44018999999999,7.344486294193275,0.16730984655388312,-1.7366632711189955,19.714572000000004,105.44142000000002,107.08659,119.64469,121.33099,101.616418,-0.4928643000000001,0.0,0.0,111.44018999999999,111.44018999999999,0.0,0.06892189497743303,0.1339857767623724,10.929882596276448,0.1801169465134141,0.9837878529231188,-2.4643215000000005,,0.0,,,0.0,0.0,0.09501687220961788,0.3251851337864317,3.1209437760426737,1.0
147.67165,118.71243244444446,3.3600366879165957,0.43880816736193,-1.0367826315265316,10.80327399999996,116.94388,117.327754,121.81083,124.56648799999998,113.76321400000002,-0.09391145000000023,0.0,0.0,118.71243244444446,118.71243244444446,0.0,0.07351230471588584,0.13981246274838907,3.425500822942194,0.11431267890227509,0.9677065814514009,-0.46955725000000115,,0.0,,,0.0,0.0,0.09232534197227855,0.0031087922500129535,2.9987810068664125,1.0
147.96053,121.2472068888889,3.060349694446786,-0.2077294289527367,-0.9673767288327877,10.090369999999993,119.466464,122.00277200000001,123.771328,126.10197799999999,116.011608,0.03530294999999981,0.0,0.0,121.2472068888889,121.2472068888889,0.0,0.08675847301360774,0.1408982768163776,2.02089811400504,0.09131210613966459,0.9567694042172158,0.17651474999999905,,0.0,,,0.0,0.0,0.10012911049301186,0.4218455252187084,3.0541879300638217,1.0
148.24941,123.6007097777778,3.6359055078374958,-0.23768629208075015,-0.912547183902094,11.26940999999998,122.660826,123.1818,126.293918,129.24150799999998,117.972098,0.15149269999999965,0.0,0.0,123.6007097777778,123.6007097777778,0.0,0.11333363373890146,0.13869077873381958,1.2776222668789392,0.07858029357918682,0.9420585862580526,0.7574634999999983,,0.0,,,0.0,0.0,0.11138376304092774,0.6479526783187366,3.17273928828103,1.0
148.5383,123.63879200000002,3.6568901939518703,-0.2950260754102523,-0.8854164106976925,11.406498000000013,122.660826,123.66164,126.293918,129.241508,117.83501,0.1394967000000001,0.0,0.0,123.63879200000002,123.63879200000002,0.0,0.1167867650000622,0.14141746553366763,1.2483323143788017,0.08265714978871118,0.9378979683102149,0.6974835000000006,,0.0,,,0.0,0.0,0.12575790353094138,0.60444118658494,3.2319636786440076,1.0
148.82718,123.97391844444444,3.5236187889044768,-0.2835360821349597,-0.868963313948429,11.269411999999988,122.907602,124.55277,126.362466,129.433446,118.16403400000002,0.1220169000000002,0.0,0.0,123.97391844444444,123.97391844444444,0.0,0.11820900139186641,0.14176771841324162,1.0206188299946144,0.07101911865416148,0.934942607266848,0.610084500000001,,0.0,,,0.0,0.0,0.12090787034782034,0.585331951567641,3.197891862721773,1.0
149.11606,123.98153511111111,3.590968943854578,-0.34303732931071323,-0.8804734591563492,11.269411999999988,122.90760200000003,124.662446,126.362466,129.433446,118.16403400000002,0.11173465,0.0,0.0,123.98153511111111,123.98153511111111,0.0,0.12374364460472283,0.14527112502774356,1.0311792832708142,0.0769994820256755,0.9305170929726972,0.55867325,,0.0,,,0.0,0.0,0.14230930497107844,0.5295618070450319,3.2838304482662712,1.0
149.40495,124.0622688888889,3.5462925825348126,-0.32717454871178797,-0.8779198712866316,11.310540000000003,122.96244000000002,124.703576,126.403594,129.501994,118.191454,0.10830734999999976,0.0,0.0,124.0622688888889,124.0622688888889,0.0,0.12392007669543323,0.14534596730119,0.9799000491232295,0.07525680700943045,0.9286771377498054,0.5415367499999988,,0.0,,,0.0,0.0,0.13877438293912825,0.5266937088591959,3.2617824677604066,1.0
149.69383,124.10796777777779,3.5628801454868504,-0.3558382923138324,-0.897262933201957,11.310540000000003,122.96243999999999,124.703576,126.403594,129.501994,118.191454,0.0980250999999999,0.0,0.0,124.10796777777779,124.10796777777779,0.0,0.1274674602036345,0.1473101351723996,0.9590931412103146,0.07718541285402218,0.925516732307304,0.49012549999999955,,0.0,,,0.0,0.0,0.1511601804690185,0.4874878328045038,3.308957284386437,1.0
149.98271,123.79873777777779,3.6799694084104644,-0.3498756707426844,-0.8564839670335207,11.612145999999996,122.811634,124.34712,126.335046,129.378606,117.76646,0.12578714999999968,0.0,0.0,123.79873777777779,123.79873777777779,0.0,0.12343482891429,0.14519380291949793,1.1647735699147261,0.08632762557620263,0.9309986866126941,0.6289357499999984,,0.0,,,0.0,0.0,0.14544032643645513,0.5440097893188552,3.298360527936511,1.0
150.2716,123.63879200000002,3.7205822836275946,-0.3592457733260746,-0.8568033892502647,11.749237999999977,122.660826,124.00438,126.293918,129.24150799999998,117.49227,0.1309281999999996,0.0,0.0,123.63879200000002,123.63879200000002,0.0,0.12110722911207408,0.14429548507579915,1.2597523768267824,0.08932895610966236,0.9337853441285076,0.654640999999998,,0.0,,,0.0,0.0,0.14420220874649822,0.5586809146493449,3.311454022018614,1.0
150.56048,123.615942,3.693542433494071,-0.3152380659207416,-0.8749081834158505,11.612147999999976,122.660826,123.66164,126.293918,129.24150799999998,117.62936,0.13949669999999942,0.0,0.0,123.615942,123.615942,0.0,0.11811385517716431,0.1422048506366844,1.2730146258951638,0.08547716188055192,0.9370793679112237,0.697483499999997,,0.0,,,0.0,0.0,0.13204909931244815,0.5940567792545549,3.259362908035724,1.0
150.84936,123.59309311111113,3.7438047939709778,-0.3497248280766769,-0.8529946627082095,11.88633799999998,122.660826,123.73019,126.293918,129.24150799999998,117.35517,0.1377829499999997,0.0,0.0,123.59309311111113,123.59309311111113,0.0,0.12027410497204748,0.14352247173119242,1.3002935785040557,0.08988157942510122,0.9353451404983197,0.6889147499999986,,0.0,,,0.0,0.0,0.14198182076950042,0.5744740174968238,3.3037412563063766,1.0
151.13825,123.51692755555557,3.782989489117099,-0.3295603111504516,-0.8557442634636878,12.091987999999986,122.660826,123.25035,126.293918,129.24150799999998,117.14952,0.1497789499999996,0.0,0.0,123.51692755555557,123.51692755555557,0.0,0.11885660882704963,0.14207938945014031,1.371740313288024,0.09034964848732027,0.9382051372054879,0.748894749999998,,0.0,,,0.0,0.0,0.1381886439967224,0.6023260846276134,3.2883587522028552,1.0
151.42713,121.14819244444445,3.278968973919125,-0.3122825232416628,-1.059395001804316,10.090369999999993,119.466464,122.00277200000001,123.771328,126.10197799999999,116.011608,0.02502044999999988,0.0,0.0,121.14819244444445,121.14819244444445,0.0,0.09681557783551288,0.14801703593351928,2.146750115704453,0.11243847451548614,0.950230593808212,0.12510224999999942,,0.0,,,0.0,0.0,0.14842471636055318,0.32353488734290453,3.2659906814336352,1.0
151.71601,118.65149911111111,3.575463932339985,0.43054363457299444,-1.2663177691490888,10.803274000000016,115.99790800000001,117.327754,122.70196,124.566488,113.76321399999999,-0.11618970000000033,0.0,0.0,118.65149911111111,118.65149911111111,0.0,0.08415741791110877,0.14957538366089554,3.522332080952932,0.13979255442898172,0.9618274721797977,-0.5809485000000016,,0.0,,,0.0,0.0,0.15692336602313095,-0.12128916971856743,3.253320649184896,1.0
152.0049,96.7768868888889,17.07590030472116,0.0034466070379668918,-1.387604148642026,52.52193199999999,85.713158,88.67444599999999,112.76241200000001,121.81083,69.288898,-1.3130482999999997,0.0,0.0,96.7768868888889,96.7768868888889,0.0,0.08618879751882955,0.1388820708827279,42.22122671150421,0.4793371685935406,0.9887744534231823,-6.565241499999999,,0.0,,,0.0,0.0,0.30828934966381405,0.7591209479327983,4.104483780390171,1.0
152.29378,99.53710822222223,14.859220910123552,0.022382473584593717,-1.417167583396962,45.557402000000025,89.661552,92.22525799999998,113.69467399999999,121.53664,75.97923799999998,-1.1389350500000006,0.0,0.0,99.53710822222223,99.53710822222223,0.0,0.08355323725734853,0.13903391377475297,34.59308612685665,0.40518032238314394,0.9884228459409654,-5.694675250000003,,0.0,,,0.0,0.0,0.2743004124905174,0.7094452733111194,3.8239829367750144,1.0
152.58266,99.46094377777777,14.76288518083416,0.012455913026087536,-1.4223022195703372,45.14611199999999,89.661552,92.22525799999998,113.4479,121.12535,75.97923800000001,-1.1286527999999998,0.0,0.0,99.46094377777777,99.46094377777777,0.0,0.08244832079607116,0.13859509147722454,34.70807285772089,0.4040300161929932,0.9884931410191324,-5.6432639999999985,,0.0,,,0.0,0.0,0.2618876368364071,0.7003512441490117,3.8480556174681353,1.0
152.87155,97.03889422222223,16.07554089616287,0.008173657963433525,-1.405007340238412,49.313866000000004,86.45347799999999,89.003476,112.26886400000001,120.57696,71.263094,-1.2328466500000002,0.0,0.0,97.03889422222223,97.03889422222223,0.0,0.08198741035331213,0.13738948846514412,41.32361230780117,0.4644109795712371,0.9888865051960842,-6.1642332500000006,,0.0,,,0.0,0.0,0.2849385160170777,0.7186967643417174,4.072698932458037,1.0
153.16043,62.87843711111111,37.351042092393705,0.13953950075826468,-1.1706467827109683,117.942206,39.679666000000005,43.413692,89.850984,120.43986,2.497654,-2.94855515,0.0,0.0,62.87843711111111,62.87843711111111,0.0,0.08894458254855364,0.13487130393722027,202.36044410930833,2.6268163451253326,0.9871854653825771,-14.74277575,,0.0,,,0.0,0.0,0.9984217594373506,0.7772770037836069,9.027380469780283,1.0
153.44931,36.43790133333334,53.90296270253856,0.18544338030515953,-1.0975297615602102,170.678212,3.8129399999999998,8.735494,72.607322,120.02857,-50.64964199999999,-4.2669553,0.2222222222222222,-26.431809999999995,54.40067600000001,80.832486,0.0,0.09074432841746029,0.13442138603253057,412.4505331855472,6.0416454784452505,0.985563301331386,-21.3347765,337.5,45.0,315.0,360.0,52.86361999999999,0.0,1.5571769813668985,0.7674136634581664,13.629910734080259,1.0
153.7382,36.26272244444445,53.65275792291405,0.17776194815488386,-1.0980364794510948,170.266932,3.81294,8.735494000000001,72.607322,119.61729,-50.649642,-4.2566733,0.2222222222222222,-26.43181,54.175446,80.607256,0.0,0.09042626401781172,0.134595732806113,413.02186834568363,5.930921385492723,0.9858434612897627,-21.2833665,337.5,45.0,315.0,360.0,52.86362,0.0,1.5342753211323386,0.7683014656806431,13.486669923902989,1.0
154.02708,18.13391,64.91696901226241,0.1847040163431536,-1.0747401791139661,206.37832200000003,-20.754868,-14.982310000000002,61.488742,119.0689,-87.30942200000001,-5.1594580500000005,0.5555555555555556,-33.6428324,82.854838,116.4976704,0.0,0.09105607090373025,0.134629991713599,598.2174244562968,8.677275421511691,0.9857021730073481,-25.79729025,258.75,202.5,157.5,360.0,168.21416200000002,0.0,1.8757052458074963,0.770073140062067,16.547536984573757,1.0
154.31596,18.08821111111111,64.85999655831921,0.1841120823432377,-1.07239164881446,206.72106200000002,-20.754868,-14.982309999999998,61.488742,119.41164,-87.309422,-5.16802655,0.5555555555555556,-33.642832399999996,82.7520155,116.3948479,0.0,0.09123902800054655,0.13496652937400475,598.5744794304597,8.576560403623102,0.9858740908916741,-25.840132750000002,258.75,202.5,157.5,360.0,168.214162,0.0,1.8740946076986558,0.7726400252802694,16.469372074446664,1.0
154.60485,18.118676666666662,64.91044450847315,0.18609881707984433,-1.0704261021148478,207.13235200000003,-20.754868,-14.982309999999998,61.488742,119.82293,-87.30942200000001,-5.178308800000001,0.5555555555555556,-33.6428324,82.82056299999999,116.4633954,0.0,0.09147560996051539,0.13516635484317374,598.6005400770428,8.550049725264302,0.9859177445118732,-25.891544000000003,258.75,202.5,157.5,360.0,168.21416200000002,0.0,1.8815135345831402,0.774273832160349,16.465784832193584,1.0
154.89373,18.042511111111114,64.81020693424904,0.18443151049115553,-1.068029002822631,207.33799199999999,-20.754868,-14.982309999999998,61.488742,120.02857,-87.309422,-5.1834498,0.5555555555555556,-33.642832399999996,82.6491905,116.2920229,0.0,0.09157997473196242,0.1354849979593684,599.0549979272138,8.440421990899253,0.9861061965008137,-25.917248999999998,258.75,202.5,157.5,360.0,168.214162,0.0,1.8760954144536233,0.7764902000879524,16.374201868413333,1.0
155.18261,17.905414444444446,64.61180862987676,0.17908418805222384,-1.0688606773708158,206.85815200000002,-20.754868,-14.982309999999998,61.488742,119.54873,-87.309422,-5.1714538,0.5555555555555556,-33.642832399999996,82.340723,115.9835554,0.0,0.09128701302634543,0.13549582157567547,599.5188117515241,8.365110967463014,0.9862389665939089,-25.857269000000002,258.75,202.5,157.5,360.0,168.214162,0.0,1.8570602774414577,0.7761491741969782,16.277971193829753,1.0
155.4715,17.76831777777778,64.42568575386329,0.17524281751919038,-1.066325087099088,206.85815200000002,-20.754868,-14.982309999999998,61.488742,119.54873,-87.309422,-5.1714538,0.5555555555555556,-33.642832399999996,82.03225549999999,115.6750879,0.0,0.09126878448321858,0.13582625683342137,600.2002099661696,8.228451548590703,0.9864758975551816,-25.857269000000002,258.75,202.5,157.5,360.0,168.214162,0.0,1.8440407001700734,0.7780675902911983,16.150865595688305,1.0
155.76038,36.340411555555555,51.81030700574577,0.16830295508349805,-1.0919420789559529,167.058852,4.868588,9.146786000000002,72.936354,119.20599,-47.852862,-4.1764713,0.2222222222222222,-23.929786,53.56046800000001,77.49025400000001,0.0,0.08973476263019285,0.13646725913729316,408.64050479625917,5.277937248567731,0.9872488473270421,-20.8823565,337.5,45.0,315.0,360.0,47.859572,0.0,1.445883723457396,0.7750627414362837,13.008371802093327,1.0
156.04926,36.22616488888888,51.653291125345824,0.1638029554748923,-1.0909359227225852,166.784662,4.868588,9.146786000000002,72.936354,118.9318,-47.85286200000001,-4.16961655,0.2222222222222222,-23.929786000000004,53.41357942857143,77.34336542857143,0.0,0.08952810722186447,0.1365829668342789,409.07323883396003,5.227206413144991,0.9873830538363868,-20.84808275,337.5,45.0,315.0,360.0,47.85957200000001,0.0,1.4329400935744534,0.7747770903418627,12.940214962111533,1.0
156.33815,36.14238266666667,51.55857415012082,0.16369525621505918,-1.0833646784559616,167.12740200000002,4.868588,9.146786000000002,72.936354,119.27454,-47.852862,-4.178185050000001,0.2222222222222222,-23.929786,53.30585942857143,77.23564542857143,0.0,0.08977527208186886,0.13711949857471667,409.5957701949511,5.148834651543909,0.9875855295247341,-20.890925250000002,337.5,45.0,315.0,360.0,47.859572,0.0,1.4335391252301715,0.7769068053912717,12.881270699906565,1.0
156.62703,35.97482044444445,51.347399652998654,0.15993953771442387,-1.075807665761581,167.12740200000002,4.868588,9.146786000000002,72.936354,119.27454,-47.852862,-4.178185050000001,0.2222222222222222,-23.929786,53.09042228571429,77.02020828571429,0.0,0.08977605562740806,0.13762713092134943,410.4050976755285,5.0544040472748755,0.9878341835331378,-20.890925250000002,337.5,45.0,315.0,360.0,47.859572,0.0,1.423695667871813,0.7776277355214538,12.790516440596276,1.0
156.91591,49.75613022222222,41.293218372341485,0.17434561404411253,-1.0714213202135512,135.759568,24.254123999999997,27.312156000000005,80.50411799999999,118.6576,-17.101968,-3.3939892,0.1111111111111111,-17.101968,58.113392499999996,75.2153605,0.0,0.0875073212896207,0.13860420121497788,292.4189643751869,3.4510678390830654,0.9883358655374648,-16.969946,348.75,22.5,337.5,360.0,17.101968,0.0,1.158911761797575,0.753363423873102,10.578415914369636,1.0
157.2048,51.25810622222222,42.106524953959166,0.08521972787948869,-1.2294967259739173,135.485378,24.254123999999997,27.312156000000005,84.739752,118.38341,-17.101967999999996,-3.38713445,0.1111111111111111,-17.101967999999996,59.8031155,76.90508349999999,0.0,0.0857672736346197,0.1378305335374881,263.58787533244123,1.120198209560501,0.9957681751271469,-16.93567225,348.75,22.5,337.5,360.0,17.101967999999996,0.0,1.1477684270334294,0.9255038562865329,12.232637292740291,1.0
157.49368,66.0585051111111,30.12994206410092,0.1630099800358571,-1.1136374836253302,99.62076199999998,46.600956,48.479956,89.689628,117.49228,17.871518000000002,-2.4905190499999996,0.0,0.0,66.0585051111111,66.0585051111111,0.0,0.08224437661239267,0.14016105761386147,173.93723148266577,1.0829834956804258,0.9938122376554401,-12.452595249999998,,0.0,,,0.0,0.0,0.8718354454147506,0.7877608897938683,9.064501335633746,1.0
157.78256,86.49723,16.877582658879636,0.4307101052228233,-1.1093097554495104,53.87671,75.242664,76.538852,101.79213999999999,116.73824,62.86153,-1.34691775,0.0,0.0,86.49723,86.49723,0.0,0.07479735439506092,0.14547008393331257,75.32303184238279,0.5194132921763217,0.9931514168437726,-6.73458875,,0.0,,,0.0,0.0,0.6549805403864639,-0.19299993717537878,8.324162945976969,1.0
158.07145,89.11273933333332,21.238368942059573,0.740581467811175,-0.7664372982434293,67.43561199999999,75.24266399999999,76.538852,101.79213999999999,130.29714199999998,62.861529999999995,-1.3417765000000001,0.0,0.0,89.11273933333332,89.11273933333332,0.0,0.1023904478060492,0.1545451915453997,57.13174599026104,4.5322274491845205,0.9265012097585984,-6.7088825000000005,,0.0,,,0.0,0.0,0.6857800130191591,-0.13318261787876143,14.497197681242953,1.0
158.36033,86.95726711111111,17.751706643583496,0.4804977342393142,-1.1939191656517696,53.94526000000001,75.24266399999999,76.538852,101.79213999999999,116.80679,62.861529999999995,-1.3486315000000002,0.0,0.0,86.95726711111111,86.95726711111111,0.0,0.07742243889483415,0.148606742097072,70.6404020189429,0.6327230295422374,0.9911225580580209,-6.7431575000000015,,0.0,,,0.0,0.0,0.7139053244057891,-0.37978019767457677,10.023930055343733,1.0
158.64921,89.77436066666667,22.45357805913899,0.7856105539162378,-0.72790836798674,71.306322,75.24266399999999,76.538852,105.863932,134.16785199999998,62.861529999999995,-1.3520590000000001,0.0,0.0,89.77436066666667,89.77436066666667,0.0,0.1116719812366367,0.15645097948426828,53.9616124274467,6.116029100556419,0.8981979161449695,-6.760295,,0.0,,,0.0,0.0,0.7455535355573574,-0.09034035536018996,15.954758444184097,1.0
158.9381,91.45636177777777,24.68122282607203,0.66225935112244,-1.243481000741673,70.90873799999999,75.01956,76.429174,116.60114,134.16785199999998,63.259114,-1.33355065,0.0,0.0,91.45636177777777,91.45636177777777,0.0,0.12212068094352732,0.15755587798265192,46.753541116787154,7.459866994830459,0.8623981178317013,-6.6677532500000005,,0.0,,,0.0,0.0,1.060723529652007,0.06418115421081431,17.901666464352385,1.0
159.22698,95.7493051111111,25.391436645581262,0.2342395424415046,-1.653949391962644,70.90873799999999,75.01955999999998,81.91556,117.259214,134.16785199999998,63.259114,-1.3369781500000002,0.0,0.0,95.7493051111111,95.7493051111111,0.0,0.14991168390051637,0.17292461378312587,35.273284792106466,13.261758594746581,0.7267591070411705,-6.684890750000001,,0.0,,,0.0,0.0,1.1334682409651151,-0.26758520613200415,22.667005089274138,1.0
159.51586,90.30447133333332,22.809221469181914,0.7449488955470013,-0.8914321539391463,70.90873799999999,75.01956,80.1333,110.34701199999999,134.16785199999998,63.259114,-1.3541154000000002,0.0,0.0,90.30447133333332,90.30447133333332,0.0,0.12225078361393688,0.1619840204675515,52.328845126964225,7.319346209820397,0.8772913973437727,-6.770577000000001,,0.0,,,0.0,0.0,0.974113100112626,-0.1768372587385548,17.65079734289296,1.0
159.80475,90.0744531111111,23.030057233857864,0.7576919780059189,-0.915762281668242,70.90873799999999,75.01956,77.80265,110.34701199999999,134.16785199999998,63.259114,-1.3695389000000002,0.0,0.0,90.0744531111111,90.0744531111111,0.0,0.12467309670878098,0.16312454843196475,53.48220825580194,7.606474905132339,0.8754847131803265,-6.847694500000001,,0.0,,,0.0,0.0,1.0594397718470026,-0.20376532318562451,18.05400696730402,1.0
160.09363,89.94497199999999,23.198311221956438,0.7607210827192934,-0.9365613199630807,70.90873799999999,75.01956,76.15748,110.34701199999999,134.16785199999998,63.259114,-1.3815349000000001,0.0,0.0,89.94497199999999,89.94497199999999,0.0,0.126619838687196,0.1640523566893839,54.2278257138272,7.841810992821294,0.8736610779603823,-6.907674500000001,,0.0,,,0.0,0.0,1.1207735995208774,-0.22375872930812443,18.368997311302177,1.0
160.38251,71.06458355555554,36.24504022271616,0.4662462481149197,-1.046759715147833,114.95278199999998,47.218662,52.666026,97.79207799999999,134.16785199999998,19.21507,-2.5151965,0.0,0.0,71.06458355555554,71.06458355555554,0.0,0.11771167816704362,0.16117626198062332,121.45684240183972,14.060182885955088,0.8962478488869914,-12.575982500000002,,0.0,,,0.0,0.0,1.1730671473568088,0.02125017926346715,22.718085822319694,1.0
160.6714,71.18187866666666,36.432277776806444,0.4628291872044661,-1.0483057530523758,115.39149399999998,47.712212,52.789414,98.28563,134.16785199999998,18.776358000000002,-2.5501563000000003,0.0,0.0,71.18187866666666,71.18187866666666,0.0,0.11911648114260541,0.16190214358337643,121.30902421854566,14.052375745125175,0.8961862410629157,-12.750781500000002,,0.0,,,0.0,0.0,1.2232785705093412,0.016218497439293347,22.832721333655563,1.0
160.96028,71.21234333333332,36.56037605912496,0.4688629013828332,-1.0541101977086444,115.39149399999998,47.712212,52.789414,98.62837199999998,134.16785199999998,18.776358000000002,-2.5672933000000002,0.0,0.0,71.21234333333332,71.21234333333332,0.0,0.1201357365410432,0.16238539964904927,121.36849424878145,14.15348927689566,0.8955631484370683,-12.8364665,,0.0,,,0.0,0.0,1.2635753755222106,0.008577715371509805,22.97463007666083,1.0
161.24916,71.26566000000001,36.731421962750915,0.4533268772080973,-1.0452297497121676,116.29633399999997,48.037792,52.789414,98.62837199999998,134.16785199999998,17.871518000000002,-2.6036243,0.0,0.0,71.26566000000001,71.26566000000001,0.0,0.12080713685701538,0.16280092849145186,121.51697328248012,13.971335613273997,0.8968816148992357,-13.0181215,,0.0,,,0.0,0.0,1.2811387225206112,0.013487766470253787,22.931241509536385,1.0
161.53805,71.27327555555557,36.79335257669238,0.45756314829293365,-1.0455397158853426,116.29633399999997,48.037792,52.789414,98.62837199999998,134.16785199999998,17.871518000000002,-2.6139063,0.0,0.0,71.27327555555557,71.27327555555557,0.0,0.12136293869623006,0.16307557016727084,121.64817626824677,14.021289423722962,0.8966511045628558,-13.0695315,,0.0,,,0.0,0.0,1.3030749267478738,0.008053915158594147,22.99719700096009,1.0
161.82693,71.28850888888888,36.91948844371708,0.46613659774470595,-1.0459006545212717,116.29633399999997,48.037792,52.789414,98.62837199999998,134.16785199999998,17.871518000000002,-2.6344708,0.0,0.0,71.28850888888888,71.28850888888888,0.0,0.1224809123267176,0.16361891883456542,121.9223674325239,14.123765930128831,0.8961839959643007,-13.172353999999999,,0.0,,,0.0,0.0,1.3469480697683738,-0.002873675398290118,23.132576013081405,1.0
162.11581,60.236955111111115,48.00669674407982,0.14183940208710996,-1.140015465585392,151.26981999999998,26.307896,52.789414,98.62837199999998,134.16785199999998,-17.101967999999996,-3.5362274499999997,0.1111111111111111,-17.101967999999996,69.9043205,87.0062885,0.0,0.12827670339830063,0.1670202762486917,171.3799764962022,25.176885657250516,0.8719104213330288,-17.68113725,348.75,22.5,337.5,360.0,17.101967999999996,0.0,1.3909183225029271,0.09495786965457921,29.597988736166666,1.0
162.4047,60.06177511111111,48.01191984553715,0.15639782781719727,-1.1311808214040906,151.26981999999998,26.307896,52.789414,98.62837199999998,134.16785199999998,-17.101967999999996,-3.5447959499999997,0.1111111111111111,-17.101967999999996,69.70724299999999,86.80921099999999,0.0,0.12903880626716893,0.16744590293820133,172.47324638231748,25.46504580028254,0.8713485626273975,-17.723979749999998,348.75,22.5,337.5,360.0,17.101967999999996,0.0,1.4509363219051807,0.07406136589044779,29.84590868182613,1.0
162.69358,59.78758066666668,47.964211248065716,0.1735085343407451,-1.1200801928931956,151.26981999999998,26.307896,52.789414,98.62837199999998,134.16785199999998,-17.101967999999996,-3.5447959499999997,0.1111111111111111,-17.101967999999996,69.39877425,86.50074225,0.0,0.1297194233997169,0.16782782496165902,173.99919671935623,25.84685720234227,0.870666161801942,-17.723979749999998,348.75,22.5,337.5,360.0,17.101967999999996,0.0,1.5150122394196153,0.047567126452443056,30.167211028487955,1.0
162.98246,70.67918777777778,37.10644889704139,0.5239165611356534,-1.0220488329391122,116.29633399999997,48.037792,52.789414,98.628372,134.16785199999998,17.871518000000002,-2.6567490499999997,0.0,0.0,70.67918777777778,70.67918777777778,0.0,0.12615334027435854,0.16535886227233346,125.93991633974349,15.034829476815528,0.8933509020369601,-13.283745249999999,,0.0,,,0.0,0.0,1.5413016490525584,-0.08313797101902767,24.228961945715785,1.0
163.27135,70.63348888888889,37.17418617135198,0.5309862043027224,-1.0214853073078116,116.29633399999997,48.037792,52.789414,98.628372,134.16785199999998,17.871518000000002,-2.6653177999999995,0.0,0.0,70.63348888888889,70.63348888888889,0.0,0.1268380459299531,0.1656729420905986,126.39623804160215,15.161326653694378,0.8928963868061838,-13.326588999999998,,0.0,,,0.0,0.0,1.5719984836409646,-0.0931333522108889,24.37679545883379,1.0
163.56023,70.51162555555555,37.18295451277486,0.5388727456231729,-1.018768948671821,116.29633399999997,48.037792,52.789414,98.62837199999998,134.16785199999998,17.871518000000002,-2.66360405,0.0,0.0,70.51162555555555,70.51162555555555,0.0,0.12722926272036084,0.16585262926879274,127.12076905519942,15.321613753580536,0.8924364121720846,-13.31802025,,0.0,,,0.0,0.0,1.597368563070327,-0.10461853335461381,24.555501612712167,1.0
163.84911,70.45069222222223,37.21982954015461,0.5445332222155109,-1.0180069212802885,116.29633399999997,48.037792,52.789414,98.62837199999998,134.16785199999998,17.871518000000002,-2.6670313,0.0,0.0,70.45069222222223,70.45069222222223,0.0,0.12767713092179395,0.1660558708295408,127.57657560807837,15.436605923594804,0.8920616564266473,-13.3351565,,0.0,,,0.0,0.0,1.6199930701839873,-0.11285234001160559,24.68473549975009,1.0
164.13799,70.39737777777776,37.0708584140824,0.5609808105235112,-1.025916878214771,115.39149399999998,47.712212,52.789414,98.62837199999998,134.16785199999998,18.776358000000002,-2.63412805,0.0,0.0,70.39737777777776,70.39737777777776,0.0,0.12718558023296636,0.1657605057434777,127.46943372217117,15.645321213603012,0.8906798867753836,-13.170640250000002,,0.0,,,0.0,0.0,1.6110843147673295,-0.1186908045050588,24.73954527944085,1.0
164.42688,70.43545999999999,37.05067419474598,0.5576662973330432,-1.026455083416188,115.39149399999998,47.712212,52.789414,98.628372,134.16785199999998,18.776358000000002,-2.6324142999999998,0.0,0.0,70.43545999999999,70.43545999999999,0.0,0.12693048028080714,0.1656438704563037,127.19328180932769,15.576208579576274,0.8908995995066189,-13.1620715,,0.0,,,0.0,0.0,1.5978960352463492,-0.11386201573332286,24.663069917244016,1.0
164.71576,70.41261,36.85740569779241,0.5480384684916944,-1.022972021511143,115.39149399999998,47.712212,52.789414,98.628372,134.16785199999998,18.776358000000002,-2.6049948,0.0,0.0,70.41261,70.41261,0.0,0.12542316396884537,0.16494366192038548,126.78768536100846,15.400083438092572,0.8916919256258904,-13.024974,,0.0,,,0.0,0.0,1.5402912725443643,-0.0996993780818572,24.455175254770474,1.0
165.00464,70.35929533333334,36.677157199705114,0.5447584906134617,-1.0065838716291915,115.39149399999998,47.712212,52.666026,97.79207799999999,134.16785199999998,18.776358000000002,-2.5895715499999996,0.0,0.0,70.35929533333334,70.35929533333334,0.0,0.12412469059907488,0.1643772700153563,126.91998535153951,15.173521091713015,0.893214535473075,-12.94785775,,0.0,,,0.0,0.0,1.4919449153342206,-0.09104788151583713,24.2061853314949,1.0
165.29353,70.68680555555555,36.70306360680107,0.5204622547440948,-1.0293944552677157,115.39149399999998,47.712212,52.789414,98.62837199999998,134.16785199999998,18.776358000000002,-2.5878578,0.0,0.0,70.68680555555555,70.68680555555555,0.0,0.12333029382958655,0.1639507144973015,124.77927566771633,14.906481976966063,0.8932855988441365,-12.939289000000002,,0.0,,,0.0,0.0,1.434648229449628,-0.0610171657977452,23.888804982566917,1.0
165.58241,71.06762955555556,36.63875814352465,0.5012711654858792,-1.0371730411207587,115.25439799999998,48.096082,52.789414,98.628372,134.16785199999998,18.913454,-2.5895713999999996,0.0,0.0,71.06762955555556,71.06762955555556,0.0,0.12254820115910083,0.1635794096118017,122.88071548484378,14.464180150980543,0.8946871663187078,-12.947856999999999,,0.0,,,0.0,0.0,1.381401488511711,-0.034659385865284546,23.45909754226357,1.0
165.87129,71.25804288888888,36.60274696396517,0.48347191473313594,-1.04654498416476,115.25439799999998,48.096082,52.789414,98.62837199999998,134.16785199999998,18.913454,-2.5844304,0.0,0.0,71.25804288888888,71.25804288888888,0.0,0.12151997866753544,0.1630786352447294,121.69117746636816,14.208561406920786,0.8954482067087841,-12.922152,,0.0,,,0.0,0.0,1.3250594032990133,-0.010553300105210828,23.145014326657417,1.0
166.16018,71.44083888888889,36.693013749522805,0.4345971730223318,-1.0563343724577885,116.29633399999997,48.037792,52.789414,98.62837199999998,134.16785199999998,17.871518000000002,-2.5950553,0.0,0.0,71.44083888888889,71.44083888888889,0.0,0.11967908165222033,0.16223954555141654,120.4081228146684,13.741027727502562,0.8975690291585359,-12.9752765,,0.0,,,0.0,0.0,1.2215144047838509,0.03839750145125305,22.630770673108824,1.0
166.44906,71.79881444444445,36.64957111172996,0.39604511371570483,-1.0839617022470762,116.29633399999997,48.037792,52.789414,98.62837199999998,134.16785199999998,17.871518000000002,-2.57791805,0.0,0.0,71.79881444444445,71.79881444444445,0.0,0.11747863069656068,0.16112496621248382,118.24613832973232,13.32242271476246,0.8987415944273583,-12.889590250000001,,0.0,,,0.0,0.0,1.1029572221090242,0.08893648541376802,22.056602203416528,1.0
166.73794,61.257566222222216,48.041170802819465,0.0530159746599155,-1.2096498376586555,151.26981999999998,26.307896,52.789414,98.628372,134.16785199999998,-17.101967999999996,-3.4591099499999998,0.1111111111111111,-17.101967999999996,71.05250799999999,88.15447599999999,0.0,0.12343221753598613,0.1639378944211584,165.30956117805684,23.71068409387724,0.8745600818586745,-17.29554975,348.75,22.5,337.5,360.0,17.101967999999996,0.0,0.9954424827106728,0.21993866741711882,28.26013901939251,1.0
167.02683,58.998509111111126,49.332558826270756,0.15767177203410426,-1.3533939196213218,151.26981999999998,26.307896,28.41354,98.62837199999998,134.16785199999998,-17.101967999999992,-3.4488277,0.1111111111111111,-17.101967999999992,68.51106875,85.61303674999999,0.0,0.11204472988555986,0.15678843587851826,180.9451106296413,18.939588545973585,0.9052474320236782,-17.2441385,348.75,22.5,337.5,360.0,17.101967999999992,0.0,0.8888193502012355,0.40850268477509843,25.046794488792564,1.0
167.31571,45.21262844444445,60.18920173233023,0.12578512733107028,-1.4006446246724304,182.020714,4.868588,9.146786000000002,93.36317,134.16785199999998,-47.852862,-4.2193138,0.2222222222222222,-23.929786,64.967604,88.89739,0.0,0.1109156359661822,0.15470074836219802,268.5569835089232,26.302233999949973,0.910797314656614,-21.096569,337.5,45.0,315.0,360.0,47.859572,0.0,1.1084895441711855,0.45399810692267467,27.672640617017922,1.0
167.60459,37.752511111111104,52.36996182447418,0.08882388629657531,-1.1940022742341192,168.429812,4.868588,9.146786000000002,74.416334,120.57695,-47.85286200000001,-4.2107453,0.2222222222222222,-23.929786000000004,55.376024571428566,79.30581057142857,0.0,0.08949465161539537,0.13766730378752254,373.83455916250466,1.9937453535299665,0.994695063331654,-21.0537265,337.5,45.0,315.0,360.0,47.85957200000001,0.0,1.4498799686481134,0.916799619173268,14.13549665678761,1.0
167.89348,17.882562222222223,64.61047629337496,0.1822475538815032,-1.0600825153576328,208.023462,-20.754868,-14.982309999999998,61.488742,120.71404,-87.309422,-5.20058655,0.5555555555555556,-33.642832399999996,82.2893055,115.93213789999999,0.0,0.09195424176455365,0.13632420223063751,600.1471779901867,8.189507366324667,0.9865378702886808,-26.00293275,258.75,202.5,157.5,360.0,168.214162,0.0,1.8699208278892712,0.7819735952256761,16.18174682314994,1.0
168.18236,36.36173466666667,53.80421927605778,0.1836655906626318,-1.0943097608748809,171.020942,3.812940000000001,8.735494000000001,72.607322,120.3713,-50.64964199999999,-4.27552355,0.2222222222222222,-26.431809999999995,54.30274742857143,80.73455742857142,0.0,0.09095850585102587,0.13491614927146137,412.87331573577296,5.92927427196407,0.9858423170879791,-21.37761775,337.5,45.0,315.0,360.0,52.86361999999999,0.0,1.5522651322932801,0.7711340041593526,13.521310993369278,1.0
168.47124,103.03460888888888,13.055508105446549,-0.01090535015791061,-1.5166061226784389,38.38720400000001,94.21318000000001,96.61236799999999,116.03903399999999,120.91969,82.53248599999999,-0.9596801000000003,0.0,0.0,103.03460888888888,103.03460888888888,0.0,0.08015852726560951,0.1354094386119125,26.09484412109372,0.33345140413057955,0.987382788121502,-4.798400500000001,,0.0,,,0.0,0.0,0.1857124945295786,0.6940836042825335,3.489359079005274,1.0
168.76013,122.22364355555555,3.791231767622029,-0.4224389343384928,-1.010221817354812,11.708101999999997,120.549534,122.56486,125.82778199999998,127.226168,115.518066,0.1168759999999999,0.0,0.0,122.22364355555555,122.22364355555555,0.0,0.10301689850467682,0.1502498134400054,1.27850279964088,0.03773263591710737,0.9713329127944008,0.5843799999999995,,0.0,,,0.0,0.0,0.09836899346929613,0.29177690288471547,3.790357346991369,1.0
169.04901,125.58252422222222,4.291756529255539,-0.3337301196241792,-0.9644471916512405,14.10730000000001,121.94791,127.36326,128.07617199999999,131.832638,117.725338,0.24711820000000023,0.0,0.0,125.58252422222222,125.58252422222222,0.0,0.22157492334703435,0.16381052366422152,0.4338533597947769,0.02215040836886025,0.951424944242886,1.2355910000000012,,0.0,,,0.0,0.0,0.1937169188395298,0.04246602756227046,4.145798689264653,1.0
169.33789,127.24139977777776,4.507265553893126,-0.33128747185103513,-1.329026383949445,13.476650000000006,123.044702,129.04955999999999,131.13343,133.203608,119.726958,0.28139245000000024,0.0,0.0,127.24139977777776,127.24139977777776,0.4444444444444444,0.2932121167038454,0.14182178115409363,0.44798940263511733,0.07435082703004268,0.8576582409448527,1.4069622500000012,,0.0,,,0.0,0.0,0.2926818773737213,-0.5427559166545856,4.375172463468518,1.0
169.62678,129.1363871111111,4.9106723721078405,-0.31224304186638946,-1.400340136459865,13.572630000000004,124.840676,131.160854,133.32699399999998,134.97215,121.39952,0.3389733000000007,0.0,0.0,129.1363871111111,129.1363871111111,0.0,0.23157727609356227,0.17469047026054402,1.0383756170485747,0.14143408802110152,0.8801212708275179,1.6948665000000034,,0.0,,,0.0,0.0,0.4140876215652872,-0.7389574377753833,4.764162620309174,1.0
169.91566,129.80664222222222,5.67043149299956,-0.12243318536130246,-1.2036541737151563,17.891189999999995,125.06003400000002,131.668116,134.24554600000002,138.67378,120.78259,0.3612514499999996,0.0,0.0,129.80664222222222,129.80664222222222,0.0,0.22546859066410954,0.17520580461634858,1.6140906467716636,0.2878741845413372,0.8486437919951072,1.806257249999998,,0.0,,,0.0,0.0,0.5304133402968984,-0.7081035932743918,5.603443081239419,1.0
170.20454,64.86095288888889,51.04513253859503,-0.12829798202789208,-0.9683948890638034,168.74839,37.777458,49.988986,104.193352,143.54073,-25.207659999999997,-3.64632875,0.1111111111111111,-25.207659999999997,76.1195295,101.3271895,0.0,0.09848372284203606,0.12556135044163902,208.02869338444498,3.3058742716136793,0.9843571531700752,-18.231643749999996,348.75,22.5,337.5,360.0,25.207659999999997,0.0,1.1913404995210541,0.7791385383947561,12.924101612728922,1.0
170.49343,78.44931422222221,39.134366327845456,0.3663747322325573,-1.1787389802675676,120.14744,41.904822,69.556582,102.758886,148.54477,28.39733,-2.301063,0.0,0.0,78.44931422222221,78.44931422222221,0.0,0.10331788279800175,0.12956111420115476,124.40613894550187,6.692019125221896,0.9489541331182805,-11.505315000000003,,0.0,,,0.0,0.0,1.4234781215652605,0.5672791119318165,20.17662743922547,1.0
170.78231,108.41067355555555,26.07980450492127,0.23177096053690827,-1.1834345483247608,78.193994,84.542838,105.50872799999999,127.12023399999998,153.89157,75.697576,-0.8991390499999998,0.0,0.0,108.41067355555555,108.41067355555555,0.0,0.16330253600098985,0.1507572563734667,24.243212588160976,7.898466351370071,0.7542609281143937,-4.495695249999999,,0.0,,,0.0,0.0,1.017526592508263,0.324350058251618,18.95998384973984,1.0
171.07119,139.51820288888888,10.411462663258122,0.08505462169077498,0.1808613544650739,40.306569999999994,134.16785199999998,140.79879599999998,143.85608,159.99239,119.68582,0.6844579000000003,0.0,0.0,139.51820288888888,139.51820288888888,0.0,0.17895742896728298,0.17506629734356557,12.500851340960795,1.4772516008639054,0.8943167318840408,3.4222895000000015,,0.0,,,0.0,0.0,1.1365673654368686,-0.5346614020881613,10.051750828244078,1.0
171.36008,141.04556866666667,11.944420632178248,0.40419361327876646,0.5376646420713973,47.16143000000001,135.150394,141.59396,144.966574,166.50451,119.34308,0.7252441999999999,0.0,0.0,141.04556866666667,141.04556866666667,0.0,0.1801067116892411,0.17481546632273315,16.12861838153315,2.1359195590110582,0.883056468986386,3.6262209999999993,,0.0,,,0.0,0.0,1.3231654314104204,-0.5233046619137457,11.718621129228968,1.0
171.64896,142.60593622222223,13.437136694339625,0.6705809416873186,0.8402864157625611,53.33081,137.152012,142.923802,145.789154,172.81098,119.48017,0.7420387500000001,0.0,0.0,142.60593622222223,142.60593622222223,0.0,0.18054395781627783,0.17317804796754607,20.02847894389267,3.0049116969912264,0.8695410613257907,3.71019375,,0.0,,,0.0,0.0,1.491322834062592,-0.47869382882372585,13.30529682303313,1.0
171.93784,145.30167377777775,14.256748222055982,0.4212161766767544,0.9129125379189458,57.71790999999999,143.15687199999996,144.856876,147.10528399999998,176.5126,118.79469,0.8215547999999998,0.0,0.0,145.30167377777775,145.30167377777775,0.0,0.17570567198866394,0.1741920389601142,24.798339760368332,3.729232791528272,0.8692761963945206,4.107773999999999,,0.0,,,0.0,0.0,1.610922581613298,-0.5340874800634916,14.052781035668664,1.0
172.22673,146.44618088888888,15.197776976007166,0.3779314892600021,0.8416188252944408,61.213890000000006,145.08993999999998,147.105272,147.982672,179.46019,118.2463,0.8585710499999994,0.0,0.0,146.44618088888888,146.44618088888888,0.0,0.17575675824892034,0.17325650919238011,28.005478598055902,4.289159275375443,0.8671866428020599,4.292855249999997,,0.0,,,0.0,0.0,1.705498700691895,-0.5120029958035454,15.000830526483298,1.0
172.51561,147.01234111111114,16.075088311195675,0.48097170528631955,1.0035966367891458,65.25826,145.350428,147.35204800000002,148.31174,182.68197,117.42371,0.8791357999999996,0.0,0.0,147.01234111111114,147.01234111111114,0.0,0.17760967322172172,0.17351685836885766,30.435989995292328,4.7459316808855005,0.8651031139045042,4.395678999999998,,0.0,,,0.0,0.0,1.8190991959253688,-0.523616892763106,15.911354452497738,1.0
172.80449,147.10471533333333,17.53878416962742,0.5328443316213499,1.0414767480628155,71.18507,145.350428,147.35204800000002,148.31174,186.34668,115.16161,0.9459705499999999,0.0,0.0,147.10471533333333,147.10471533333333,0.0,0.18479159847503004,0.17357733606577702,32.60856446000776,5.6978833679040495,0.8512552405384495,4.729852749999999,,0.0,,,0.0,0.0,1.9877863062761694,-0.525279017147358,17.384950494917238,1.0
173.09338,148.98390977777777,19.626887603191058,0.6346142162184611,1.1651917821799174,79.89025000000001,146.5843,148.87382599999998,150.765748,193.6809,113.79065,1.0066358499999999,0.0,0.0,148.98390977777777,148.98390977777777,0.0,0.1860200465768386,0.17354036048451668,39.83388546287124,6.983634571326116,0.850832881230999,5.03317925,,0.0,,,0.0,0.0,2.2298463781714224,-0.5255150315255128,19.500104034469036,1.0
173.38226,149.6537471111111,21.586097346905284,0.8647408968754849,1.3925787357222275,87.74218,146.58429999999998,148.87382599999998,150.765748,200.5046,112.76242,1.0323415999999999,0.0,0.0,149.6537471111111,149.6537471111111,0.0,0.19003624959108345,0.1730302895875042,44.83304618582319,8.650350036961706,0.8382610184100402,5.161707999999999,,0.0,,,0.0,0.0,2.4521064127753998,-0.5087132992535754,21.530131250251063,1.0
173.67114,150.19147133333334,23.09328753047877,1.0028589431230466,1.5510493530921803,93.70590999999999,146.58429999999998,148.87382599999998,150.765748,205.64574,111.93983,1.05290635,0.0,0.0,150.19147133333334,150.19147133333334,0.0,0.1922506232818325,0.17242605393849006,49.33288133963038,9.907883763188662,0.8327522653349313,5.26453175,,0.0,,,0.0,0.0,2.6198511159961106,-0.4925225048020435,23.072209929862055,1.0
173.96003,149.7654557777778,22.95534655115149,0.9144850642722742,1.4379402840098292,93.15751,146.58429999999998,148.87382599999998,150.765748,204.20622,111.04871,1.07518435,0.0,0.0,149.7654557777778,149.7654557777778,0.0,0.19444846240370317,0.17253883682742055,47.54895059020679,9.882319574860313,0.8279278945678955,5.37592175,,0.0,,,0.0,0.0,2.6062584163901783,-0.5048195658486734,22.911830233887343,1.0
174.24891,148.28632911111112,20.594995436152583,0.5576466793139249,1.1267702519631984,84.04055999999999,145.56978199999998,147.626242,150.546388,194.67797,110.63741,1.0830675999999992,0.0,0.0,148.28632911111112,148.28632911111112,0.0,0.19327234332061943,0.173439515954025,40.40836679710413,7.436954548542369,0.8445625540917487,5.415337999999997,,0.0,,,0.0,0.0,2.3503999047775945,-0.5384636754459745,20.440001710286232,1.0
174.53779,148.962674,21.237965556382953,0.6411562999578432,1.190953053328517,86.57684000000002,146.5843,148.87382599999998,150.76574799999997,197.4199,110.84306,1.0803256,0.0,0.0,148.962674,148.962674,0.0,0.1929259477350623,0.1732730825296509,42.58394149626844,8.187856144090167,0.8387321992777836,5.4016280000000005,,0.0,,,0.0,0.0,2.420720849826861,-0.5330414525192664,21.113687198689206,1.0
,123.51806376911853,4.481450954030553,0.30680841342159537,-1.5746057903934478,12.36430224084522,119.82352140419947,121.08911482352941,127.7678662696443,130.31515441475827,117.95085217391305,-0.19860862163612084,0.0,0.0,123.51806376911853,123.51806376911853,0.0,0.1435237250077257,0.16037502420470762,0.4991393820059498,0.023402794996376527,0.9552135767754616,-0.9930431081806042,,0.0,,,0.0,0.0,0.03148628597803148,0.7412202436425891,3.1216858347845986,1.0
185.1219,83.98520977777778,39.95163476159346,0.3931407072089402,-0.9924627097267114,129.94986999999998,51.26399,73.628364,110.98015,158.3472,28.39733,-2.0645705,0.0,0.0,83.98520977777778,83.98520977777778,0.0,0.1318618500812102,0.15031987256901605,93.62529569481336,12.223669450941902,0.8845178180608737,-10.3228525,,0.0,,,0.0,0.0,1.6880538080990113,0.33528936454587815,22.103611221956953,1.0
185.41078,101.15577155555555,36.31080740859757,-0.25243499737544633,-0.19432032719264702,134.227316,75.76325399999999,105.50872799999999,116.49098,163.8311,29.60378399999998,-2.0309819000000005,0.0,0.0,101.15577155555555,101.15577155555555,0.0,0.17607603329539545,0.15425837301132708,44.346884242595465,18.84346343121727,0.7017983897072854,-10.154909500000002,,0.0,,,0.0,0.0,1.6712579977955038,0.021627021771569013,25.276263418687133,1.0
185.69967,101.10245733333333,36.2279121343554,-0.2561460782027246,-0.17627068055555295,134.29587600000002,75.763254,105.50872799999999,116.49098,163.89966,29.603784,-2.04469165,0.0,0.0,101.10245733333333,101.10245733333333,0.0,0.17479185147108506,0.15368850253010907,44.727275231476845,18.307403731544376,0.7095661621064935,-10.22345825,,0.0,,,0.0,0.0,1.66236437390549,0.03519666528756292,25.09882397969988,1.0
185.98855,101.23774088888888,36.34081819101317,-0.25628994990537457,-0.1960893191619526,134.325256,75.763254,105.50872799999999,116.49098,163.92904,29.603784,-2.04983265,0.0,0.0,101.23774088888888,101.23774088888888,0.0,0.17610818382277318,0.15402489896160787,44.254872541000715,18.75645624377801,0.7023319995692722,-10.249163249999999,,0.0,,,0.0,0.0,1.6591837850363198,0.032045344320314605,25.176991363841847,1.0
186.27743,108.9199642222222,27.76480743498065,0.6256899241706821,-0.5469898927563968,88.960686,85.598488,105.50872799999999,127.490396,165.31633,76.355644,-0.64653755,0.0,0.0,108.9199642222222,108.9199642222222,0.0,0.18021623095593048,0.15623834613231613,29.31636976490618,8.88844435901883,0.7673475303331118,-3.23268775,,0.0,,,0.0,0.0,1.577644154110022,0.15585055846401055,21.474268707646473,1.0
186.56632,101.27186644444444,36.399768324014666,-0.24947544022677404,-0.1939789170078492,134.632386,75.763254,105.50872799999999,116.49098000000001,164.23617,29.603784,-2.04983265,0.0,0.0,101.27186644444444,101.27186644444444,0.0,0.17641669607085209,0.15402201961098427,44.33778783055577,18.81506719241831,0.7020709960674957,-10.249163249999999,,0.0,,,0.0,0.0,1.6686858207196535,0.03158467090120205,25.220809011539796,1.0
186.8552,101.22393088888889,36.31700784535567,-0.2590462246959989,-0.1969245946378937,134.20096600000002,75.763254,105.50872799999999,116.49098,163.80475,29.60378399999998,-2.0498326500000004,0.0,0.0,101.22393088888889,101.22393088888889,0.0,0.17598325513374669,0.15402592147493918,44.22155698493569,18.732843965151176,0.7024378965964003,-10.249163250000002,,0.0,,,0.0,0.0,1.655338555913621,0.032231816741366874,25.159324945187688,1.0
187.14408,101.1786228888889,36.206828798245816,-0.26968294035931956,-0.18458008297844009,134.02168600000002,75.763254,105.50872799999999,116.49098,163.62547,29.603784,-2.0686836499999997,0.0,0.0,101.1786228888889,101.1786228888889,0.0,0.17461467786937693,0.15344309476825785,44.453084456532636,18.190995151012544,0.7096134979546816,-10.34341825,,0.0,,,0.0,0.0,1.6349797226666567,0.04844633703767706,24.932413006095864,1.0
187.43297,125.74275511111111,23.57507370173956,-0.1718911349553105,-1.0998474547221375,77.68424199999998,104.07669000000001,135.15038399999997,141.347174,163.28273,85.598488,-0.7048040499999999,0.0,0.0,125.74275511111111,125.74275511111111,0.2222222222222222,0.24398585012758187,0.11027604366276063,14.918933435386405,10.48384907327191,0.5872952472920118,-3.5240202499999995,,0.0,,,0.0,0.0,1.407583242351814,-0.14548145535782261,21.93053629154753,1.0
187.72185,132.51641688888887,19.350654350676045,-0.28374119180368196,-1.1240046034023683,59.15618599999999,114.61323,140.79879599999998,143.85608,162.93999,103.783804,0.8112726500000005,0.0,0.0,132.51641688888887,132.51641688888887,0.2222222222222222,0.2214647061244017,0.1551259503901356,16.325808740609837,3.60648958592665,0.8190630339298542,4.056363250000002,,0.0,,,0.0,0.0,1.372723941117866,-0.021497138160542148,19.259657033732086,1.0
188.01073,114.94997555555557,21.524681733023268,0.8240087609012273,-0.09010162047029313,75.627782,103.783804,105.50872799999999,127.490396,161.22627,85.598488,-0.7425058,0.0,0.0,114.94997555555557,114.94997555555557,0.1111111111111111,0.19279162447197895,0.1533106770350333,17.232584084313295,3.671728225439555,0.8243554645034195,-3.712529,,0.0,,,0.0,0.0,1.3587319278966004,0.13605528535780248,13.775511042075312,1.0
188.29962,101.10245844444444,35.5280576240121,-0.394349543835304,-0.23599061064701488,129.56602600000002,75.763254,105.50872799999999,116.49098,159.16981,29.603784,-2.1629381499999996,0.0,0.0,101.10245844444444,101.10245844444444,0.0,0.1707753500946337,0.1525627871176066,42.70413417596788,17.162800368668755,0.7133175349751114,-10.814690749999999,,0.0,,,0.0,0.0,1.4275242997445918,0.10764597042049838,23.85488970710842,1.0
188.5885,108.38782599999998,26.71036568607967,0.37876270058517497,-0.9378284557896528,82.71820400000001,84.542838,105.50872799999999,127.12023399999998,158.41578,75.697576,-0.8083125499999998,0.0,0.0,108.38782599999998,108.38782599999998,0.0,0.1684311095384848,0.1528935641259014,26.47886212847164,8.084197780892268,0.7661029491553006,-4.041562749999999,,0.0,,,0.0,0.0,1.239276484361875,0.26154552989501423,19.89798843028163,1.0
188.87738,108.364976,26.620662399448534,0.3645229650720151,-0.9609004367168663,82.23836399999999,84.542838,105.50872799999999,127.12023399999998,157.93594,75.697576,-0.8151672999999999,0.0,0.0,108.364976,108.364976,0.0,0.16767071878559314,0.15267014375741392,26.283864630642093,8.017064822529598,0.7662726651896916,-4.075836499999999,,0.0,,,0.0,0.0,1.2181946437635598,0.267733190508314,19.790690158806658,1.0
189.16627,101.06437488888888,35.202826191358376,-0.4604972482359244,-0.27213549426347683,126.68698600000003,75.763254,105.50872799999999,117.56082,156.29077,29.60378399999998,-2.1989259000000008,0.0,0.0,101.06437488888888,101.06437488888888,0.0,0.16990729314363345,0.15284440865149979,41.39414712964541,17.12645733363854,0.7073431231481131,-10.994629500000004,,0.0,,,0.0,0.0,1.3142712707170905,0.12439983224516371,23.453883593067488,1.0
189.45515,92.83385711111112,38.29352320184746,0.054834382043242105,-1.0762011097199145,125.59020600000002,73.628364,75.763254,117.97211,155.19399,29.603783999999997,-2.20920815,0.0,0.0,92.83385711111112,92.83385711111112,0.0,0.14050682947469562,0.14912787579010003,66.45575750576931,7.895465158815091,0.8938085363501991,-11.04604075,,0.0,,,0.0,0.0,1.2737590359591868,0.505612415091158,17.05968314410777,1.0
189.74403,92.34030711111112,38.15764231344108,0.0385627160114667,-1.0914012983886594,124.630534,73.628364,75.02292800000001,118.31485,153.61738,28.986845999999996,-2.2332001000000004,0.0,0.0,92.34030711111112,92.34030711111112,0.0,0.1396704819070281,0.1494598922273812,66.6975447037767,8.079601291128448,0.8919509272021677,-11.1660005,,0.0,,,0.0,0.0,1.2395731817739155,0.5039746430104897,16.93830910635463,1.0
190.03292,92.20321044444444,37.93199514399209,0.021143079402088257,-1.1074054294464604,123.32810400000001,73.628364,75.02292800000001,118.38341,152.31495,28.986845999999996,-2.2349141,0.0,0.0,92.20321044444444,92.20321044444444,0.0,0.1384145801890169,0.14918884941117014,66.45663880001585,7.886676589243673,0.8939154576569709,-11.1745705,,0.0,,,0.0,0.0,1.1983894432517332,0.5129363140790201,16.745260631173025,1.0
190.3218,80.42351777777779,40.92354446962132,0.3126002401036758,-1.329586041976936,122.54666000000002,41.904822,69.556582,118.45196,150.94399,28.39733,-2.25136575,0.0,0.0,80.42351777777779,80.42351777777779,0.0,0.12359692359914576,0.14703899555849168,104.66273832902948,12.904320357414456,0.8902386391079169,-11.25682875,,0.0,,,0.0,0.0,1.4996371705768554,0.4245621450060594,22.403322334564727,1.0
190.61068,69.53190888888889,52.99520301253969,-0.1264784706566033,-1.1477662089481346,170.174216,41.040372000000005,49.988986,118.17777,148.40769,-21.766526,-3.4986074,0.1111111111111111,-21.766526,80.94421325,102.71073925,0.0,0.11468307818891786,0.13841350165012492,166.84476111449436,7.515737997864341,0.9568954090162541,-17.493037,348.75,22.5,337.5,360.0,21.766526,0.0,1.3417813738857272,0.7050316807753708,18.305888587169672,1.0
190.89956,66.27001066666666,52.04583633617555,-0.1503798847468766,-1.0289779063075868,171.1476,37.77745800000001,49.988986,104.193352,145.93994,-25.207659999999997,-3.59834525,0.1111111111111111,-25.207659999999997,77.7047195,102.91237949999999,0.0,0.1000033100925916,0.12596726104299813,192.39490102792692,3.106471519347555,0.9841102316624668,-17.99172625,348.75,22.5,337.5,360.0,25.207659999999997,0.0,1.2668674134516573,0.7913463603210296,14.836506667147864,1.0
191.18845,109.17117777777779,17.509755669891693,0.4202680420120903,-0.7303920517497264,59.874549999999985,98.71839399999999,100.958354,120.57695600000002,142.99235,83.1178,-0.8936362499999998,0.0,0.0,109.17117777777779,109.17117777777779,0.0,0.11992239598284728,0.1334796606927803,18.98052808796928,0.9673684614274267,0.9515052397064977,-4.468181249999999,,0.0,,,0.0,0.0,0.7618722158290789,0.43277106908259155,8.138248647458873,1.0
191.47733,129.38012044444446,6.118322037307127,-0.10714505557334066,-0.8821379934949212,20.701669999999993,124.84067599999999,131.160854,133.326994,139.63347,118.9318,0.4006663000000007,0.0,0.0,129.38012044444446,129.38012044444446,0.4444444444444444,0.248676104489868,0.16861747187736348,1.791421091094402,0.3779973320913031,0.8257609836193771,2.0033315000000034,,0.0,,,0.0,0.0,0.6130737075230511,-0.7303785579012939,6.03378300074884,1.0
191.76621,128.02285733333332,5.571216285963502,-0.20507063968278022,-1.1992886268605891,17.411330000000007,123.49712399999999,129.98181800000003,132.106828,136.34313,118.9318,0.3705049500000005,0.0,0.0,128.02285733333332,128.02285733333332,0.4444444444444444,0.2850379271436858,0.15138919293795694,1.1983782462369728,0.26082827933254743,0.8212533491015791,1.8525247500000024,,0.0,,,0.0,0.0,0.5251575178209716,-0.7313662539401969,5.470210920879094,1.0
192.0551,126.13548688888886,5.356900692827368,-0.3002020401326035,-1.4128428008863085,14.50488199999998,121.72857199999999,128.076168,130.818118,132.77861,118.273728,0.34651305000000043,0.0,0.0,126.13548688888886,126.13548688888886,0.4444444444444444,0.30439569852109694,0.13665600129878724,0.9639224658672564,0.18211344045733813,0.8410927270808678,1.7325652500000022,,0.0,,,0.0,0.0,0.44860029496431314,-0.6627850070326438,5.232685155144722,1.0
192.34398,124.87723733333334,4.985782678862231,-0.3380514476305404,-1.4167185424111435,13.942787999999979,120.631798,127.089068,129.41972800000002,131.106024,117.16323600000001,0.3283478499999998,0.0,0.0,124.87723733333334,124.87723733333334,0.0,0.23996492383795673,0.1686587639319303,1.0584878605186587,0.11699678073876477,0.9004693241217856,1.6417392499999988,,0.0,,,0.0,0.0,0.3852987838288868,-0.5044660596068998,4.837749859312688,1.0
192.63286,123.71648155555555,4.580872736952374,-0.33099524140389697,-1.3837899179224271,13.339561999999972,119.57615000000001,125.88261800000001,127.50037,129.78989199999998,116.45033000000001,0.3022995499999997,0.0,0.0,123.71648155555555,123.71648155555555,0.0,0.19497609448982256,0.17488738041998983,1.3150108433334704,0.08922323974556418,0.936461277422086,1.5114977499999984,,0.0,,,0.0,0.0,0.3287483440899326,-0.2923083404075403,4.422977965677393,1.0
192.92175,121.46199377777778,4.624594311854287,-0.3769492234133354,-1.2156646090855034,13.764563999999993,117.56081,123.79874599999998,124.48423,126.99311,113.22854600000001,0.23512185000000016,0.0,0.0,121.46199377777778,121.46199377777778,0.0,0.1388815070302684,0.16885903129972915,2.1180682208681443,0.04843857729794769,0.9776420838205012,1.1756092500000008,,0.0,,,0.0,0.0,0.2507564356096746,-0.001795011648031557,4.576117280146748,1.0
193.21063,120.14890622222222,4.472479983721132,-0.38474468102105147,-0.9834310647171436,13.791985999999994,117.76646,121.19389,122.893896,125.786652,111.99466600000001,0.2005048000000002,0.0,0.0,120.14890622222222,120.14890622222222,0.0,0.10424191918910033,0.15203794379677893,2.9550202468489504,0.026275693402730407,0.9911864860019127,1.002524000000001,,0.0,,,0.0,0.0,0.15900304537284857,0.5128196958094815,4.415045464694893,1.0
193.49951,117.29880666666665,4.1151542045770295,0.1280512062319169,-0.9579085102192053,13.298439999999985,113.42048599999998,117.83501,118.72614,124.23745799999999,110.939018,-0.019193699999999935,0.0,0.0,117.29880666666665,117.29880666666665,0.0,0.05745113666515856,0.12104887450154528,4.57386955448811,0.06655091426558149,0.9856584301331596,-0.09596849999999968,,0.0,,,0.0,0.0,0.10716012756273659,-0.05381784794696922,3.8355996130345695,1.0
193.7884,58.61919355555555,40.48787255923356,0.11882004719541168,-1.1942753962929917,124.94122,33.57967799999999,37.861675999999996,87.746752,117.83501,-7.106210000000003,-3.1235305,0.1111111111111111,-7.106210000000003,66.834869,73.941079,0.0,0.08684512165243272,0.13154553887293738,228.961615856136,2.9616925964003107,0.9872298622494637,-15.617652499999998,348.75,22.5,337.5,360.0,7.106210000000003,0.0,1.0524588972147932,0.7745418161853329,10.014475847139906,1.0
194.07728,42.406199111111114,50.14544781600375,0.1664345401179819,-1.124202310071013,157.037048,11.874253999999999,16.618582,76.775078,118.24631,-38.790738,-3.9259262,0.1111111111111111,-38.790738,52.55581625,91.34655425,0.0,0.08909606914952116,0.13300595031919699,357.40047264536923,5.246771358536751,0.985532024728199,-19.629631,348.75,22.5,337.5,360.0,38.790738,0.0,1.4030482840932583,0.7596728001349746,12.697834733261647,1.0
194.36616,18.278623333333332,65.11148599428671,0.1883360514122706,-1.078261807821778,205.829922,-20.754868,-14.982309999999998,61.488742,118.5205,-87.309422,-5.14574805,0.5555555555555556,-33.642832399999996,83.180443,116.8232754,0.0,0.09078554664015595,0.13392231762916249,597.3281338229632,8.92857970220945,0.9852726089408701,-25.72874025,258.75,202.5,157.5,360.0,168.214162,0.0,1.887777311075582,0.7644672055542361,16.761451398506576,1.0
194.65505,18.194841111111113,65.00203551998474,0.1866453768661726,-1.0753102627363265,206.378312,-20.754868,-14.982309999999998,61.488742,119.06889,-87.309422,-5.1594578,0.5555555555555556,-33.642832399999996,82.99193299999999,116.63476539999999,0.0,0.091068510938277,0.13448492995625513,597.9305839071232,8.745786586897331,0.9855840988501428,-25.797289,258.75,202.5,157.5,360.0,168.214162,0.0,1.8824427842661917,0.769024278170833,16.612638104037035,1.0
194.94393,36.14085688888889,53.493316677542126,0.1745803422360506,-1.0935627799269594,170.609652,3.8129399999999976,8.735494000000001,72.607322,119.96001,-50.649642000000014,-4.2652413000000005,0.2222222222222222,-26.431810000000006,54.0187617142857,80.4505717142857,0.0,0.09063503825081919,0.13522565421485497,413.6434971377335,5.784130117122527,0.9862094679955202,-21.3262065,337.5,45.0,315.0,360.0,52.86362000000001,0.0,1.5253687719674338,0.7726871325412484,13.340351345919672,1.0
195.23281,36.19417355555556,53.59088106657075,0.18026144641682842,-1.0860997286710579,171.637892,3.81294,8.735494,72.607322,120.98825,-50.649642,-4.2909473,0.2222222222222222,-26.43181,54.08731171428571,80.51912171428572,0.0,0.09135438298746347,0.135897894260094,413.78767195291596,5.71469247089715,0.98637744872107,-21.454736500000003,337.5,45.0,315.0,360.0,52.86362,0.0,1.5431241534537836,0.7777808476006766,13.319108021564697,1.0
195.5217,36.346503555555564,53.843320437501156,0.19231695060372553,-1.073747502851472,173.35160199999999,3.812940000000001,8.735494000000001,72.607322,122.70196,-50.64964199999999,-4.333790049999999,0.2222222222222222,-26.431809999999995,54.28316457142857,80.71497457142857,0.0,0.09257185771307411,0.13682137955358722,413.80973338867204,5.654746580673963,0.9865191289112588,-21.668950249999998,337.5,45.0,315.0,360.0,52.86361999999999,0.0,1.5805259935027356,0.7848119745995112,13.357585963072877,1.0
195.81058,69.00152133333333,36.35921489110879,0.10028530350617333,-1.3540356946388847,112.94659399999999,45.03805200000001,48.315433999999996,104.906748,124.62132,11.674726000000003,-2.8236648499999997,0.0,0.0,69.00152133333333,69.00152133333333,0.0,0.0939908369095716,0.1403878402781225,150.2289878718369,1.4487558999528496,0.9904484609012141,-14.118324249999999,,0.0,,,0.0,0.0,1.0600541812222082,0.8678520648426853,11.552448423013521,1.0
196.09946,112.04950977777779,10.164601107335791,0.8209133100333164,-0.9371861575300051,29.708954000000006,104.89303199999999,106.73013599999999,119.19227000000001,130.886662,101.177708,-0.6409290500000001,0.0,0.0,112.04950977777779,112.04950977777779,0.0,0.12396968642300704,0.1656574552905068,9.216288784765098,0.5880238391815747,0.940023960696709,-3.2046452500000004,,0.0,,,0.0,0.0,0.4693887552059343,-0.1939189725976229,7.275284994157528,1.0
196.38835,119.97423488888889,8.244908367429634,0.3937214730575207,-1.058006677722105,26.615121999999985,115.641454,116.902754,128.73424,134.16785199999998,107.55273,-0.27967820000000004,0.0,0.0,119.97423488888889,119.97423488888889,0.0,0.1960473230567542,0.17357919804971228,2.2144203740676653,1.0501201347720521,0.678325285902757,-1.3983910000000002,,0.0,,,0.0,0.0,0.6163207047844754,-0.39979915775817954,7.80390150141966,1.0
196.67723,120.936962,8.59727808715841,0.01006361221988931,-1.2037310963517036,27.50626199999998,115.641454,117.547112,129.39230600000002,134.16785199999998,106.66159,-0.30367019999999983,0.0,0.0,120.936962,120.936962,0.0,0.22008848041380075,0.1759428147121651,1.8816014864137987,1.3403645629802907,0.5839917173271414,-1.5183509999999991,,0.0,,,0.0,0.0,0.6631036896664682,-0.47535366933177564,8.44693214838298,1.0
196.96611,120.28194266666667,8.850489054727563,0.05486428172525574,-0.9561640560098059,29.219971999999984,115.641454,117.547112,129.392306,134.16785199999998,104.94788,-0.3208074500000002,0.0,0.0,120.28194266666667,120.28194266666667,0.0,0.2154844459696864,0.1750831061957518,2.382976384932107,1.3577317757823084,0.6370388393018322,-1.604037250000001,,0.0,,,0.0,0.0,0.7302840898349029,-0.4809880149065822,8.591382087600001,1.0
197.255,103.006316,24.883075691386725,-0.06157753680798216,-1.6189357196054717,68.64662399999999,80.753968,103.02852,129.172952,134.16785199999998,65.521228,-1.6334505500000003,0.0,0.0,103.006316,103.006316,0.0,0.16966506035893986,0.17743715568482457,20.76986142028646,10.053609575220634,0.6738326589904993,-8.167252750000001,,0.0,,,0.0,0.0,0.7967525931620977,-0.12339887961697465,19.56768965077484,1.0
197.54388,98.65091844444443,24.553307730178954,0.36374546385065587,-1.4784381747054276,68.64662399999999,80.753968,83.51710600000001,128.117302,134.16785199999998,65.521228,-1.6368780500000004,0.0,0.0,98.65091844444443,98.65091844444443,0.0,0.13785017886966242,0.1665305320585152,31.53761147694449,4.783872167667573,0.8682908381562203,-8.184390250000002,,0.0,,,0.0,0.0,0.8225890292604271,0.3080647138421137,14.32003734898058,1.0
197.83276,78.725384,40.70215207797289,-0.06461933774689493,-1.3174333410262316,122.49312599999998,47.489398,78.22515000000001,111.92363399999999,134.16785199999998,11.674726000000003,-2.9778993499999995,0.0,0.0,78.725384,78.725384,0.0,0.13673950718787833,0.16824557214902255,91.52847441984312,16.28057012526527,0.8489869732725605,-14.889496749999998,,0.0,,,0.0,0.0,0.8291087530091908,0.3021513967097215,23.938688961973366,1.0
198.12165,64.36205555555554,50.081702477333586,0.01611000493594765,-1.307915048998876,151.59885199999997,28.542574000000002,49.170044,100.28657,134.16785199999998,-17.430999999999994,-3.693546499999999,0.1111111111111111,-17.430999999999994,74.5861875,92.01718749999999,0.0,0.12637875330349133,0.1641913557410202,157.76269303696455,21.01570302558033,0.8824483075778558,-18.467732499999997,348.75,22.5,337.5,360.0,17.430999999999994,0.0,1.0433694339598798,0.39310724798242275,25.932844627585144,1.0
198.41053,60.07091444444445,52.57822032539696,0.11232686797205109,-1.4078977416521825,155.97225199999997,25.553856,26.846024,98.36721,134.16785199999998,-21.804399999999994,-3.80116775,0.1111111111111111,-21.804399999999994,70.30532875,92.10972874999999,0.0,0.11893072523188097,0.15842534137638856,183.20539897359055,18.624137092699165,0.9077234310905172,-19.005838750000002,348.75,22.5,337.5,360.0,21.804399999999994,0.0,1.0691301645496618,0.5003504684355787,24.227728173025366,1.0
198.69941,47.334590444444444,62.2664834176586,0.0922173248321409,-1.404162985178052,184.81749399999998,6.711060000000001,8.735494000000001,97.68173,134.16785199999998,-50.649642,-4.5103028,0.1111111111111111,-50.649642,59.5826195,110.23226149999999,0.0,0.11850018817155196,0.15751159921491115,261.0692020706192,26.54331271300706,0.9077115516580819,-22.551514,348.75,22.5,337.5,360.0,50.649642,0.0,1.2731348776509877,0.5005360587334682,27.991787904161338,1.0
198.9883,47.235576,62.203287644976086,0.09586573123976073,-1.3967552088798327,184.81749399999998,6.711060000000001,8.735494000000001,96.5164,134.16785199999998,-50.649642,-4.5171578,0.1111111111111111,-50.649642,59.471228249999996,110.12087025,0.0,0.11857017335780928,0.15776748511964028,261.54197650440324,26.55907721439649,0.9078133284426992,-22.585789,348.75,22.5,337.5,360.0,50.649642,0.0,1.2902684260646815,0.49553053537964364,28.056166696234442,1.0
199.27718,47.17464377777778,62.17631414497248,0.09925540821435563,-1.3908525049159597,184.81749399999995,6.711060000000002,8.735494000000001,95.62527,134.16785199999998,-50.649641999999986,-4.5257263,0.1111111111111111,-50.649641999999986,59.4026795,110.05232149999998,0.0,0.11872067203768392,0.15799829842752905,261.91819656028434,26.573199933784,0.9078891077626257,-22.628631499999997,348.75,22.5,337.5,360.0,50.649641999999986,0.0,1.3086808525252052,0.49164724349690725,28.107179763727576,1.0
199.56606,47.02231266666666,62.037031346181315,0.10069390389254605,-1.384686432303129,184.81749399999998,6.711059999999999,8.735494000000001,94.59703,134.16785199999998,-50.649642,-4.5171578,0.1111111111111111,-50.649642,59.231306999999994,109.88094899999999,0.0,0.11840714853195958,0.15809404059913568,262.32597337639174,26.60505101916854,0.9079190229747162,-22.585789,348.75,22.5,337.5,360.0,50.649642,0.0,1.305343142958443,0.48630153635652507,28.177016535374978,1.0
199.85495,46.75573488888888,61.760019344583945,0.09994927427441466,-1.3777405855582974,184.817494,6.711060000000001,8.735494000000001,93.36316,134.16785199999998,-50.649642000000014,-4.4880245500000004,0.1111111111111111,-50.649642000000014,58.93140699999999,109.58104900000001,0.0,0.11752781400311015,0.15802479060029237,262.81829867519593,26.657965171034945,0.9079096682507745,-22.44012275,348.75,22.5,337.5,360.0,50.649642000000014,0.0,1.2760082367707288,0.4790832125376614,28.27193235364718,1.0
200.14383,46.557706,61.52407052546515,0.09648004370033274,-1.375770033103228,184.81749399999995,6.711060000000001,8.735494000000001,92.95187,134.16785199999998,-50.649641999999986,-4.4537503,0.1111111111111111,-50.649641999999986,58.7086245,109.35826649999998,0.0,0.11658791566720583,0.15774972503384518,263.00162795425484,26.689555611037125,0.9078689407021168,-22.2687515,348.75,22.5,337.5,360.0,50.649641999999986,0.0,1.232327550523974,0.47579661155457403,28.317427309222055,1.0
200.43271,34.139750666666664,73.30203788959479,-0.028787389246563773,-1.3404928514504206,221.477274,-17.412385999999998,6.711060000000001,91.92364,134.16785199999998,-87.30942200000001,-5.32911555,0.4444444444444444,-35.1147465,89.54334839999999,124.65809489999998,0.0,0.12184125032810096,0.1601966881136395,347.47203791857015,42.857413149037306,0.8902019485542146,-26.64557775,213.75,112.5,157.5,270.0,140.458986,0.0,1.1849448918084287,0.46536476048049913,36.32643423741962,1.0
200.7216,34.19306511111111,73.32701500456322,-0.03101234405607003,-1.344215660342542,221.477274,-17.412385999999998,6.711060000000001,92.74622,134.16785199999998,-87.30942200000001,-5.320546800000001,0.4444444444444444,-35.1147465,89.63931439999999,124.75406089999998,0.0,0.12171184348382989,0.16000358132424,347.1606922547783,42.823687443027346,0.8901912751574822,-26.602734,213.75,112.5,157.5,270.0,140.458986,0.0,1.1654467515740872,0.46835307121076747,36.29407970525217,1.0
201.01048,34.22353288888889,73.34802437120919,-0.03171585664920637,-1.3457949922436403,221.477274,-17.412385999999998,6.711060000000001,93.08897,134.16785199999998,-87.30942200000001,-5.3188333,0.4444444444444444,-35.1147465,89.6941564,124.80890289999999,0.0,0.1216926626759903,0.15994196228173344,347.0274984046888,42.80961170133684,0.8901858992085624,-26.594166500000004,213.75,112.5,157.5,270.0,140.458986,0.0,1.1600683044218192,0.46965200696513876,36.27954671121866,1.0
201.29936,34.42156177777778,73.52169829456913,-0.03315632767004651,-1.3530142103666947,221.47727399999997,-17.412385999999998,6.711060000000001,94.59703,134.16785199999998,-87.309422,-5.3256883,0.4444444444444444,-35.114746499999995,90.05060839999999,125.16535489999998,0.0,0.1218746427440806,0.1598126666877199,346.4133996007793,42.74496514403107,0.8901604873066264,-26.628441499999997,213.75,112.5,157.5,270.0,140.45898599999998,0.0,1.1572539099867638,0.4758913492751916,36.20517826885959,1.0
201.58825,46.687186,61.53598465882475,0.08495418059840822,-1.3928558758177927,184.81749399999998,6.711060000000002,8.735494000000001,95.62526,134.16785199999998,-50.649642,-4.41604855,0.1111111111111111,-50.649642,58.85428949999999,109.5039315,0.0,0.11588397614654684,0.15692370612765713,261.902065978705,26.645610012406685,0.9076561267701279,-22.08024275,348.75,22.5,337.5,360.0,50.649642,0.0,1.1591930689923993,0.487015009019263,28.177838577663735,1.0
201.87713,46.91568044444444,61.75293576913666,0.08352140229329541,-1.4017373913998699,184.817494,6.711060000000001,8.735494000000001,97.06478,134.16785199999998,-50.649642000000014,-4.4314718,0.1111111111111111,-50.649642000000014,59.11134575,109.76098775000001,0.0,0.1164254766384836,0.15685497337053542,261.28741161202737,26.610753513774455,0.907568867268615,-22.157359,348.75,22.5,337.5,360.0,50.649642000000014,0.0,1.170873357919882,0.49410810143468026,28.08382374555157,1.0
202.16601,46.94614711111111,61.78498359293239,0.08363351784468497,-1.4025659268026407,184.81749399999998,6.711059999999999,8.735494000000001,97.20188,134.16785199999998,-50.649642,-4.4348993,0.1111111111111111,-50.649642,59.14562075,109.79526275,0.0,0.1165262295673458,0.15686764273492138,261.2286431447106,26.6062839278514,0.9075640882135377,-22.1744965,348.75,22.5,337.5,360.0,50.649642,0.0,1.1746712491501934,0.49486965164767693,28.073401984574133,1.0
202.4549,47.22795711111111,62.08492977816244,0.08500011065896872,-1.4097311999511601,184.81749399999998,6.711060000000001,8.735494000000001,98.43575,134.16785199999998,-50.649642,-4.4674598,0.1111111111111111,-50.649642,59.462657,110.11229900000001,0.0,0.11748128862892128,0.15699113019757824,260.7308953126933,26.56640798011488,0.9075299083015421,-22.337299,348.75,22.5,337.5,360.0,50.649642,0.0,1.2113803987998801,0.5017509127028774,27.98053796202871,1.0
202.74378,49.63781955555556,61.2016925859412,0.011154536222772703,-1.3276082477123525,184.81749399999998,6.7304200000000005,26.206272000000002,99.87527,134.16785199999998,-50.64964199999999,-4.486310550000001,0.1111111111111111,-50.64964199999999,62.17375225,112.82339424999999,0.0,0.12336615593435576,0.1617715884565128,242.58948227431085,30.384604525345644,0.8886905168118223,-22.43155275,348.75,22.5,337.5,360.0,50.64964199999999,0.0,1.2294498159830816,0.42688167790746323,30.218594865978993,1.0
203.03266,73.98170444444445,40.567188817412905,0.18663941514102725,-1.3196702355412273,122.49312599999998,47.489398,49.170044,101.38335,134.16785199999998,11.674726000000001,-2.9573346,0.0,0.0,73.98170444444445,73.98170444444445,0.0,0.12094311665475378,0.16088561259974343,113.91428702570326,12.139640540637412,0.9036948647685822,-14.786673,,0.0,,,0.0,0.0,1.020617217610431,0.38644826138797095,19.731522237532428,1.0
203.32155,78.74061622222222,40.65075614973988,-0.07372205304302662,-1.3240668616393516,122.49312599999998,47.489398,78.22514999999999,111.92363399999999,134.16785199999998,11.674726000000003,-2.95904835,0.0,0.0,78.74061622222222,78.74061622222222,0.0,0.13595744737588863,0.16770642490718887,91.30867290251723,16.208651297947085,0.8492461431814352,-14.79524175,,0.0,,,0.0,0.0,0.7843784331945994,0.31162787259041275,23.871542049366088,1.0
203.61043,78.74823288888888,40.64981546906109,-0.07481944813616068,-1.3250830143120893,122.49312599999998,47.489398,78.22514999999999,111.92363399999999,134.16785199999998,11.674726000000003,-2.9573346,0.0,0.0,78.74823288888888,78.74823288888888,0.0,0.13587997797199824,0.16764432772127022,91.27671129263048,16.198367243156337,0.8492825735610179,-14.786672999999999,,0.0,,,0.0,0.0,0.7791722884836276,0.3130947216415855,23.861805407039167,1.0
203.89931,73.9512388888889,40.50936342386308,0.18299877085798077,-1.322521900526533,122.49312599999998,47.489398,49.170044,101.589,134.16785199999998,11.674726000000003,-2.9453386,0.0,0.0,73.9512388888889,73.9512388888889,0.0,0.1204127699833614,0.16070589603121266,113.82270102726885,12.141501201335924,0.9036114944832389,-14.726693000000001,,0.0,,,0.0,0.0,1.0021027769415023,0.38759422393565457,19.71331346758442,1.0
204.1882,73.96647333333334,40.51457353819906,0.18153502944677982,-1.3248674480167506,122.49312599999998,47.489398,49.170044000000004,101.79465,134.16785199999998,11.674726000000003,-2.9436250999999993,0.0,0.0,73.96647333333334,73.96647333333334,0.0,0.12034530152911758,0.16064236185212513,113.74936976940965,12.139261771338138,0.9035714216378685,-14.718125499999998,,0.0,,,0.0,0.0,0.997885320828685,0.389260923755672,19.697527235779972,1.0
204.47708,94.90027088888888,24.530173197023455,0.33877042368878857,-1.1983752953918547,75.13132599999997,77.783938,83.51710599999998,111.92363399999999,134.16785199999998,59.036526,-1.7664348499999996,0.0,0.0,94.90027088888888,94.90027088888888,0.0,0.12872560563563915,0.16634086390917388,40.61773791602449,4.986223039774099,0.8906625009021467,-8.832174249999998,,0.0,,,0.0,0.0,0.7515581005276134,0.1959674451516769,14.083304795140902,1.0
204.76596,118.24985777777778,9.986052847130443,0.3335139818740569,-1.3852974783699101,29.836911999999984,111.13096,112.803538,129.17295199999998,134.16785199999998,104.33094,-0.4726427499999996,0.0,0.0,118.24985777777778,118.24985777777778,0.0,0.20220674813134995,0.1799821152655698,3.284200409013065,1.687801895468699,0.6605387945992366,-2.363213749999998,,0.0,,,0.0,0.0,0.7391037705611467,-0.48146116764677915,9.319724775680637,1.0
205.05485,120.20425444444443,8.72234145888875,0.06145536499150356,-0.9258819832739236,29.08287199999998,115.641454,117.547112,129.17295199999998,134.16785199999998,105.08498,-0.30538395000000024,0.0,0.0,120.20425444444443,120.20425444444443,0.0,0.21102165722857374,0.17478063271892993,2.3996772563168216,1.3104384610480955,0.6467931027112265,-1.5269197500000011,,0.0,,,0.0,0.0,0.7101221378652025,-0.4570545250087448,8.485571899855842,1.0
205.34373,122.73902999999999,7.8910201224833,-0.5401643009685608,-0.36233878019089083,27.574801999999977,119.452754,123.62051999999998,129.392306,134.16785199999998,106.59305,-0.15869000000000036,0.0,0.0,122.73902999999999,122.73902999999999,0.0,0.23295607979681665,0.16533307312013304,1.5646553425295735,1.0958236616629322,0.5881103891461299,-0.7934500000000018,,0.0,,,0.0,0.0,0.6709167520908266,-0.4100260559866663,7.890143761753652,1.0
205.63261,125.26161888888889,7.630621934210609,-0.9742187249397104,-0.03315968810370329,25.65544199999998,122.660826,129.24150799999998,130.461664,134.16785199999998,108.51241,-0.04387105000000062,0.0,0.0,125.26161888888889,125.26161888888889,0.4444444444444444,0.2704896099981668,0.14381610608454326,1.0971987387542046,0.993356335313847,0.5248360841155267,-0.2193552500000031,,0.0,,,0.0,0.0,0.6478906928817629,-0.37569991340154957,7.51031332400731,1.0
205.9215,125.6637708888889,7.211796798575703,-0.8386396672330588,-0.3712589649132001,23.66753199999998,122.907602,129.43344599999998,130.461664,134.16785199999998,110.50032,-0.06135085000000089,0.0,0.0,125.6637708888889,125.6637708888889,0.4444444444444444,0.2858014076816286,0.13627326112197785,0.9033162982976932,0.8442777298467213,0.516891385355179,-0.30675425000000445,,0.0,,,0.0,0.0,0.606266773091974,-0.437164702448119,7.142321400078556,1.0
206.21038,125.83133422222221,7.114094112633872,-0.7612330606302632,-0.5409598993485312,22.91350199999998,122.907602,129.43344599999998,130.46166399999998,134.16785199999998,111.25435,-0.08020185000000098,0.0,0.0,125.83133422222221,125.83133422222221,0.4444444444444444,0.2959803020952125,0.1307532936990568,0.8708095131584771,0.8034006602626901,0.5201315383999889,-0.40100925000000487,,0.0,,,0.0,0.0,0.6007157114727671,-0.4854270145468842,7.072138341075773,1.0
206.49926,127.07282666666667,6.644144888591824,-0.7521139227092017,-0.17831694171048618,23.009468,124.155188,129.735052,130.81812,135.908988,112.89952,-0.09322645000000022,0.0,0.0,127.07282666666667,127.07282666666667,0.4444444444444444,0.28213219820976376,0.13947998293940322,1.0170558441841384,0.6686092414153281,0.6033558224658319,-0.46613225000000114,,0.0,,,0.0,0.0,0.5743775892201192,-0.42908485469917124,6.6184403477809015,1.0
206.78815,127.94457066666668,6.304030787013093,-0.837711540481194,0.0322013036182649,22.080954000000006,124.66244999999999,130.461664,131.654418,136.214344,114.13339,-0.0853434,0.0,0.0,127.94457066666668,127.94457066666668,0.4444444444444444,0.25761108232620883,0.15582767372350095,1.0832545701128298,0.5943025101512441,0.6457333600104594,-0.426717,,0.0,,,0.0,0.0,0.5552492694366076,-0.4249325804661021,6.275840186737757,1.0
207.07703,128.3985162222222,6.010532783512213,-0.7805454256200884,-0.1593094301224829,20.709974000000017,125.07374,131.33909,131.654418,136.214344,115.50437,-0.07197625000000016,0.0,0.0,128.3985162222222,128.3985162222222,0.4444444444444444,0.24467029186474293,0.1624111546563563,1.0814382072900248,0.5075828804147912,0.6805688203823642,-0.3598812500000008,,0.0,,,0.0,0.0,0.5224832203535366,-0.44631799277024586,5.978378648636533,1.0
207.36591,128.73176644444442,5.923129537446439,-0.599731223433245,-0.5048463426162395,20.035042000000004,125.07374,131.33909,132.10683999999998,136.704732,116.66969,-0.08739950000000007,0.0,0.0,128.73176644444442,128.73176644444442,0.0,0.23757904246910522,0.16778408733028788,1.1334676157110801,0.49642158798012237,0.695426175641006,-0.43699750000000037,,0.0,,,0.0,0.0,0.5071441241901069,-0.4871845500641346,5.913386014383372,1.0
207.6548,131.29505066666667,5.806764651875142,-1.0679041115853884,0.20708111754818148,19.006811999999996,128.446336,133.66974799999997,135.7262,137.184572,118.17776,-0.031189650000001023,0.0,0.0,131.29505066666667,131.29505066666667,0.0,0.19537409897006364,0.18159328318538223,1.7523338324421855,0.6653642352753525,0.724794322238931,-0.15594825000000512,,0.0,,,0.0,0.0,0.5362287974507077,-0.5600383049113525,5.740454040692572,1.0
207.94368,132.1024011111111,5.421685980429834,-1.1837940196227503,0.3924390053755715,17.56729200000001,129.762472,134.56088,136.27459,137.184572,119.61728,-0.022621199999999675,0.0,0.0,132.1024011111111,132.1024011111111,0.0,0.1793403988548062,0.1830790519410893,2.111611095304178,0.5619630287147326,0.7898083229691901,-0.11310599999999837,,0.0,,,0.0,0.0,0.5027434894932726,-0.5829710859203652,5.323705889794196,1.0
208.23256,132.96255888888888,5.338170728177636,-1.1015271287837782,0.16016030430036876,17.740954000000016,130.96893,135.534272,136.805358,138.729204,120.98825,-0.022621150000000513,0.0,0.0,132.96255888888888,132.96255888888888,0.0,0.16380307252529816,0.180174769515238,2.7548783506747783,0.5259263925944132,0.8396959179733695,-0.11310575000000256,,0.0,,,0.0,0.0,0.47670452217551446,-0.5355435292906594,5.23509175506516,1.0
208.52145,133.23269066666666,4.868358338642627,-1.0377230953687986,-0.0952432284883229,15.181802000000019,130.941508,135.72620799999999,136.94245400000003,137.74667200000002,122.56487,-0.025020250000000032,0.0,0.0,133.23269066666666,133.23269066666666,0.0,0.1559159630334654,0.1835628415824227,2.8234015744258567,0.41040595737522384,0.8730889351247334,-0.12510125000000016,,0.0,,,0.0,0.0,0.4410075332922183,-0.6537163676778228,4.787010146500388,1.0
208.81033,133.38705199999998,4.821010003845344,-0.8078526408001248,-0.5110160872345402,15.191034000000002,130.29715000000002,135.72620799999999,137.57701,138.578484,123.38745,-0.03941544999999991,0.0,0.0,133.38705199999998,133.38705199999998,0.0,0.1545949121689656,0.18624488871607056,2.94747367147557,0.46347016848880757,0.864122603502009,-0.19707724999999954,,0.0,,,0.0,0.0,0.43809409435698915,-0.6933778622135931,4.796405342570099,1.0
209.09921,133.77000111111113,4.813042963158813,-0.6980053601994762,-0.5148403473185494,15.612210000000005,130.379406,135.424596,137.9883,139.4795,123.86729,-0.05483870000000053,0.0,0.0,133.77000111111113,133.77000111111113,0.0,0.14761410326928795,0.17895207249801023,3.6004952112298474,0.4380235874876206,0.8915385542551195,-0.27419350000000264,,0.0,,,0.0,0.0,0.43181024793431677,-0.5160942993135228,4.809076456631576,1.0
209.3881,133.80351333333337,4.751976470844203,-0.5444277758804027,-0.8060388081929113,14.926730000000006,130.74957,135.369754,138.57848400000003,139.4795,124.55277,-0.08088715000000021,0.0,0.0,133.80351333333337,133.80351333333337,0.0,0.1468448294003732,0.17930771179697408,3.7731701083608162,0.41175114202556606,0.9016107789178325,-0.4044357500000011,,0.0,,,0.0,0.0,0.424222311434351,-0.5171663637785807,4.750253784736893,1.0
209.67698,134.12375822222222,4.7441721962946914,-0.37986423578874723,-0.9651292160826594,15.204082000000028,130.94150599999998,135.50685,138.57848400000003,140.57944200000003,125.37536,-0.08362900000000054,0.0,0.0,134.12375822222222,134.12375822222222,0.0,0.14040348432397107,0.17470210998953553,4.230330139854487,0.3957699205952958,0.914448473765122,-0.41814500000000265,,0.0,,,0.0,0.0,0.40538055975244947,-0.4025110763675781,4.736332613171269,1.0
209.96586,133.8187466666667,4.568221974596923,-0.4851914458066549,-0.9221157727336826,14.309790000000007,130.74957,135.369754,138.1254,139.4795,125.16971,-0.06889115000000032,0.0,0.0,133.8187466666667,133.8187466666667,0.0,0.1412994326570229,0.17748071833905665,3.7211131983301162,0.3728639301553623,0.9089237876655671,-0.3444557500000016,,0.0,,,0.0,0.0,0.394681388663908,-0.4819229727809801,4.566511653566968,1.0
210.25475,133.80351333333337,4.448492203990921,-0.45195611055195606,-0.9693374611440437,13.96705,130.74957,135.369754,137.64556,139.4795,125.51245,-0.056895149999999714,0.0,0.0,133.80351333333337,133.80351333333337,0.0,0.13735744363534882,0.17586752772244524,3.6511558601294314,0.34933866827005366,0.9126761289432174,-0.2844757499999986,,0.0,,,0.0,0.0,0.3738955068858864,-0.44899746639662547,4.447648319795981,1.0
210.54363,133.43782911111114,4.0327353106503665,-0.6444672351756651,-0.8467799601147363,12.407867999999993,130.74957,135.369754,136.96007,137.988878,125.58101,-0.039757900000000033,0.0,0.0,133.43782911111114,133.43782911111114,0.0,0.1355116368239965,0.1793788188366052,3.0793306624752432,0.2704993720753012,0.9192498218186405,-0.19878950000000017,,0.0,,,0.0,0.0,0.34163257032156574,-0.5911529790007448,4.028326763921967,1.0
210.83251,133.483528,3.9448150002470603,-0.5925108864941807,-0.9599986437251204,11.996578,130.74957,135.369754,136.96007,137.988878,125.9923,-0.039757900000000033,0.0,0.0,133.483528,133.483528,0.0,0.13247198210214783,0.17857223523245358,3.111745361266198,0.2534225816100499,0.9246924415053366,-0.19878950000000017,,0.0,,,0.0,0.0,0.3290361226166327,-0.5879797699544674,3.9424900351471943,1.0
211.1214,133.3179966666667,3.9588738303266693,-0.7110367215657287,-0.8690634499774581,11.813868,130.37941,135.397176,136.27459,137.394878,125.58101,-0.005141199999999202,0.0,0.0,133.3179966666667,133.3179966666667,0.0,0.13208670060160052,0.18149563805888097,2.6991356908479993,0.2566760219371836,0.9131622555935266,-0.02570599999999601,,0.0,,,0.0,0.0,0.32691216214861596,-0.7045593611238313,3.92212382167196,1.0
211.41028,133.25249533333331,4.272897684788004,-0.8879477205882336,-0.6495531192382678,12.426141999999999,131.46248,135.45201,136.91894,137.184572,124.75843,0.03667324999999977,0.0,0.0,133.25249533333331,133.25249533333331,0.0,0.13279640007255672,0.17838496504988896,2.4757447995566855,0.27900283835769835,0.8987192748230096,0.18336624999999884,,0.0,,,0.0,0.0,0.3292255646841459,-0.6321100695635722,4.120795464732937,1.0
211.69916,132.28258422222223,3.850172246671156,-0.8933336725237795,-0.2934185764372095,12.494702000000004,130.96893,132.956838,134.670552,136.704732,124.21003,0.042499850000000096,0.0,0.0,132.28258422222223,132.28258422222223,0.0,0.1327128481261597,0.17259074861678744,1.892850850800798,0.17162125486959948,0.9168691819618673,0.21249925000000047,,0.0,,,0.0,0.0,0.2940896690554543,-0.4686658803162701,3.7141020754906426,1.0
211.98804,132.06967444444444,3.577036260466636,-0.740048041715717,-0.4856166570088867,11.447611999999992,130.70844200000002,133.162484,133.80685,136.343132,124.89552,0.06340704999999999,0.0,0.0,132.06967444444444,132.06967444444444,0.0,0.12060584229413761,0.16517861786500582,1.7057450817196118,0.09179748529019069,0.9489316764621668,0.31703525,,0.0,,,0.0,0.0,0.24463938600978877,-0.32691504680791256,3.3546664795154975,1.0
212.27693,132.04336155555555,3.376991426084305,-0.6566748224278334,-0.6118536832900094,10.830681999999996,130.70844200000002,133.162484,133.368126,136.343132,125.51245,0.07711679999999958,0.0,0.0,132.04336155555555,132.04336155555555,0.0,0.11084080113367549,0.16149241181953947,1.6128964838032773,0.0701933725896314,0.9582949345105705,0.38558399999999793,,0.0,,,0.0,0.0,0.21195877216607706,-0.2750929854932574,3.1293189490845514,1.0
212.56581,132.05859377777776,3.3304807002405896,-0.6224787902915397,-0.6621333006494696,10.625041999999993,130.70844200000002,133.162484,133.368126,136.343132,125.71809,0.07883054999999999,0.0,0.0,132.05859377777776,132.05859377777776,0.0,0.1080553676473957,0.16031316122635234,1.6118648851829285,0.06503924788901301,0.9612146891987271,0.39415274999999994,,0.0,,,0.0,0.0,0.20408173216826744,-0.2673781123961377,3.0851084066878127,1.0
212.85469,131.41525422222222,2.8780265558082148,-0.5904191016126408,-0.4171004168036885,10.062932000000004,130.37941,132.38103400000003,132.80602800000003,135.849582,125.78665,0.07848779999999991,0.0,0.0,131.41525422222222,131.41525422222222,0.0,0.11127600890967387,0.1594094763664665,1.1794688186864954,0.05591344502918009,0.954739964489629,0.39243899999999954,,0.0,,,0.0,0.0,0.18250866433271032,-0.014223165362317604,2.5249819815363934,1.0
213.14358,131.33147200000002,2.9356830023965443,-0.6291267090402333,-0.29359899350229623,10.405681999999999,130.37941,132.29878,132.806028,135.849582,125.4439,0.08877005000000011,0.0,0.0,131.33147200000002,131.33147200000002,0.0,0.11165185817316302,0.15915611913204805,1.1277482334690911,0.059044723878428684,0.9502485049242133,0.44385025000000056,,0.0,,,0.0,0.0,0.1794754520811021,0.028515802649634985,2.5258093708809155,1.0
213.43246,130.4205371111111,2.6833120685892204,-0.6187868245915092,-0.1457557473345803,9.747618000000017,129.268924,131.40765,131.72296,134.64312800000002,124.89551,0.08088695000000072,0.0,0.0,130.4205371111111,130.4205371111111,0.0,0.12512328125738406,0.16241379290831603,0.7660238659335843,0.08752740422514185,0.8974550125165759,0.4044347500000036,,0.0,,,0.0,0.0,0.16640825051018865,0.0982598779633264,2.291658835505589,1.0
213.72134,126.99158333333334,2.799700384236226,-0.2966608928203422,-1.4408603939604983,7.800834000000023,124.48422599999999,127.37697800000001,129.255212,130.57134200000002,122.77050799999999,-0.014395449999999954,0.0,0.0,126.99158333333334,126.99158333333334,0.4444444444444444,0.25767190282643754,0.16430997299419897,0.1285445280378341,0.07727118684986158,0.62456128797317,-0.07197724999999977,,0.0,,,0.0,0.0,0.16613644338924147,-0.3650338384360626,2.79913928846203,1.0
214.01023,125.71657777777779,2.7733507864941873,-0.22644705858076697,-1.534900725359218,7.6363239999999735,123.030996,126.033424,128.144728,129.104404,121.46808000000001,-0.01987929999999949,0.0,0.0,125.71657777777779,125.71657777777779,0.4444444444444444,0.2201294113503273,0.17573755481211517,0.18391350127588113,0.10438722481289106,0.6379224350460327,-0.09939649999999745,,0.0,,,0.0,0.0,0.15248002609453984,-0.3089957667496575,2.764130313347315,1.0
214.29911,126.17966177777778,2.5488474095141584,-0.3334721555969985,-0.4064016463200679,9.199223999999987,124.66245,126.96569600000001,127.77457,130.46166399999998,121.26244,0.06717734999999969,0.0,0.0,126.17966177777778,126.17966177777778,0.1111111111111111,0.21744211286491938,0.16025376602166713,0.41068889864099567,0.2910094376215434,0.585278427151364,0.33588674999999846,,0.0,,,0.0,0.0,0.15230651489236946,0.09233197193079312,2.287680813524618,1.0
214.58799,125.61451622222222,2.787879003400962,-0.3022730257204218,-0.2863741183031778,10.213747999999995,124.155188,126.335044,127.308428,130.447958,120.23421,0.09768170000000005,0.0,0.0,125.61451622222222,125.61451622222222,0.1111111111111111,0.1863283050044812,0.16235410293947405,0.542074564234633,0.22026892337641477,0.7110634156031465,0.48840850000000025,,0.0,,,0.0,0.0,0.14301034628425802,0.24025261623293973,2.4257513731334366,1.0
214.87688,124.65940555555557,2.4270637944901896,-0.25694914883298947,-0.6294874491209592,8.486321999999987,123.113256,125.073748,125.9923,128.720532,120.23421,0.06820579999999979,0.0,0.0,124.65940555555557,124.65940555555557,0.0,0.15565348842665008,0.16039687209464487,0.7474840256485709,0.21162597670261019,0.7793517153801323,0.3410289999999989,,0.0,,,0.0,0.0,0.12614134186722611,0.2814596365599044,2.2245813614199608,1.0
215.16576,124.3456051111111,2.4064325160475164,-0.20992347875749506,-0.6447630010130259,8.362930000000006,122.85277199999999,124.717294,125.33422,128.3915,120.02857,0.08054475000000032,0.0,0.0,124.3456051111111,124.3456051111111,0.0,0.14426482004671257,0.1577424290162275,0.8597928737468874,0.19352604767014706,0.8162702256488257,0.4027237500000016,,0.0,,,0.0,0.0,0.10586242733709103,0.3581072457218596,2.1629071714550365,1.0
215.45464,123.9723951111111,2.8543116726055944,-0.11792368806382851,-0.8375018956209765,9.254075999999998,122.67453799999998,124.429386,125.594712,128.775376,119.5213,0.10042389999999983,0.0,0.0,123.9723951111111,123.9723951111111,0.0,0.12397422061472907,0.1482504052131941,0.9817095229992099,0.11897359009317487,0.8919093163443673,0.5021194999999992,,0.0,,,0.0,0.0,0.09870371564214839,0.5062693714537787,2.60194094340889,1.0
215.74353,123.98762844444445,2.832407259713237,-0.10331852981138144,-0.8321402222186802,9.254075999999998,122.67453799999998,124.429386,125.594712,128.775376,119.5213,0.10042389999999983,0.0,0.0,123.98762844444445,123.98762844444445,0.0,0.12366067025845458,0.14791375145832358,0.967870546390202,0.11829807826819068,0.8910868205252156,0.5021194999999992,,0.0,,,0.0,0.0,0.09527268791322438,0.5094563024459522,2.5858767179516846,1.0
216.03241,123.95868688888888,3.399548811567942,-0.20064015724584702,-0.7809410342985519,11.365380000000016,122.797926,124.00439,126.25278599999999,129.474576,118.109196,0.1367546500000003,0.0,0.0,123.95868688888888,123.95868688888888,0.0,0.11269687609676655,0.13831322278361569,1.0059848245269412,0.07456552384016255,0.9309930129161097,0.6837732500000016,,0.0,,,0.0,0.0,0.08650770510416848,0.6334573822593264,3.0617870094043536,1.0
216.32129,121.30052355555556,3.083351777898674,-0.2449179028851299,-1.006195500529737,10.090370000000007,119.466464,122.00277200000001,123.771328,126.101978,116.011608,0.023306699999999837,0.0,0.0,121.30052355555556,121.30052355555556,0.0,0.08935928056760054,0.1430877258624833,1.966401404922884,0.09361013945579254,0.9545584393414249,0.11653349999999918,,0.0,,,0.0,0.0,0.10974632851784519,0.3740547379516309,3.081334868557622,1.0
216.61018,118.75051466666667,3.3851321419546094,0.42182204130979906,-1.0838174360536013,10.803273999999988,117.01243,117.327754,122.08502,124.566488,113.76321400000002,-0.10076619999999963,0.0,0.0,118.75051466666667,118.75051466666667,0.0,0.07440230491992801,0.1407036783602264,3.3809364592974314,0.11485456215524062,0.9671449003824526,-0.5038309999999981,,0.0,,,0.0,0.0,0.09640473045295803,-0.021491049984411013,2.9981537672750807,1.0
216.89906,96.89113466666666,17.159106781460963,-0.010777110427435033,-1.4291799186468797,51.493691999999996,85.71315799999999,88.67444599999999,112.762412,120.78259,69.288898,-1.2873423,0.0,0.0,96.89113466666666,96.89113466666666,0.0,0.08359379891119322,0.13478609678950101,41.9525611185305,0.4955792412641269,0.9883250659001224,-6.4367114999999995,,0.0,,,0.0,0.0,0.28771977280890526,0.7617294882576363,4.093147409910588,1.0
217.18794,96.73880466666667,16.972213707155905,-0.025368488684469073,-1.4292840496495043,50.94530200000001,85.713158,88.67444599999999,112.76241200000001,120.2342,69.28889799999999,-1.2736325500000003,0.0,0.0,96.73880466666667,96.73880466666667,0.0,0.0823163061864616,0.13475640778769737,42.19465843934363,0.48634079893492704,0.9886052152547167,-6.3681627500000015,,0.0,,,0.0,0.0,0.26738759426235875,0.7530226821441182,4.12551756080571,1.0
217.47683,68.60973,33.93952974210696,0.12347838317711908,-1.229457849736112,104.979206,47.198644,50.798418,92.295766,119.06887,14.089663999999999,-2.62448015,0.0,0.0,68.60973,68.60973,0.0,0.08560924089840315,0.1314265121601616,164.92748723125231,1.9073842560658945,0.9885672327424083,-13.12240075,,0.0,,,0.0,0.0,0.9162678263229712,0.7889075919249191,8.375498201603877,1.0
217.76571,51.75976555555556,44.716989776868395,0.13479911934930078,-1.1653737658630867,139.43237399999998,24.25707,28.703586,83.249964,118.58903,-20.843344000000002,-3.4858093499999994,0.1111111111111111,-20.843344000000002,60.83515425,81.67849825,0.0,0.08829975958721314,0.1327551963133588,279.11587027910576,3.6115317282069888,0.9872260994064795,-17.429046749999998,348.75,22.5,337.5,360.0,20.843344000000002,0.0,1.198826121172053,0.7809650644036928,11.114919096484298,1.0
218.05459,68.63490155555556,33.71973558782139,0.11718515263454514,-1.2243902651059961,104.26696199999999,47.49503599999999,51.03670799999999,93.14838,118.52049,14.253528,-2.6066740499999996,0.0,0.0,68.63490155555556,68.63490155555556,0.0,0.0855814920014759,0.13172805684754238,165.552082376613,2.077974532637371,0.9876038070316884,-13.03337025,,0.0,,,0.0,0.0,0.8738776881473932,0.7702000484642423,8.213434623509285,1.0
218.34348,51.75976666666666,44.713079856782834,0.13407899803765516,-1.166907790030597,139.089634,24.257069999999995,28.703585999999994,83.249964,118.24629,-20.843344000000002,-3.47724085,0.1111111111111111,-20.843344000000002,60.83515549999999,81.67849949999999,0.0,0.08801900306241091,0.13240601639490224,279.04269392992177,3.6475252921361085,0.9870970941185284,-17.38620425,348.75,22.5,337.5,360.0,20.843344000000002,0.0,1.196997479793959,0.7779216958168771,11.156572635310129,1.0
218.63236,68.58688111111111,33.902878325955946,0.12075579801698973,-1.2322454811947212,104.567916,47.198644,50.798418,92.295766,118.65758,14.089663999999994,-2.6141978999999997,0.0,0.0,68.58688111111111,68.58688111111111,0.0,0.0851434093633072,0.13096044733266377,164.92509447841513,1.927584169904098,0.9884473885249049,-13.0709895,,0.0,,,0.0,0.0,0.911087323319265,0.7848315686851365,8.400657978585569,1.0
218.92124,64.35057911111112,37.239711145117354,0.11283936449270071,-1.2184455763348037,115.06955799999999,41.111534,45.259696,90.63689000000001,119.20597,4.136412000000001,-2.8767389499999996,0.0,0.0,64.35057911111112,64.35057911111112,0.0,0.08691770573668667,0.13176154406958243,190.52269373558278,2.2030509779812073,0.9885689844843806,-14.383694749999998,,0.0,,,0.0,0.0,0.9834850216178611,0.7980180743128049,9.11028418695932,1.0
219.21013,71.48724688888889,32.365377226499206,0.11528746729057823,-1.244246231549415,99.632416,51.037366,54.623425999999995,94.269964,119.13742,19.505004000000003,-2.4908104,0.0,0.0,71.48724688888889,71.48724688888889,0.0,0.08531932993252801,0.13104861087952455,148.62366301338164,1.7266657342239728,0.9885157169345377,-12.454052,,0.0,,,0.0,0.0,0.8623915316253076,0.7881248941951553,7.9599742463788825,1.0
219.49901,68.60211444444444,33.92724286707676,0.122554882104455,-1.230422214134858,104.842116,47.198644,50.798418,92.295766,118.93178,14.089663999999994,-2.6210529,0.0,0.0,68.60211444444444,68.60211444444444,0.0,0.08545366100277427,0.1312714127815881,164.9262913549588,1.9140700589188009,0.9885275358864186,-13.1052645,,0.0,,,0.0,0.0,0.9145022381795702,0.7875615615392638,8.383614619053674,1.0
219.78789,68.65775155555555,33.74829479549003,0.11797718560378528,-1.225710987781315,104.06132200000002,47.49503599999999,51.03670799999999,93.14838,118.31485,14.253527999999994,-2.6015330500000005,0.0,0.0,68.65775155555555,68.65775155555555,0.0,0.08537053478082204,0.13133869250735627,165.45664960037192,2.107107990144116,0.9874250373676144,-13.007665250000002,,0.0,,,0.0,0.0,0.8757432520685322,0.7668541089186828,8.26010318862781,1.0
220.07678,58.62681022222221,40.50015095622425,0.11959536349016119,-1.1935131373076866,125.14686,33.57967799999999,37.861675999999996,87.746752,118.04065,-7.106210000000002,-3.1286715000000003,0.1111111111111111,-7.106210000000002,66.84343774999999,73.94964775,0.0,0.08703286702112037,0.13175047984648733,228.97300293437107,2.947289053568701,0.9872918017289289,-15.6433575,348.75,22.5,337.5,360.0,7.106210000000002,0.0,1.0541657822885009,0.7763747511344085,9.994756192709366,1.0
220.36566,53.70502288888889,43.44895806774049,0.12827859944597503,-1.1753889105852922,134.647696,26.861917999999996,31.294722,84.538678,117.76646,-16.881236,-3.3661924,0.1111111111111111,-16.881236,62.52830525,79.40954125,0.0,0.08740387291764307,0.13191999798071022,264.17237535296067,3.4635503851593903,0.9870587239896667,-16.830962,348.75,22.5,337.5,360.0,16.881236,0.0,1.1504034319159826,0.7743074898537573,10.857377777116158,1.0
220.65454,48.30187,46.82546980860576,0.1404099357301658,-1.1560710005834334,145.38240000000002,19.444960000000002,24.097122,80.919312,117.62936,-27.75304,-3.6345600000000005,0.1111111111111111,-27.75304,57.80873375,85.56177375,0.0,0.08792265806219683,0.1320015574323497,306.0742207363294,4.144765028459687,0.9866392283556077,-18.172800000000002,348.75,22.5,337.5,360.0,27.75304,0.0,1.2691923498748932,0.7711387942516769,11.85460129986544,1.0
220.94343,46.74210244444444,47.59435685057988,0.14228720514384893,-1.1438643195367761,148.213258,17.702994,22.355572,80.2816,117.49227,-30.720988,-3.70533145,0.1111111111111111,-30.720988,56.42498875,87.14597674999999,0.0,0.08831820967573396,0.13250311501082723,319.68984941524707,4.568287549628905,0.9859115715877245,-18.52665725,348.75,22.5,337.5,360.0,30.720988,0.0,1.2800749605448563,0.7612239023101666,11.993258470754315,1.0
221.23231,48.27140444444445,46.78315588147259,0.138977969764867,-1.155995679635995,145.45095,19.444960000000002,24.097122,80.919312,117.69791,-27.753040000000006,-3.63627375,0.1111111111111111,-27.753040000000006,57.774460000000005,85.5275,0.0,0.08796309888188245,0.13216963394298265,306.19302914707316,4.110786116185183,0.9867523829418716,-18.18136875,348.75,22.5,337.5,360.0,27.753040000000006,0.0,1.2653818540344561,0.772700364416938,11.811407551586772,1.0
221.52119,58.61157688888889,40.47840089571379,0.11861333748000515,-1.1938427596517924,125.07832,33.57967799999999,37.861675999999996,87.74675199999999,117.97211,-7.106210000000003,-3.126958,0.1111111111111111,-7.106210000000003,66.82630025,73.93251025,0.0,0.08696490399830477,0.13173209201733863,229.0077174576374,2.943074895782212,0.9873116411199984,-15.634789999999999,348.75,22.5,337.5,360.0,7.106210000000003,0.0,1.0518808179470491,0.7762251087833685,9.98770655776884,1.0
221.81008,68.58688111111111,33.90042985110229,0.12016641861529008,-1.2334841644531613,104.362286,47.198643999999994,50.798418000000005,92.295766,118.45195,14.089663999999994,-2.60905715,0.0,0.0,68.58688111111111,68.58688111111111,0.0,0.08491664379533036,0.13067287639829558,164.8924346833353,1.9449661918164125,0.9883421452161636,-13.04528575,,0.0,,,0.0,0.0,0.9101171699738947,0.7821929087927307,8.425334232333682,1.0
222.09896,68.63258,33.96255653768961,0.12291908424412538,-1.2335781064129232,104.293736,47.198644,50.798418000000005,92.295766,118.3834,14.089663999999999,-2.6073434,0.0,0.0,68.63258,68.63258,0.0,0.08486300642217073,0.1303627021068482,164.7516665520024,1.9798822803431753,0.9881253290435585,-13.036717,,0.0,,,0.0,0.0,0.9159149989104742,0.7790235468622274,8.479769396476216,1.0
222.38784,65.91500977777778,35.577808114194426,0.12762051453145076,-1.2246934335948885,109.352614,43.55186000000001,47.09679599999999,90.66431,118.1092,8.756585999999993,-2.73381535,0.0,0.0,65.91500977777778,65.91500977777778,0.0,0.0849921715795464,0.13035974561311992,180.95321997189853,2.176609494965419,0.98811439129605,-13.66907675,,0.0,,,0.0,0.0,0.9619281767108314,0.7783443704381564,8.935827772009992,1.0
222.67673,68.64019666666667,33.97187476209282,0.12312633215319858,-1.234123232300554,104.156636,47.198644,50.798418,92.295766,118.2463,14.089663999999999,-2.6039159,0.0,0.0,68.64019666666667,68.64019666666667,0.0,0.08471777664690992,0.1301354530921455,164.70957622227104,1.9969368851175078,0.9880212425537932,-13.0195795,,0.0,,,0.0,0.0,0.9165280825684541,0.776809591042725,8.505614671484793,1.0
222.96561,60.24680511111111,39.622909427322476,0.11842549679684272,-1.2070819300988849,121.787334,35.668775999999994,39.885487999999995,88.004624,117.90356,-3.8837740000000025,-3.04468335,0.1111111111111111,-3.8837740000000025,68.2631275,72.1469015,0.0,0.08618732510527007,0.13069615311876234,216.8802165759504,2.6589912087342524,0.9878883082631834,-15.22341675,348.75,22.5,337.5,360.0,3.8837740000000025,0.0,1.054425831175098,0.7840636284985616,9.896260217346263,1.0
223.25449,40.412907555555556,51.83131965465787,0.18259944428656816,-1.1396790754382449,160.494428,8.541815999999992,13.242939999999994,73.394636,117.83501,-42.659418,-4.0123607,0.1111111111111111,-42.659418,50.79694825,93.45636625,0.0,0.08776929696985647,0.13074502624844941,371.6849001640054,5.029173110471603,0.9866498932018768,-20.0618035,348.75,22.5,337.5,360.0,42.659418,0.0,1.5418725885218538,0.7734834917362992,13.548099789179297,1.0
223.54338,58.60396133333333,40.46844976292829,0.11830869065564213,-1.1936158429491885,125.14687,33.579677999999994,37.861676,87.74675199999999,118.04066,-7.106210000000003,-3.12867175,0.1111111111111111,-7.106210000000003,66.81773275,73.92394275000001,0.0,0.08702350396763381,0.1318403425260723,229.04263112689372,2.931184591137269,0.9873641575357844,-15.64335875,348.75,22.5,337.5,360.0,7.106210000000003,0.0,1.0511202813508782,0.777194338451156,9.970531486526562,1.0
223.83226,68.63490155555556,33.71547739496983,0.11615448600257827,-1.2265448847516707,103.924222,47.49503599999999,51.03670799999999,93.14838,118.17775,14.253527999999998,-2.59810555,0.0,0.0,68.63490155555556,68.63490155555556,0.0,0.08521254808163102,0.1312577848426203,165.50155297878024,2.1045552664688834,0.9874434452980191,-12.990527750000002,,0.0,,,0.0,0.0,0.8721590765970636,0.7661301873148266,8.25456582076872,1.0
224.12114,71.52533022222222,32.41887074022235,0.11815199776285798,-1.2433017208039305,99.76952600000001,51.037366000000006,54.623425999999995,94.269964,119.27453,19.505003999999992,-2.49423815,0.0,0.0,71.52533022222222,71.52533022222222,0.0,0.08549514331369103,0.13106090465618808,148.54140424943998,1.7380461040627322,0.9884345723911476,-12.471190750000002,,0.0,,,0.0,0.0,0.8679421496200018,0.7880160567916455,7.979832693225461,1.0
224.41003,96.78450466666666,17.014262045405502,-0.027155425297027448,-1.4395078970052229,50.602571999999995,85.713158,88.67444599999999,112.76241200000001,119.89147,69.288898,-1.2650643,0.0,0.0,96.78450466666666,96.78450466666666,0.0,0.0815376668134225,0.13331043111595497,42.10147634103344,0.49552757015179205,0.9883670792602267,-6.325321499999999,,0.0,,,0.0,0.0,0.26594318852352616,0.750631344511336,4.145452764831323,1.0
224.69891,105.64707399999999,11.334294214499131,0.03413586136371125,-1.5976572133352,32.505731999999995,97.72286600000001,99.17608599999998,117.149522,120.91969,88.41395800000001,-0.8126432999999998,0.0,0.0,105.64707399999999,105.64707399999999,0.0,0.07764808366618998,0.1336629703499421,20.748536447018292,0.2999239336317976,0.9857507899244691,-4.063216499999999,,0.0,,,0.0,0.0,0.15671124396289254,0.6328246174813775,3.350496741785519,1.0
224.98779,121.25177844444445,2.8337042840863904,-0.30713422704556503,-0.667403452795281,9.829883999999993,119.274528,121.90680400000001,123.67534799999999,125.676976,115.847092,0.040443949999999874,0.0,0.0,121.25177844444445,121.25177844444445,0.0,0.08258949136354561,0.13545302295210868,1.985336034618517,0.09532950752346021,0.954183166064864,0.20221974999999937,,0.0,,,0.0,0.0,0.04791971119104619,0.4489156802552871,2.8333209489909157,1.0
225.27668,123.85967111111111,3.40240991391992,-0.10552262536529462,-0.8704716363366831,11.214572000000004,122.811634,123.23663400000001,126.33504599999999,129.378606,118.16403399999999,0.1549203999999996,0.0,0.0,123.85967111111111,123.85967111111111,0.0,0.10592152681854858,0.13294241578866262,1.0742908605812933,0.0632418829469686,0.9444043405333081,0.774601999999998,,0.0,,,0.0,0.0,0.06636154422850059,0.7133756833315912,2.9967267624003067,1.0
225.56556,123.92669622222222,2.767796545235128,0.033101650517161116,-0.7723223861435504,9.254075999999998,122.67453799999998,123.86728,125.594712,128.775376,119.5213,0.12270240000000002,0.0,0.0,123.92669622222222,123.92669622222222,0.0,0.11986508278815795,0.14612609519086486,0.9950433715830103,0.11471609345824466,0.8966297678356425,0.6135120000000001,,0.0,,,0.0,0.0,0.05798443215947856,0.5707885586157248,2.4618532750752866,1.0
225.85444,123.94193066666668,2.799874492744747,-0.027615487321814677,-0.7952001301302816,9.254075999999998,122.67453799999998,124.21003,125.59471199999999,128.775376,119.5213,0.11413364999999978,0.0,0.0,123.94193066666668,123.94193066666668,0.0,0.12117935766672713,0.14678746134245255,0.9900348483822704,0.11616564268000784,0.8949868096171668,0.5706682499999989,,0.0,,,0.0,0.0,0.07413758241893097,0.5482581088488373,2.514032855256945,1.0
226.14333,124.7462328888889,2.1982477903504254,0.18039556879480867,-0.6349324740344753,7.526627999999974,123.31890200000001,124.75841,125.84148,128.85762799999998,121.331,0.10248044999999947,0.0,0.0,124.7462328888889,124.7462328888889,0.0,0.15430877986403452,0.15832151809125342,0.671753646227562,0.2052564412054702,0.7659588592842276,0.5124022499999974,,0.0,,,0.0,0.0,0.05800713451944091,0.35382374736066896,1.9161789990329532,1.0
226.43221,125.94811911111111,2.4948496304690675,0.37700081673352986,-0.580259361873305,8.19841599999998,124.01808799999999,126.17051799999999,127.66488000000001,130.85924799999998,122.660832,0.13709744999999957,0.0,0.0,125.94811911111111,125.94811911111111,0.1111111111111111,0.18355389191322544,0.1569247290256732,0.3889153692455125,0.1576298901320116,0.7115885875898007,0.6854872499999978,,0.0,,,0.0,0.0,0.03994292128965526,0.4129038094974158,2.056960408582761,1.0
226.72109,124.53144755555556,2.092958842563702,-0.06074359128619309,-1.3273398373340075,6.443572000000003,123.31891,124.15519200000001,126.33503600000002,127.67859000000001,121.23501800000001,0.006854900000000441,0.0,0.0,124.53144755555556,124.53144755555556,0.0,0.15358719462700537,0.16699953503154544,0.3707252554990037,0.14102572115832765,0.7244251058357998,0.034274500000002206,,0.0,,,0.0,0.0,0.046822707315896536,-0.022799041338243644,2.0616825323697965,1.0
227.00998,124.922936,2.11905690079442,-0.08659483278140354,-1.2736891128539625,6.525834000000003,123.66165,124.63503,126.47213,128.048754,121.52292,-0.0027420000000002885,0.0,0.0,124.922936,124.922936,0.0,0.1697768982214067,0.1714495693679766,0.2605683591760738,0.13441450431656843,0.6596953518591273,-0.013710000000001443,,0.0,,,0.0,0.0,0.04789744421138862,-0.11491515910256273,2.075195640821815,1.0
227.29886,124.60913444444444,2.0961321099529466,-0.08755305523720253,-1.09198577387209,6.827443999999986,123.52455,124.18261,126.22535599999999,127.95278599999999,121.125342,0.0023993999999998294,0.0,0.0,124.60913444444444,124.60913444444444,0.0,0.1488090813733838,0.1640676487434431,0.35083532081800045,0.11597324883963758,0.7515614398427826,0.011996999999999147,,0.0,,,0.0,0.0,0.04721689795645212,0.05234924336205358,2.061410675234506,1.0
227.58774,124.58628444444444,2.0804979164822277,-0.07191173836194845,-1.0518322523908998,6.827443999999986,123.52455,124.18261,126.22535599999999,127.95278599999999,121.125342,0.007540649999999616,0.0,0.0,124.58628444444444,124.58628444444444,0.0,0.14762111449610357,0.16373767646141651,0.3564051470423849,0.11569375747184224,0.7549374581447489,0.03770324999999808,,0.0,,,0.0,0.0,0.0399176565945937,0.06088094212019568,2.051770409794564,1.0
227.87663,123.32346822222222,2.9398257414576863,0.47303293505393773,-1.0889728193798278,9.116967999999957,121.413242,122.208406,125.85519,128.63827199999997,119.52130400000001,-0.09116959999999992,0.0,0.0,123.32346822222222,123.32346822222222,0.0,0.11131721774601148,0.161427811286472,0.5478327778612899,0.056040863822003004,0.9071976982527183,-0.4558479999999996,,0.0,,,0.0,0.0,0.02997930948126969,-0.1124162037753212,2.3783364374716043,1.0
228.16551,127.12410888888888,2.795423795761301,0.0338512540986256,-0.8730017155954406,9.473417999999981,124.75842600000001,127.44552000000002,129.049566,132.024568,122.55115,0.14052469999999956,0.0,0.0,127.12410888888888,127.12410888888888,0.1111111111111111,0.2183507340722201,0.14994924400159323,0.167171315938828,0.066702769173615,0.7147919607551877,0.7026234999999978,,0.0,,,0.0,0.0,0.03542132100440405,0.48763527571567555,2.4591874442400274,1.0
228.45439,123.12543955555556,4.141064705705929,0.4912412884277072,-1.1840726897219886,12.297616000000005,120.12452800000001,121.15276200000001,125.99229,130.310854,118.013238,-0.13366970000000009,0.0,0.0,123.12543955555556,123.12543955555556,0.0,0.10645100771050593,0.15504610836860327,0.5023880369468925,0.021651683704893575,0.9586831246802587,-0.6683485000000005,,0.0,,,0.0,0.0,0.048445405572069535,0.48699781230431954,3.270728596139904,1.0
228.74328,124.53906377777778,2.2827954583500247,0.004094291925253253,-0.8462043087739097,7.745992000000001,123.38745,124.566482,126.43100799999999,128.418914,120.672922,0.04421404999999971,0.0,0.0,124.53906377777778,124.53906377777778,0.0,0.13139257562022397,0.15913079255037793,0.36602814454639176,0.07665127701964441,0.826846983690443,0.22107024999999858,,0.0,,,0.0,0.0,0.008866202544534846,0.21824030784426257,2.282032971047901,1.0
229.03216,124.53906377777778,2.2827954583500247,0.004094291925253253,-0.8462043087739097,7.745992000000001,123.38745,124.566482,126.43100799999999,128.418914,120.672922,0.04421404999999971,0.0,0.0,124.53906377777778,124.53906377777778,0.0,0.13139257562022397,0.15913079255037793,0.36602814454639176,0.07665127701964441,0.826846983690443,0.22107024999999858,,0.0,,,0.0,0.0,0.008866202544534846,0.21824030784426257,2.282032971047901,1.0
229.32104,121.17256644444443,4.271340975614595,0.4544410100639856,-1.4620706438557212,11.598420000000004,117.69791000000001,118.31484800000001,124.62132,128.309234,116.710814,-0.17205695,0.0,0.0,121.17256644444443,121.17256644444443,0.0,0.08129001406683045,0.14063159908673084,1.2923164007859944,0.03367327169107854,0.9746051779380497,-0.8602847499999999,,0.0,,,0.0,0.0,0.012063010795739824,0.3958348759633237,2.967089019533318,1.0
229.60993,119.78636355555555,5.572702012648905,0.3990675775285681,-1.5528612844599001,14.696816000000027,114.969682,116.36807400000001,123.86729,128.59714200000002,113.90032599999999,-0.22244019999999978,0.0,0.0,119.78636355555555,119.78636355555555,0.0,0.07096140840406595,0.12586752574751475,1.9471606621965936,0.017207684787073102,0.9912400925658267,-1.1122009999999989,,0.0,,,0.0,0.0,0.05254511195730292,0.7786458215719215,3.803825670872568,1.0
229.89881,119.59899577777777,5.483594287073269,0.38603087385564966,-1.5893821824385026,14.162132,114.77774600000001,116.148716,123.66164,128.213264,114.05113200000001,-0.22209734999999994,0.0,0.0,119.59899577777777,119.59899577777777,0.0,0.06845362249857732,0.12418917315785416,2.070903556792022,0.016918650983494737,0.9918965077487558,-1.1104867499999997,,0.0,,,0.0,0.0,0.04684493630507667,0.7667507109182004,3.6529777968751103,1.0
230.18769,121.9205068888889,3.51297039011655,-0.0691098364219502,-0.8438769018123611,11.762934000000001,118.698722,122.77051,122.90761,127.637454,115.87452,-0.0020564500000002537,0.0,0.0,121.9205068888889,121.9205068888889,0.0,0.07027471824403604,0.13344570792883156,1.1172166119453915,0.03211486150680912,0.9720577898144972,-0.01028225000000127,,0.0,,,0.0,0.0,0.05198154838706672,-0.23622008807060133,3.3143109116829086,1.0
230.47658,119.081072,4.436610505999071,0.34536444344425055,-1.479069652980202,12.626648000000003,115.60033000000001,116.36807000000002,122.35922,126.156808,113.53016,-0.15389154999999982,0.0,0.0,119.081072,119.081072,0.0,0.059834126231981075,0.12550554618497967,2.610325054464976,0.04435640883644954,0.9832912499868756,-0.769457749999999,,0.0,,,0.0,0.0,0.032366953396802456,0.014010865699396078,3.2094720288803296,1.0
230.76546,120.03922977777779,3.4584910617962876,0.04386906456664491,-0.8277048434106651,11.61212999999998,117.588238,120.09711,121.81083,125.827776,114.21564600000002,-0.03084669999999967,0.0,0.0,120.03922977777779,120.03922977777779,0.0,0.06528326795648474,0.13064263997398531,2.279758985941778,0.06638271669066162,0.9717055808209075,-0.15423349999999836,,0.0,,,0.0,0.0,0.03263566173044556,-0.034494366643797465,3.2001733792598106,1.0
231.05434,120.15652444444446,3.488907377838616,-0.004447808317398789,-0.8397414295205241,11.708098000000021,117.601948,120.57695,121.94793,125.92374400000001,114.21564599999999,-0.032217749999999865,0.0,0.0,120.15652444444446,120.15652444444446,0.0,0.06444032033802931,0.12910957224958172,2.1795912100723553,0.06142836665461021,0.9725890985559413,-0.16108874999999934,,0.0,,,0.0,0.0,0.027324342164507517,-0.056100800638898426,3.2046616938078913,1.0
231.34323,119.93412177777776,3.4549243459148347,-0.0317392454108704,-0.8263416899981388,11.598419999999976,117.451142,120.30276,121.67373,125.58099999999999,113.98258000000001,-0.029475650000000186,0.0,0.0,119.93412177777776,119.93412177777776,0.0,0.0659625976477912,0.12991912174317213,2.3698017081315284,0.07033544245031476,0.9711756191529395,-0.14737825000000093,,0.0,,,0.0,0.0,0.029274466621076488,-0.02520077652951767,3.1867803845977623,1.0
231.63211,119.92650511111111,3.454178738277082,-0.025206819020947648,-0.8247238754122268,11.598420000000004,117.451142,120.23421,121.67373,125.58099999999999,113.98257999999998,-0.029475650000000186,0.0,0.0,119.92650511111111,119.92650511111111,0.0,0.06602926993860807,0.13016160852301392,2.3766016917367985,0.07049726523818145,0.9711914938566903,-0.14737825000000093,,0.0,,,0.0,0.0,0.029759300616989455,-0.023341433240135462,3.18966451728639,1.0
231.92099,119.98439088888888,3.473307533479242,-0.020946914316385973,-0.8007308171970196,11.721805999999987,117.42372399999999,120.57695,121.46809,125.71809599999999,113.99629,-0.021935450000000144,0.0,0.0,119.98439088888888,119.98439088888888,0.0,0.0641173916185315,0.12752291035907967,2.330081468091856,0.06310410299510434,0.9736317551572875,-0.10967725000000073,,0.0,,,0.0,0.0,0.03742929012453093,-0.026574401926672066,3.211586112157197,1.0
232.20987,119.9615408888889,3.4641358450190585,-0.004475122903192399,-0.779406507018642,11.721806000000015,117.42372399999999,120.57695,121.26244,125.71809600000002,113.99629,-0.016794200000000002,0.0,0.0,119.9615408888889,119.9615408888889,0.0,0.0640732806330575,0.12712050344685152,2.3576104586944195,0.06280297445563027,0.9740527904477456,-0.08397100000000002,,0.0,,,0.0,0.0,0.044288795829434846,-0.02196287786427274,3.2160612679668548,1.0
232.49876,119.72085822222223,3.4214352918899036,0.04172151276385315,-0.7320434747401228,11.612128000000013,117.36888400000001,120.09711,120.6455,125.47132000000002,113.85919200000001,-0.0044554000000001535,0.0,0.0,119.72085822222223,119.72085822222223,0.0,0.06542953049939336,0.12792822657970235,2.588012551111119,0.071122182775075,0.9732536369947458,-0.02227700000000077,,0.0,,,0.0,0.0,0.058046391776652245,0.021312592517126,3.2215868664764793,1.0
232.78764,119.17703911111113,3.2416743767604124,0.06698156408742016,-0.7652414334943418,10.926648000000029,117.176948,119.35679599999999,120.5084,124.55277000000001,113.62612199999998,-0.02879010000000015,0.0,0.0,119.17703911111113,119.17703911111113,0.0,0.07049441829255537,0.13157378655285845,3.057345850881727,0.10435636464708142,0.9669936136834041,-0.14395050000000076,,0.0,,,0.0,0.0,0.044136242622312645,0.016963521018787966,2.948070615649213,1.0
233.07652,119.69800933333335,3.4180052684152913,0.061338120605190165,-0.721725460031176,11.612128000000013,117.36888400000001,119.96002,120.57695,125.47132000000002,113.85919200000001,-0.0027416500000001067,0.0,0.0,119.69800933333335,119.69800933333335,0.0,0.0654852203611021,0.12813801741482186,2.612778428249313,0.07124582050244643,0.9734555972685693,-0.013708250000000533,,0.0,,,0.0,0.0,0.05981584335597845,0.034299496314598464,3.2283537972239897,1.0
233.36541,83.19360177777779,23.98705068008143,0.4139518983097389,-1.2691733064594126,69.76872800000001,65.902598,69.055838,99.62850599999999,120.30275,50.53402199999999,-1.7442182000000002,0.0,0.0,83.19360177777779,83.19360177777779,0.0,0.0810469552639073,0.1256328057833738,92.3884185137692,1.5194680656281534,0.9838195904404488,-8.721091000000001,,0.0,,,0.0,0.0,1.045953282429129,0.6409064665888039,8.924686735055094,1.0
233.65429,46.323601555555555,47.81215539802314,0.3577921598762335,-1.1669216627995929,143.924586,14.765354000000002,17.466175999999997,75.060694,120.02855,-23.896036000000002,-3.5981146500000003,0.1111111111111111,-23.896036000000002,55.10105625,78.99709225000001,0.0,0.08673164353338131,0.12839934737467024,316.7564466102012,5.097383795389426,0.9841624261887322,-17.99057325,348.75,22.5,337.5,360.0,23.896036000000002,0.0,1.95345728654944,0.7155115642750576,15.800779468106803,1.0
233.94317,38.21506666666666,53.70299609255307,0.2867189616885117,-1.1584104973904958,163.543202,3.495973999999998,8.55486,70.09777799999999,119.89146,-43.651742,-4.08858005,0.2222222222222222,-22.333139,55.514554,77.84769299999999,0.0,0.08751022836027741,0.12878317514411014,383.0823060547641,5.63520316117468,0.9855030889330412,-20.44290025,337.5,45.0,315.0,360.0,44.666278,0.0,2.0466943853164894,0.7502427849300561,16.04991836224718,1.0
234.23206,96.04570177777778,17.647277115751297,-0.0428997036776189,-1.431512239127517,51.65821,84.76719,88.071222,112.707574,119.00033,67.34212000000001,-1.2914552499999998,0.0,0.0,96.04570177777778,96.04570177777778,0.0,0.08092921768324882,0.13132714878696392,44.35070231539916,0.5823210966203285,0.9870402422872959,-6.45727625,,0.0,,,0.0,0.0,0.2667053868131619,0.7309326497088862,4.24680483376536,1.0
234.52094,98.70538688888888,15.798144487101682,-0.035991866669259166,-1.477762186474217,45.88642399999999,88.34542400000001,91.197034,113.85918999999998,119.20598,73.319556,-1.1471605999999999,0.0,0.0,98.70538688888888,98.70538688888888,0.0,0.07902249670739771,0.13086727513188193,36.76641950194984,0.4643861802092529,0.9875268296831261,-5.735802999999999,,0.0,,,0.0,0.0,0.22894984115846242,0.7215826333892772,3.9824551986283385,1.0
234.80982,64.89570288888889,37.399563050994026,0.14039287234850123,-1.237066592296145,114.119678,41.362224000000005,45.872714,88.043794,119.48017,5.3604920000000105,-2.85299195,0.0,0.0,64.89570288888889,64.89570288888889,0.0,0.08582005885175727,0.1292513729747694,185.0217118362942,2.117740149279266,0.9886836253558049,-14.26495975,,0.0,,,0.0,0.0,1.1097810949722369,0.8028793115790811,9.615728053090752,1.0
235.09871,34.57894866666666,56.04568195945043,0.275572593652953,-1.1539240613649246,170.932752,-1.3983920000000012,4.0854979999999985,67.355834,119.54873,-51.384021999999995,-4.2733188,0.3333333333333333,-19.77855733333333,61.75770166666666,81.536259,0.0,0.08750492405885865,0.12872366907267835,415.55130755722263,6.0083662065414005,0.9857472937271344,-21.366594,315.0,90.0,270.0,360.0,59.335671999999995,0.0,2.100969491740801,0.7562488699016667,16.498100952737182,1.0
235.38759,64.872854,37.36529213187692,0.138492257994619,-1.2384702902231277,113.708398,41.362224000000005,45.872714,88.043794,119.06889,5.360491999999999,-2.84270995,0.0,0.0,64.872854,64.872854,0.0,0.08538207543804109,0.12880911982692575,185.0079657187085,2.1471043831550363,0.9885276718280447,-14.213549749999999,,0.0,,,0.0,0.0,1.1058429479816254,0.7984872176165787,9.64864554098011,1.0
235.67647,98.69015355555557,15.77842339699096,-0.03808737580050783,-1.4786757275178928,45.74933399999999,88.34542400000001,91.197034,113.85918999999998,119.06889,73.319556,-1.1437333499999998,0.0,0.0,98.69015355555557,98.69015355555557,0.0,0.07870433287220163,0.13060811126662253,36.79071245465598,0.4646348862007475,0.9875283705705797,-5.718666749999999,,0.0,,,0.0,0.0,0.2266363563944963,0.7192130619688781,3.9947749930677614,1.0
235.96536,64.89570288888889,37.39816708543095,0.14008765614575136,-1.2377232277637134,113.84549799999999,41.362224000000005,45.872714,88.043794,119.20599,5.360492000000003,-2.8461374499999996,0.0,0.0,64.89570288888889,64.89570288888889,0.0,0.08553632642562335,0.1288934490239514,184.96824502964367,2.1502673309348235,0.9885085270083268,-14.230687249999999,,0.0,,,0.0,0.0,1.1092989773830835,0.7989862219970568,9.65456084351559,1.0
236.25424,64.70072222222223,37.4359822557005,0.11422877529232628,-1.2241776720604727,114.352754,41.33480800000001,46.064654,89.99057400000001,118.6576,4.304845999999998,-2.85881885,0.0,0.0,64.70072222222223,64.70072222222223,0.0,0.08607798910806155,0.12990728753812533,187.4234922728345,2.2693860238509704,0.9880365249115974,-14.29409425,,0.0,,,0.0,0.0,1.0263908029084379,0.7928279291846463,9.315202768249893,1.0
236.54312,90.09416355555555,21.611680594274112,-0.04001534312477498,-1.3677563109161917,64.147774,76.582492,80.448624,109.82853399999999,118.58905,54.441276,-1.60369435,0.0,0.0,90.09416355555555,90.09416355555555,0.0,0.08310659187173099,0.13170073978209582,63.70107920220207,0.7878151915751508,0.9877837075812863,-8.01847175,,0.0,,,0.0,0.0,0.35265495376707257,0.7624445535216293,5.063682263064779,1.0
236.83201,69.97896066666667,33.09195584786548,0.1633303091321471,-1.2598253343232717,99.957548,48.929986,51.699342,91.62203,117.90356,17.946012000000003,-2.4989387,0.0,0.0,69.97896066666667,69.97896066666667,0.0,0.08302386372335423,0.12781404774687385,156.43205706920668,1.9469694674135725,0.9877068983811303,-12.4946935,,0.0,,,0.0,0.0,0.9575119357936308,0.7668813913651427,8.93169331709703,1.0
237.12089,65.60273244444444,35.646752078518794,0.15707788822702498,-1.2420250213721769,108.14617000000001,43.15427999999999,45.904053999999995,90.30785399999999,117.28663,9.140459999999997,-2.7036542500000005,0.0,0.0,65.60273244444444,65.60273244444444,0.0,0.08383981496194022,0.12879823912475316,183.1017317676769,2.3323345746145963,0.9874222972039663,-13.51827125,,0.0,,,0.0,0.0,0.9780894423178893,0.7620090578794556,9.439466594289009,1.0
237.40977,68.15658288888889,33.89981404645525,0.11824928471613794,-1.2268704425139818,103.499226,46.946646,50.556867999999994,92.62741,117.01243,13.513203999999996,-2.58748065,0.0,0.0,68.15658288888889,68.15658288888889,0.0,0.08400764505275457,0.1297065006386994,168.18024090228926,2.2639879131794167,0.9867171336394781,-12.93740325,,0.0,,,0.0,0.0,0.8838662605679591,0.7495746499606836,8.431622737093575,1.0
237.69866,64.43414222222222,35.880079829478156,0.10797892228014092,-1.1993178584653872,110.061608,42.143678,45.982396,91.04622,116.05275,5.991142000000002,-2.7515402,0.0,0.0,64.43414222222222,64.43414222222222,0.0,0.08450679633439798,0.13047799163726692,191.3074697135546,2.7614906637137637,0.9857705701187659,-13.757701,,0.0,,,0.0,0.0,0.9066621598927439,0.7334226987970939,8.899760970107181,1.0
237.98754,59.806352,38.6287062425762,0.12273270664820346,-1.1789066129229722,118.739862,36.029143999999995,40.100927999999996,87.87927400000001,115.71001,-3.0298520000000027,-2.9684965500000002,0.1111111111111111,-3.0298520000000027,67.6608775,70.6907295,0.0,0.08494532573967412,0.1304591307822766,221.82982429716276,3.310984906153344,0.9852937149956592,-14.842482749999999,348.75,22.5,337.5,360.0,3.0298520000000027,0.0,1.0045863290049952,0.7296735948506996,9.600666680088267,1.0
238.27642,49.00766733333333,46.070378313892945,0.127259825156776,-1.1506007497189552,142.34799,20.879911999999997,25.596052,82.134904,116.05275,-26.29524,-3.55869975,0.1111111111111111,-26.29524,58.42053075,84.71577074999999,0.0,0.08718715296701396,0.13149715949546575,301.1409728538782,4.432671622472045,0.9854939334504234,-17.79349875,348.75,22.5,337.5,360.0,26.29524,0.0,1.205558824839477,0.748242659661485,11.620861813729173,1.0
238.56531,55.54110933333334,42.134248986047744,0.10844578155484516,-1.1767713270345002,130.03666800000002,29.558162,34.041238,86.741372,116.60114,-13.435528000000005,-3.2509167000000003,0.1111111111111111,-13.435528000000005,64.163189,77.59871700000001,0.0,0.08687831005158135,0.1317892645981931,251.08023018237637,3.5090405796984117,0.9862168559998886,-16.2545835,348.75,22.5,337.5,360.0,13.435528000000005,0.0,1.0581530142148152,0.7566990355329195,10.51422367787707,1.0
238.85419,39.81301955555555,52.49136729040691,0.1276866055433146,-1.1381538243600735,162.74804799999998,7.910524,13.175054,77.501022,116.53259,-46.215458,-4.0687012,0.1111111111111111,-46.215458,50.56657925,96.78203725,0.0,0.08871808212190749,0.1322756858100141,378.04402425849764,5.39606651650973,0.9859272239746715,-20.343505999999998,348.75,22.5,337.5,360.0,46.215458,0.0,1.3682743691718766,0.7641040832289567,13.311859070254611,1.0
239.14307,18.408102222222222,65.27703564785833,0.190448248341413,-1.0839352280233978,203.43071200000003,-20.754868,-14.982309999999998,61.488742,116.12129,-87.30942200000001,-5.085767800000001,0.5555555555555556,-33.642832399999996,83.47177049999999,117.1146029,0.0,0.08954182435418877,0.13202192895955703,595.9154714586831,9.501858471474458,0.984305275052716,-25.428839000000004,258.75,202.5,157.5,360.0,168.214162,0.0,1.8938157236406425,0.7473095033939989,17.22181805535853,1.0
239.43196,39.797786222222214,52.47034958996211,0.12705580699119481,-1.1380555015992293,162.88513799999998,7.910524,13.175054,77.501022,116.66968,-46.215458,-4.072128449999999,0.1111111111111111,-46.215458,50.54944174999999,96.76489974999998,0.0,0.08880355995290583,0.13243807988854714,378.12565748935396,5.3647362310662245,0.9860107676254444,-20.360642249999998,348.75,22.5,337.5,360.0,46.215458,0.0,1.3663960604872585,0.7655654256795003,13.273948530173783,1.0
239.72084,65.05514133333332,35.83340911282536,0.1254978732203057,-1.2126867955085299,109.956496,42.655506,46.334276,90.63950200000001,117.21807,7.261573999999999,-2.7489124,0.0,0.0,65.05514133333332,65.05514133333332,0.0,0.0847834688296481,0.13029539522227918,186.971744120858,2.491141836640428,0.9868515576327813,-13.744562,,0.0,,,0.0,0.0,0.9468525634086775,0.7558305336741208,8.957095023863081,1.0
240.00972,66.62639022222224,35.42971535226341,0.11232355771013955,-1.225778219909933,108.48889799999999,44.607510000000005,48.467768,91.52802199999999,117.90355,9.414651999999998,-2.7122224499999996,0.0,0.0,66.62639022222224,66.62639022222224,0.0,0.08500514566986138,0.13003430391010057,176.50501914527536,2.1740024247840166,0.9878329173409405,-13.561112249999999,,0.0,,,0.0,0.0,0.940660832395947,0.7765093775085722,8.772709849102954,1.0
240.29861,96.73880355555555,16.942038929418274,-0.0388439023974323,-1.4514208896366978,49.57433200000001,85.71315799999999,88.674446,112.762412,118.86323,69.28889799999999,-1.2393583000000004,0.0,0.0,96.73880355555555,96.73880355555555,0.0,0.07928181692834763,0.13081060795403635,42.16040540714776,0.506728826028744,0.9881236732854315,-6.196791500000002,,0.0,,,0.0,0.0,0.25355948568459347,0.7354816073427791,4.235051691255163,1.0
240.58749,81.55909866666667,25.337513697057197,0.3629095295489846,-1.307393329619763,74.347782,63.667917999999986,66.245346,99.724474,120.57695,46.229167999999994,-1.8586945499999998,0.0,0.0,81.55909866666667,81.55909866666667,0.0,0.0816035910752419,0.12649836462782127,98.23430833367073,1.4096006727997066,0.9858536192833747,-9.29347275,,0.0,,,0.0,0.0,1.0354163707396475,0.68884832803425,8.905225212368316,1.0
240.87637,121.31880222222223,2.988367165991703,-0.4694029116596037,-0.5504879262723965,9.966966,119.89147,121.26243,123.881,125.293094,115.326128,0.08671445000000019,0.0,0.0,121.31880222222223,121.31880222222223,0.0,0.0850317844129801,0.1347790021372998,2.0135374793702896,0.1097206704985322,0.9483243850493907,0.433572250000001,,0.0,,,0.0,0.0,0.03483836535493407,0.43321033781731544,2.975474517786799,1.0
241.16526,120.06969644444445,3.4670078669332005,0.020917053540564976,-0.8475377676248756,11.612130000000008,117.588238,120.23422,121.94792,125.827776,114.21564599999999,-0.034273949999999685,0.0,0.0,120.06969644444445,120.06969644444445,0.0,0.06540763573145447,0.13065004443839381,2.249218720350184,0.06622413226111376,0.9713989346428621,-0.17136974999999843,,0.0,,,0.0,0.0,0.028087360600685077,-0.04534542690754419,3.1921874500021974,1.0
241.45414,120.07731199999999,3.352730845373928,0.17900749674732963,-0.9205842137524898,11.077460000000002,117.83500599999999,119.905188,122.29066,125.759232,114.681772,-0.05963680000000018,0.0,0.0,120.07731199999999,120.07731199999999,0.0,0.06961195264633473,0.1344272571173412,2.232199131521061,0.07549851958734755,0.9672840505567039,-0.2981840000000009,,0.0,,,0.0,0.0,0.02299002682460859,-0.08429771297712972,2.959012213473531,1.0
241.74302,121.81996844444444,2.7342052320436516,-0.3827999894341689,-0.49488962234989486,9.610525999999979,120.426142,122.167284,124.182608,126.01971799999998,116.409192,0.0383877499999997,0.0,0.0,121.81996844444444,121.81996844444444,0.0,0.0862236639222658,0.1363213408661828,1.5579422459338588,0.09111803855790132,0.9447454774641799,0.1919387499999985,,0.0,,,0.0,0.0,0.018510122526513316,0.3862406786100121,2.730319384716523,1.0
242.03191,122.538966,2.5101861217975254,-0.012247553723451748,-0.8504824048452138,8.595998000000009,120.700336,122.70195799999999,124.566488,126.78745800000002,118.19146,0.03290370000000031,0.0,0.0,122.538966,122.538966,0.0,0.09641880800977995,0.14633233898267822,1.1080941406399072,0.0942707258780796,0.9215955750243732,0.16451850000000157,,0.0,,,0.0,0.0,0.01322355205430919,0.26836654206634014,2.498217179832312,1.0
242.32079,119.527398,4.618345991971002,0.4014682398201032,-1.3427492421035434,13.435521999999992,115.55919600000001,117.135818,123.04469,127.281008,113.84548600000001,-0.15252020000000038,0.0,0.0,119.527398,119.527398,0.0,0.052614206193252626,0.12166395940239094,2.1860273221203483,0.022630502341459476,0.9897537308904111,-0.7626010000000019,,0.0,,,0.0,0.0,0.029837644977115274,0.19796509301010784,3.502177346532351,1.0
242.60967,119.53653822222223,4.557175455392368,0.37565286646504303,-1.3595098257700746,13.271002000000024,115.751136,117.122106,122.7705,127.06165000000001,113.79064799999999,-0.1439517000000002,0.0,0.0,119.53653822222223,119.53653822222223,0.0,0.05536634200996579,0.12231431081957826,2.214525363968421,0.026146798503878597,0.9883308236516571,-0.7197585000000011,,0.0,,,0.0,0.0,0.03534023219574496,0.12796063749188807,3.455491475771004,1.0
242.89856,121.11163155555556,3.319651693444128,0.2046457794474236,-0.9440351385553885,10.899224000000004,118.20517600000001,120.97454,122.7705,126.828584,115.92936,-0.04489899999999984,0.0,0.0,121.11163155555556,121.11163155555556,0.0,0.07101558618532366,0.13580135941701904,1.5301374495740556,0.05493045659826948,0.9653450451675273,-0.22449499999999922,,0.0,,,0.0,0.0,0.02872750330568647,-0.215972117214716,2.932213808798094,1.0
243.18744,122.66997244444444,3.7849487247923688,-0.10922909146900722,-0.7173563173348292,12.804880000000011,120.39872399999999,123.45599,123.59309,128.775372,115.970492,0.0020566500000001042,0.0,0.0,122.66997244444444,122.66997244444444,0.0,0.07276831224139117,0.1354207010557532,0.7591068880910893,0.012356109635467932,0.9839835354770367,0.010283250000000521,,0.0,,,0.0,0.0,0.06904019173080278,-0.20149900614563848,3.5984501452246587,1.0
243.47632,124.72490488888889,3.664188042655036,-0.2716341174337012,-0.8675073653582115,12.187936000000036,122.496308,125.03261,127.980204,130.28343600000002,118.09549999999999,0.09596835000000006,0.0,0.0,124.72490488888889,124.72490488888889,0.0,0.1231715008283016,0.15405871535936472,0.23176371765291842,0.0030396992376864806,0.9870542798028866,0.4798417500000003,,0.0,,,0.0,0.0,0.07864352013405027,0.18876085647857274,3.6599679284570903,1.0
243.76521,124.90770155555555,3.7059347933514895,-0.3236442347917063,-0.8391238033276749,12.338743999999977,122.605988,125.581,128.11730200000002,130.447952,118.10920800000001,0.09254080000000045,0.0,0.0,124.90770155555555,124.90770155555555,0.0,0.13224765857815451,0.15799931169513587,0.18930534007488337,0.0020236121218810067,0.9894233873253941,0.4627040000000022,,0.0,,,0.0,0.0,0.0801710415944048,0.062315360085586975,3.6956790842469736,1.0
244.05409,126.71738533333334,3.9321419187230133,-0.33994127460767354,-0.6949638770864932,13.229878000000014,125.10115,126.54068,128.857628,132.47699400000002,119.247116,0.18439610000000037,0.0,0.0,126.71738533333334,126.71738533333334,0.1111111111111111,0.2548505571522517,0.1276686194567344,0.12789040295304077,0.0019181844090807561,0.9852229767954258,0.9219805000000019,,0.0,,,0.0,0.0,0.07715901838475438,0.6028176046691994,3.824612375032327,1.0
244.34297,125.130104,3.66821769387502,-0.3104975552459377,-0.8203543029099909,12.283903999999993,122.866474,125.7181,128.19956200000001,130.694726,118.41082200000001,0.08774255000000046,0.0,0.0,125.130104,125.130104,0.0,0.1366189391292435,0.1574071382055261,0.14472907974142352,0.0020518950001363833,0.9860207012363061,0.4387127500000023,,0.0,,,0.0,0.0,0.07596404102780367,0.05257293323229688,3.656902001262476,1.0
244.63186,125.58252422222222,3.7883866194793536,-0.16942523485314598,-0.6376217367619819,13.216170000000005,123.93583,124.37453999999998,127.67859800000001,131.695536,118.479366,0.1939926500000002,0.0,0.0,125.58252422222222,125.58252422222222,0.0,0.1637969856200859,0.15217750871364522,0.30080722080280803,0.006910148212758456,0.9775438470287866,0.969963250000001,,0.0,,,0.0,0.0,0.06518579880153504,0.7611522714901524,3.60283306727938,1.0
244.92074,122.03780044444446,3.7487119111535687,-0.09690842417330116,-0.9772014918981395,11.982293999999968,119.17856400000001,122.7705,123.18180400000001,127.93907399999998,115.95678000000001,0.010282600000000386,0.0,0.0,122.03780044444446,122.03780044444446,0.0,0.07833220846803012,0.142471570010911,1.0397174652139811,0.030405993541920712,0.9715864619261514,0.05141300000000193,,0.0,,,0.0,0.0,0.07154460240852277,-0.3326429494611887,3.5699034313222704,1.0
245.20962,122.878664,3.371791519665338,-0.37502316186757056,-0.8616046655272207,10.762135999999984,121.53663200000001,122.35921,126.033426,127.308432,116.54629600000001,0.11858944999999999,0.0,0.0,122.878664,122.878664,0.0,0.10602481976727961,0.14961933880346154,1.041241957257794,0.041857233396179416,0.9613542011170358,0.5929472499999999,,0.0,,,0.0,0.0,0.07894149589542605,0.3960102446525147,3.3559698986375435,1.0
245.49851,120.89227644444443,3.5293100200215775,-0.08276101989820106,-0.8203834557601524,11.858902000000015,117.87614,121.60517,121.96164199999998,126.636646,114.77774399999998,0.008911799999999559,0.0,0.0,120.89227644444443,120.89227644444443,0.0,0.06849811439680996,0.13120439073172416,1.742821186700924,0.04121634870255946,0.9768971515552067,0.044558999999997795,,0.0,,,0.0,0.0,0.0641881530623913,-0.06855712529196442,3.365381748976795,1.0
245.78739,120.40482177777777,3.4770950910004017,0.03826950761053291,-0.7836344176355388,11.749224000000012,117.876144,120.81002799999999,121.53663,126.23906600000001,114.489842,-0.01816505000000035,0.0,0.0,120.40482177777777,120.40482177777777,0.0,0.0643924559765556,0.126733931336422,2.020603582459069,0.053647449457716156,0.9741364720423665,-0.09082525000000174,,0.0,,,0.0,0.0,0.05326694612246208,-0.11038670391933722,3.1998906125503797,1.0
246.07627,120.570862,3.6882108242948,-0.24419041272830835,-0.8763342249079389,12.187935999999993,117.50598399999998,121.41325200000001,122.098736,126.21164999999999,114.023714,0.027762399999999944,0.0,0.0,120.570862,120.570862,0.0,0.07123687121834649,0.13145213856233814,2.008377121559494,0.04569582029574236,0.9777535551623375,0.1388119999999997,,0.0,,,0.0,0.0,0.07727701838147065,0.04553283056410129,3.585793137485312,1.0
246.36516,121.36602511111111,3.3714415073501827,-0.3737943567293376,-0.8991217200799144,10.78954800000001,119.315662,121.05679,124.33342,125.814062,115.024514,0.11584750000000028,0.0,0.0,121.36602511111111,121.36602511111111,0.0,0.09041533684077588,0.14149803073348846,1.9158195103370823,0.06616060154493075,0.9666189376750259,0.5792375000000014,,0.0,,,0.0,0.0,0.07873013831626376,0.43287572691536447,3.3587691395071677,1.0
246.65404,119.7543737777778,3.756323822636935,-0.20135249753878484,-0.9331088308466366,12.215354000000005,116.875334,120.50841,121.30357800000002,125.539868,113.324514,0.028447950000000333,0.0,0.0,119.7543737777778,119.7543737777778,0.0,0.07102920106899249,0.13316324823967668,2.5990710834942488,0.056078509982925136,0.9788793406523763,0.14223975000000166,,0.0,,,0.0,0.0,0.08114668653982732,0.08482183437461689,3.6569257703197495,1.0
246.94292,-64.87743444444445,117.29227704081147,0.42349003421296477,-1.0629770078268543,355.69858,-141.8956,-131.6133,1.37097,119.20598,-236.4926,-8.892464499999999,0.6666666666666666,-137.26855,79.90479666666666,217.17334666666665,0.0,0.09179380551899957,0.13140617877523755,1818.555457948336,36.667499314939136,0.9802355295510535,-44.4623225,258.75,202.5,157.5,360.0,823.6113,0.0,5.324200633188703,0.6780848420412756,40.270142483308746,1.0
247.23181,-59.15743111111111,116.72034252728673,0.2896298623845168,-1.07822081892583,359.46876,-130.9278,-121.67373,2.125,118.86323,-240.60553,-8.986718999999999,0.6666666666666666,-128.64284333333333,79.81339333333334,208.45623666666665,0.0,0.09091163551068736,0.13033920985862849,1715.870617629743,27.156073345259465,0.9844201620744157,-44.933595,258.75,202.5,157.5,360.0,771.85706,0.0,4.449934392086236,0.7614131146392892,35.43118181282941,1.0
247.52069,-45.645741111111114,107.37421495950292,0.26947946861914673,-1.0619387833144673,332.59771,-111.66564,-103.02852,5.96372,117.90355,-214.69416,-8.31494275,0.5555555555555556,-131.16085600000002,61.248152499999996,192.40900850000003,0.0,0.0904383433829978,0.1303538018399445,1491.0504911665798,22.270020464080773,0.985284002765427,-41.57471375,258.75,202.5,157.5,360.0,655.8042800000001,0.0,3.8496561825178053,0.7728573327225432,31.61669133061496,1.0
247.80957,-31.432245555555557,97.61592495249408,0.2711704974421097,-1.0524869840775968,303.0043,-90.7779,-84.02097,19.68323,117.62936,-185.37494,-7.5751075,0.5555555555555556,-108.99224000000001,65.51774750000001,174.50998750000002,0.0,0.09007495332123723,0.13028745095369726,1269.771343507609,18.926538785653335,0.9853134399879111,-37.8755375,258.75,202.5,157.5,360.0,544.9612000000001,0.0,3.3713143414291133,0.7683135834014756,28.13766885704094,1.0
248.09846,-17.779471111111114,88.30846975921133,0.2618615113482422,-1.045157019438784,274.76556,-71.06202,-64.32141,32.10358,116.87533,-157.89023,-6.869139,0.5555555555555556,-87.76503,69.7024775,157.4675075,0.0,0.09003408980432906,0.13073520590814813,1067.5388422576743,16.9788875157467,0.9843442969628607,-34.345695,258.75,202.5,157.5,360.0,438.82515,0.0,2.9252765844741,0.7547057662979841,24.824166594612223,1.0
248.38734,-4.4729699999999974,79.08663063232804,0.24129258034185938,-1.046780566795148,246.96808,-51.59838,-45.33553,43.65297,115.91565,-131.05243,-6.174201999999999,0.5555555555555556,-67.096598,73.806565,140.903163,0.0,0.08996310044870126,0.1315774464988577,882.0139063157746,14.85930610340475,0.9834320995456846,-30.87101,258.75,202.5,157.5,360.0,335.48299,0.0,2.4878592705015046,0.7401587710354196,21.714631566115347,1.0
248.67622,7.659277777777776,71.47105151715962,0.2243830872152767,-1.057550117694026,223.03072,-35.03886,-29.02768,53.07242,115.77855,-107.25217,-5.575768,0.5555555555555556,-49.00696000000001,78.492075,127.499035,0.0,0.08979493889249869,0.13184944445097693,726.0219859778148,12.435144772140003,0.9831606409438967,-27.87884,258.75,202.5,157.5,360.0,245.03480000000002,0.0,2.1691260791819396,0.7335348727325136,19.260763423917453,1.0
248.96511,18.63760111111111,65.02215075151553,0.2034554329925165,-1.077160125577589,202.28687000000002,-20.49601,-14.60083,61.21388,115.9842,-86.30267,-5.05717175,0.5555555555555556,-33.108956,83.32079750000001,116.4297535,0.0,0.08951047434084324,0.1317960574175754,595.5358335767144,9.958891729995184,0.9835524715346629,-25.285858750000003,258.75,202.5,157.5,360.0,165.54478,0.0,1.911565804549349,0.7371029050516166,17.245805811369614,1.0
249.25399,29.422578888888893,58.806751473557945,0.14389176669241557,-1.112563771133371,182.75053,-5.89516,-0.34273,70.60503,115.84711,-66.90342,-4.56876325,0.5555555555555556,-17.740364,88.37625750000001,106.11662150000001,0.0,0.0890982098348717,0.13221381475977462,476.56445380354614,7.112993989240793,0.9852939308586771,-22.84381625,258.75,202.5,157.5,360.0,88.70182,0.0,1.5829895436352088,0.7573658820193394,15.133585555759852,1.0
249.54287,40.77879444444444,52.07493103061249,0.10795341023116142,-1.1466442501799368,161.22627,9.25407,14.39522,78.89941,116.18985,-45.03642,-4.03065675,0.1111111111111111,-45.03642,51.50569625,96.54211624999999,0.0,0.08855722294773762,0.13228522254614444,368.1798842497548,5.0516210155415635,0.9864651806067404,-20.15328375,348.75,22.5,337.5,360.0,45.03642,0.0,1.313965847839707,0.7709593235301188,13.208986490235077,1.0
249.83176,50.63455666666666,45.96314752001506,0.08864717223492517,-1.1730306382457616,141.62136999999998,22.27831,27.3509,85.34298,116.39549,-25.22588,-3.5405342499999994,0.1111111111111111,-25.22588,60.117111249999994,85.34299125,0.0,0.08782701881521761,0.13211335542920868,286.809958830395,3.8353621884885025,0.9868039775244206,-17.70267125,348.75,22.5,337.5,360.0,25.22588,0.0,1.1096039272299565,0.7715968369645616,11.532813083565735,1.0
250.12064,59.47732333333334,40.53966858404275,0.054481566141762444,-1.217760634959619,124.14149,34.41141,39.07271,91.44381,116.53259,-7.6089,-3.10353725,0.1111111111111111,-7.6089,67.86310125,75.47200125,0.0,0.08661200125894726,0.13178026298435605,221.30244605787874,2.6318436246011037,0.9882472504392621,-15.51768625,348.75,22.5,337.5,360.0,7.6089,0.0,0.9046161266336251,0.7871531508614261,10.002764432818662,1.0
250.40952,67.89356333333333,35.39454120721317,0.032254092576705064,-1.2523109857456896,107.62127000000001,46.33886,50.38322,96.99624,116.94387,9.3226,-2.6905317500000003,0.0,0.0,67.89356333333333,67.89356333333333,0.0,0.08582451342048708,0.13154740802144504,168.45880011089042,1.9632544186224687,0.9884800448853801,-13.452658750000001,,0.0,,,0.0,0.0,0.7339876102978833,0.78514610261768,8.566290052332134,1.0
250.69841,75.03023222222222,30.99556601655676,0.005982309022803734,-1.2835231721548095,93.70592,55.86711,60.18567,101.38335,117.35517,23.64925,-2.342648,0.0,0.0,75.03023222222222,75.03023222222222,0.0,0.08505149441292872,0.1315581343734433,128.99144142506967,1.476421985421563,0.9886836348283321,-11.71324,,0.0,,,0.0,0.0,0.5982491269163471,0.7861046994704796,7.347217066166509,1.0
250.98729,81.42048222222223,27.287802194660276,-0.023144399976779414,-1.306914541663783,82.18976,64.57278,68.89133,105.15352,118.17775,35.98799,-2.0547440000000003,0.0,0.0,81.42048222222223,81.42048222222223,0.0,0.08514196129352072,0.13210712555261314,98.19915778180282,1.1236401713375905,0.98868698632547,-10.27372,,0.0,,,0.0,0.0,0.49467962842915225,0.7922758646371139,6.454947513427667,1.0
251.27617,86.91198333333332,23.95605197646631,-0.03922489809136625,-1.3498494923780977,71.49616,71.90748,76.29458,108.5124,118.72613,47.22997,-1.787404,0.0,0.0,86.91198333333332,86.91198333333332,0.0,0.08449027857090381,0.13217688466386102,75.29852585611394,0.8560351440244118,0.9887592399866668,-8.93702,,0.0,,,0.0,0.0,0.39708809378241666,0.7912613407736719,5.58866176769304,1.0
251.56506,91.00966666666667,21.20625270630811,-0.03749024210600315,-1.3822283282934027,62.447759999999995,77.73411,81.50427,110.63741,118.58904,56.14128,-1.561194,0.0,0.0,91.00966666666667,91.00966666666667,0.0,0.08307328943824299,0.1313717922339858,60.53032604076881,0.7687756577448832,0.9874586146200856,-7.805969999999999,,0.0,,,0.0,0.0,0.3362778625207825,0.757927820975662,5.063046278829886,1.0
251.85394,94.4294811111111,18.821046026648787,-0.05376265719217438,-1.4061204938192435,55.11306,82.60106,86.23413,112.14547,118.65759,63.54453,-1.3778264999999998,0.0,0.0,94.4294811111111,94.4294811111111,0.0,0.08163337218672882,0.13119385044609966,49.24520417223177,0.6543058371399554,0.9868875298151072,-6.8891325,,0.0,,,0.0,0.0,0.28405962159544906,0.7363641579421979,4.479169971310502,1.0
252.14282,96.67634999999999,16.785614954648917,-0.05794893791065278,-1.4255551871908794,48.669489999999996,86.09703,89.31881,112.69387,117.9721,69.30261,-1.21673725,0.0,0.0,96.67634999999999,96.67634999999999,0.0,0.07863054517828248,0.1298184768368452,42.72378636789523,0.640105629789541,0.9852387412568447,-6.0836862499999995,,0.0,,,0.0,0.0,0.25136721816523877,0.6724635232645967,3.980472246684061,1.0
252.43171,98.40529333333333,15.190555098398038,-0.08399490488279229,-1.4409686399481263,43.73398999999999,89.38736,92.33494,112.96806,117.35516,73.62117,-1.0933497499999998,0.0,0.0,98.40529333333333,98.40529333333333,0.0,0.07644275501174468,0.12966428118517967,37.74034863252905,0.625737000188332,0.9836903611622789,-5.466748749999999,,0.0,,,0.0,0.0,0.22117379400817322,0.6122366903233323,3.6704208391106334,1.0
252.72059,99.92097666666668,13.98241382145205,-0.05919872097030311,-1.4889548363823906,39.62107,91.10107,93.84301,113.24225,117.14951,77.52844,-0.9853857500000001,0.0,0.0,99.92097666666668,99.92097666666668,0.0,0.07295482132182433,0.12656454107892487,33.78722277288069,0.5548400446761301,0.983843718191242,-4.92692875,,0.0,,,0.0,0.0,0.2190346550404479,0.5805081408430031,3.5354577598285126,1.0
253.00947,100.75879333333333,12.775416081818149,-0.04692247372561094,-1.513865070158835,36.19366000000001,92.67769,94.93979,112.83096,116.73823,80.54457,-0.887704,0.0,0.0,100.75879333333333,100.75879333333333,0.0,0.06956497302978228,0.12470471080668198,31.88001738938296,0.5687026254420823,0.9824738040427942,-4.4385200000000005,,0.0,,,0.0,0.0,0.21717881955596205,0.4900395491066531,3.3424584162322035,1.0
253.29835,101.33764444444444,11.71728455801951,-0.05847180936526919,-1.5405976089220574,32.56058,94.2543,96.03656,112.76241,115.50435,82.94377,-0.8071594999999998,0.0,0.0,101.33764444444444,101.33764444444444,0.0,0.0671920782276537,0.12525997792921634,30.6390687665203,0.5860524071846285,0.9812313808480503,-4.035797499999999,,0.0,,,0.0,0.0,0.18531266543266411,0.38256746184860496,3.1597044038049704,1.0
253.58724,102.58675111111111,11.001190483060807,-0.04329314905001427,-1.5899889413540746,30.024280000000005,95.69382,97.40753,113.37935,115.64145,85.61717,-0.7454654999999999,0.0,0.0,102.58675111111111,102.58675111111111,0.0,0.06504034183305964,0.12379225476359518,27.555930979918678,0.49599745489380154,0.9823185968784771,-3.7273274999999995,,0.0,,,0.0,0.0,0.17058226693411147,0.37405993706056767,3.1524118732816153,1.0
253.87612,103.36363444444446,10.369072688086659,-0.04762127439235054,-1.6067597716432651,27.96781,96.7906,98.23011,113.79064,115.43579,87.46798,-0.69919525,0.0,0.0,103.36363444444446,103.36363444444446,0.0,0.06333429472060487,0.1234102400470103,25.917617644231928,0.4606078910099194,0.9825383291801494,-3.49597625,,0.0,,,0.0,0.0,0.1475042018454407,0.33328022637931115,3.065314716258178,1.0
254.165,104.01103777777777,9.906683392854632,-0.04940788379106543,-1.6308450271836006,26.185540000000003,97.81883,99.05269,113.99629,115.23014,89.0446,-0.6546385000000001,0.0,0.0,104.01103777777777,104.01103777777777,0.0,0.06054226751554369,0.12129381894181375,24.45587033513094,0.40319071978600335,0.9837809352898053,-3.2731925000000004,,0.0,,,0.0,0.0,0.13747027148449023,0.3132837476664446,3.1062486244761627,1.0
254.45389,104.66605777777778,9.560137963510288,-0.02255715207047777,-1.6603627142754873,25.294420000000002,98.29867,99.80673,114.33902,115.77854,90.48412,-0.6203642499999997,0.0,0.0,104.66605777777778,104.66605777777778,0.0,0.06028509908103676,0.12036299906387574,23.105634067046815,0.402886972550458,0.9828620876672706,-3.1018212499999986,,0.0,,,0.0,0.0,0.15021122304226422,0.2921254591510808,3.0458082708285605,1.0
254.74277,104.69652444444445,9.275216753970538,-0.016855654967422164,-1.6829419048589869,24.12908999999999,98.02447,100.21802,114.47612,115.23015,91.10106,-0.6032272499999998,0.0,0.0,104.69652444444445,104.69652444444445,0.0,0.057956107755466786,0.11960345308047195,23.002767838490037,0.38143303796510575,0.9836884296333801,-3.016136249999999,,0.0,,,0.0,0.0,0.1281687865278429,0.2748569590207153,3.0023942180189125,1.0
255.03165,105.55718888888889,8.998675924937755,-0.03986445134812825,-1.6479150266733495,23.71780000000001,99.25835,101.1777,115.09305,115.70999,91.99219,-0.5929450000000003,0.0,0.0,105.55718888888889,105.55718888888889,0.0,0.05922741052743199,0.12142092361076764,21.190311801306258,0.3611383923208181,0.9832429655928244,-2.9647250000000014,,0.0,,,0.0,0.0,0.11966198242350892,0.2666942290775121,2.941181621757697,1.0
255.32054,105.82376777777777,8.762055414471067,0.005924048657532729,-1.7214008188885104,22.14119000000001,99.25835,101.52044,115.1616,115.50435,93.36316,-0.55181575,0.0,0.0,105.82376777777777,105.82376777777777,0.0,0.05684443034224071,0.11898291410386398,20.63878849167741,0.34194119767539644,0.9837021303435747,-2.7590787500000005,,0.0,,,0.0,0.0,0.11154357960017212,0.24588387268687514,3.0305936644153264,1.0
255.60942,106.1436611111111,8.577864526694333,0.02590671896587872,-1.7270591726241944,21.86699,99.80673,101.72609,115.5729,115.70999,93.843,-0.544961,0.0,0.0,106.1436611111111,106.1436611111111,0.0,0.056972636927686324,0.11847139524537688,20.099905498446255,0.3320502511701731,0.983748484220617,-2.724805,,0.0,,,0.0,0.0,0.13211061213571032,0.24356267102875628,3.0098486931148654,1.0
255.8983,106.63111888888889,8.389548670068868,0.02266414475084591,-1.718494484233934,21.7299,100.42367,102.48012,115.29871,116.25839,94.52849,-0.5381059999999998,0.0,0.0,106.63111888888889,106.63111888888889,0.0,0.05529041302839871,0.11776502086283831,19.09006025697248,0.2778194953856927,0.9856556577675762,-2.690529999999999,,0.0,,,0.0,0.0,0.10913279531258036,0.269875393886568,3.053375238370777,1.0
256.18719,107.29375555555555,8.202041753500042,0.025541803579161054,-1.7192263781664643,21.250060000000005,101.24625,103.02851,115.8471,116.73823,95.48817,-0.5261100000000003,0.0,0.0,107.29375555555555,107.29375555555555,0.0,0.057107149394489534,0.12034379253199044,17.809548446296326,0.27930505882069256,0.9845592724359155,-2.6305500000000013,,0.0,,,0.0,0.0,0.09483344838606685,0.2526648227703406,2.9911273572687844,1.0
256.47607,108.25343444444444,7.798473276060175,0.040583123484927965,-1.7044602885297655,20.496040000000008,102.34303,103.98819,116.80678,117.49227,96.99623,-0.5038320000000003,0.0,0.0,108.25343444444444,108.25343444444444,0.0,0.05900342312852529,0.12466361663525914,16.029745456774346,0.27613718889040484,0.9830651799114888,-2.519160000000001,,0.0,,,0.0,0.0,0.06209482357733786,0.1858523404576953,2.9516409014348324,1.0
256.76495,109.89860444444444,7.653248729442521,0.068208822957966,-1.7214038251520092,20.016199999999998,103.9882,106.31884,118.45195,119.20599,99.18979,-0.48669499999999993,0.0,0.0,109.89860444444444,109.89860444444444,0.0,0.05815525140760131,0.12224548425211389,13.171325058281667,0.17860022161090816,0.9866216313600964,-2.4334749999999996,,0.0,,,0.0,0.0,0.049232455162889176,0.34610910710546067,3.093851193572962,1.0
257.05384,111.02584666666667,7.484120797724564,0.05505971613420376,-1.7042630738973519,19.46781,105.49627,107.00432,119.54872,119.96002,100.49221,-0.4781265000000001,0.0,0.0,111.02584666666667,111.02584666666667,0.0,0.06512070762486555,0.12883877017929396,11.399085205582507,0.21108790112608608,0.9818187119792127,-2.3906325000000006,,0.0,,,0.0,0.0,0.043978332936438845,0.314895799183859,2.8922516027981895,1.0
257.34272,112.73956222222222,7.501190850695015,0.06684700158836882,-1.7130374422877024,19.399259999999998,107.07289,108.58095,121.26243,121.60519,102.20593,-0.4764125,0.0,0.0,112.73956222222222,112.73956222222222,0.0,0.0717463279979412,0.13227694359474132,8.912454043032845,0.16572587815139955,0.9817445920120127,-2.3820625,,0.0,,,0.0,0.0,0.03462921155606193,0.4630151137877276,2.9430717023543207,1.0
257.6316,114.27048222222223,7.490605941884478,0.060928426828930474,-1.7247011169023547,19.330709999999996,108.51241,110.08901,122.77051,122.97616,103.64545,-0.4781265000000001,0.0,0.0,114.27048222222223,114.27048222222223,0.0,0.08025225841880274,0.1356736363465374,7.028828446148909,0.13665931241414112,0.9809281214179842,-2.3906325000000006,,0.0,,,0.0,0.0,0.04259558519261358,0.59694555845038,2.8808312225862256,1.0
257.92049,116.02989666666667,7.44025211906753,0.05286135405938302,-1.7254753647607795,19.0565,110.63741,112.00838,124.48423,124.62131,105.56481,-0.47298550000000006,0.0,0.0,116.02989666666667,116.02989666666667,0.0,0.09154086441801548,0.13978640594229116,5.2458381348344645,0.10959298274504455,0.9795361044821858,-2.3649275000000003,,0.0,,,0.0,0.0,0.04402606665450093,0.6976685731761608,2.805912104380046,1.0
258.20937,117.49988222222221,7.352544044957468,0.07572005005636058,-1.7279688891878768,18.919430000000006,112.28258,113.72209,125.92374,126.33504,107.41561,-0.46270349999999993,0.0,0.0,117.49988222222221,117.49988222222221,0.0,0.10252711023182508,0.14387692419886294,3.9330511687761422,0.07256633628908063,0.981883857783349,-2.3135174999999997,,0.0,,,0.0,0.0,0.05022298649245712,0.8021607538480925,2.882309984164977,1.0
258.49825,118.64997777777778,7.268917329964741,0.10133527475026192,-1.7183268728117143,18.850880000000004,113.65355,114.54467,127.02053,127.50037,108.64949,-0.45927599999999985,0.0,0.0,118.64997777777778,118.64997777777778,0.0,0.11436096572899679,0.1486576981628387,3.1180236167762008,0.053647017416667574,0.9830855647693607,-2.296379999999999,,0.0,,,0.0,0.0,0.05380855125758081,0.8460596206100223,2.9967308390945058,1.0
258.78714,119.57919333333332,7.208015617412792,0.11210234539699208,-1.7184105249031745,18.78233,114.75033,115.16161,127.98021,128.3915,109.60917,-0.45927599999999985,0.0,0.0,119.57919333333332,119.57919333333332,0.0,0.12564379937390097,0.15139618855913473,2.5881211532755053,0.041858969223989115,0.9840839217892585,-2.296379999999999,,0.0,,,0.0,0.0,0.06133572225947734,0.8834973962812154,3.037179733414707,1.0
259.07602,120.86638333333333,7.0623786157560895,0.10018995989210724,-1.7324801245248433,18.43959000000001,116.05275,116.53258,128.93989,129.48828,111.04869,-0.44727999999999996,0.0,0.0,120.86638333333333,120.86638333333333,0.0,0.1400313800400616,0.15107437390654774,2.015892698171403,0.03396247660447653,0.9834317677069391,-2.2363999999999997,,0.0,,,0.0,0.0,0.055251263851465754,0.9240888318830981,2.9517334522878906,1.0
259.3649,121.06441333333333,6.988929903705653,0.12156792156958399,-1.7696453742066833,17.754099999999994,116.25839,116.46405,129.07698,129.41973,111.66563,-0.43528374999999997,0.0,0.0,121.06441333333333,121.06441333333333,0.0,0.14070261374392132,0.15025610340227535,1.945154399715318,0.02812112671344568,0.9857490115113756,-2.17641875,,0.0,,,0.0,0.0,0.05117560964916103,0.9200432062088267,2.967902855629052,1.0
259.65379,121.43000555555555,7.044936027620772,0.10241347478075244,-1.742187217230837,18.0283,116.5326,117.35517,129.62538,129.76247,111.73417,-0.44899374999999964,0.0,0.0,121.43000555555555,121.43000555555555,0.0,0.15112863867478474,0.1522346352006214,1.882077879724047,0.03974994724898692,0.9793165928867174,-2.244968749999998,,0.0,,,0.0,0.0,0.06004353972530673,0.8966368614055263,2.97393702038487,1.0
259.94267,122.34398888888889,6.921095381550593,0.1041128938897712,-1.7356552888015713,17.754109999999997,117.42373,118.24631,130.44795,130.58506,112.83095,-0.44042499999999973,0.0,0.0,122.34398888888889,122.34398888888889,0.0,0.1662504613685638,0.15148360266660382,1.6108682015064764,0.03609907078607032,0.9780814886299294,-2.2021249999999988,,0.0,,,0.0,0.0,0.06456575012702,0.9187375036956555,2.9149504988495107,1.0
260.23155,123.71495999999999,6.960436426572368,0.07758598291038012,-1.75958868702315,17.61702000000001,118.52051,119.89147,131.54473,131.88749,114.27047,-0.43528399999999967,0.0,0.0,123.71495999999999,123.71495999999999,0.1111111111111111,0.19181656296295954,0.14071131516118446,1.5321515122847014,0.03385436858870655,0.9783817103754022,-2.1764199999999985,,0.0,,,0.0,0.0,0.06238514587866306,0.9422107220221939,2.8415289132624513,1.0
260.52044,124.53754444444445,7.060455540504938,0.1271483526656032,-1.8249313120214057,17.54845999999999,119.34309,120.23422,132.29877,133.05281,115.50435,-0.4232879999999998,0.0,0.0,124.53754444444445,124.53754444444445,0.1111111111111111,0.2082820728357404,0.12815265086705888,1.5886977835252096,0.022812203483728838,0.9858442058899963,-2.116439999999999,,0.0,,,0.0,0.0,0.06328552884875789,0.9698178721199,3.035426626212571,1.0
260.80932,125.13924777777778,7.126574490682007,0.11163288959936803,-1.789147360665112,18.096850000000003,119.96003,120.98825,132.98425,133.87539,115.77854,-0.43528399999999967,0.0,0.0,125.13924777777778,125.13924777777778,0.1111111111111111,0.2239748900608391,0.12217170451030171,1.7146377227778928,0.031150333655069147,0.982156863979851,-2.1764199999999985,,0.0,,,0.0,0.0,0.06656158903560437,0.9664006740528222,3.046676260082525,1.0
261.0982,125.42106,7.021987204566017,0.09024304478314359,-1.7806231740963565,17.754100000000008,119.96003,121.331,133.1899,133.73829,115.98419,-0.43528399999999967,0.0,0.0,125.42106,125.42106,0.1111111111111111,0.21780442447859588,0.12728669860042738,1.7367385648533844,0.03379694346002583,0.9809114567883976,-2.1764199999999985,,0.0,,,0.0,0.0,0.06647789715089776,0.9657170428966645,2.8735588694276832,1.0
261.38709,125.91613222222223,7.0346528101720605,0.12118958002475358,-1.7725683296162467,18.233959999999982,120.64551,121.74229,133.66974,134.76653,116.53257,-0.4335705000000001,0.0,0.0,125.91613222222223,125.91613222222223,0.1111111111111111,0.2047997920470489,0.13558893342420386,1.8189729303883455,0.042611726132717,0.977109971291845,-2.1678525000000004,,0.0,,,0.0,0.0,0.0698730262900697,0.9631698466758608,3.074019731382138,1.0
261.67597,125.85520222222223,6.915377119223792,0.12280208731790208,-1.7488032637197173,18.028310000000005,120.64551,121.94794,133.39555,134.69798,116.66967,-0.43014300000000033,0.0,0.0,125.85520222222223,125.85520222222223,0.1111111111111111,0.20922777935029255,0.13551713502630308,1.7341998679410082,0.043140293531954296,0.9757276099619699,-2.1507150000000017,,0.0,,,0.0,0.0,0.08166743332139295,0.9527944468823966,3.031781728689764,1.0
261.96485,126.25125777777777,6.825919483590598,0.16038763182743584,-1.75400437213603,17.822670000000016,120.98825,122.49633,133.80683,135.24637,117.4237,-0.4181469999999997,0.0,0.0,126.25125777777777,126.25125777777777,0.1111111111111111,0.20059160718616428,0.14074795297628298,1.744782325488652,0.05964582501407627,0.9669447491748824,-2.0907349999999987,,0.0,,,0.0,0.0,0.08393739771905045,0.9332579153137518,3.1941296725133834,1.0
262.25374,126.25126,6.791565422856011,0.15882373228315635,-1.7405184154404172,17.75412,121.1939,122.29069,134.01248,135.17782,117.4237,-0.41471950000000035,0.0,0.0,126.25126,126.25126,0.1111111111111111,0.20042393072009393,0.1414793713304976,1.735481005712373,0.049692856164749236,0.9721635761517855,-2.0735975000000018,,0.0,,,0.0,0.0,0.08000137516765374,0.938700849901123,3.137092992781575,1.0
262.54262,126.00753111111112,6.733894793636552,0.1372722613958685,-1.7760340655015143,17.274270000000016,120.85115,122.29069,133.60119,134.49233,117.21806,-0.4095782500000002,0.0,0.0,126.00753111111112,126.00753111111112,0.1111111111111111,0.2051838571381662,0.1370318829794865,1.6419680957700025,0.041924533765399626,0.9751026086060622,-2.047891250000001,,0.0,,,0.0,0.0,0.0645411365466356,0.9520977629903916,3.0685248431131376,1.0
262.8315,126.19794222222224,6.631802580883818,0.1306579510460327,-1.768295889214206,16.862980000000007,120.9197,122.22214,133.80683,134.35523,117.49225,-0.41129224999999997,0.0,0.0,126.19794222222224,126.19794222222224,0.1111111111111111,0.20328919772879023,0.14039062567424834,1.6732805385902725,0.035666867933329224,0.9791293354639878,-2.05646125,,0.0,,,0.0,0.0,0.07553932659643178,0.9555426111519405,2.862272464694089,1.0
263.12039,126.10654444444445,6.512721491051376,0.09218582415617044,-1.7603584041695723,16.520230000000012,120.9197,122.77051,133.46409,133.87539,117.35516,-0.4078647499999999,0.0,0.0,126.10654444444445,126.10654444444445,0.1111111111111111,0.2057918340764176,0.13837130997730282,1.6171554118520248,0.032122757021419146,0.9805231417442376,-2.0393237499999994,,0.0,,,0.0,0.0,0.07067258204838511,0.959072705997165,2.6218269374480823,1.0
263.40927,125.8247311111111,6.479860240213421,0.0927028510137733,-1.7345575996195581,16.79442999999999,120.71405,122.63341,133.12136,133.80684,117.01241,-0.40272375000000016,0.0,0.0,125.8247311111111,125.8247311111111,0.1111111111111111,0.21369643313285672,0.1360874674101151,1.5017098266446953,0.03373543315894424,0.9780288922438944,-2.013618750000001,,0.0,,,0.0,0.0,0.061892801535275134,0.9538587276737078,2.699284567743292,1.0
263.69815,125.71810222222221,6.4934559872292965,0.09537936431388831,-1.7151352234340331,17.137180000000015,120.37131,122.83905,132.98427,134.01249,116.87531,-0.40272400000000025,0.0,0.0,125.71810222222221,125.71810222222221,0.1111111111111111,0.2172015740415629,0.1354142820564952,1.464424866482697,0.03852518489357902,0.9743669558707306,-2.0136200000000013,,0.0,,,0.0,0.0,0.0658745649412343,0.9465574887555936,2.7696050564834676,1.0
263.98704,125.54292,6.407748126645843,0.10600700910831978,-1.6913373454262035,17.274259999999998,120.57695,122.56486,132.71005,133.94393,116.66967,-0.4027237499999998,0.0,0.0,125.54292,125.54292,0.1111111111111111,0.22462906493477244,0.13300829219233748,1.37999663576083,0.03129861595706969,0.9778227723669065,-2.013618749999999,,0.0,,,0.0,0.0,0.07186942141730696,0.9572139690574075,2.7562059867109863,1.0
264.27592,125.40582444444446,6.418168849039438,0.08015846502987961,-1.69059656274259,17.068610000000007,120.37131,122.9076,132.57297,133.60119,116.53258,-0.40100975000000005,0.0,0.0,125.40582444444446,125.40582444444446,0.1111111111111111,0.2292011409502235,0.1305522282701694,1.3744959756835482,0.03580734489073798,0.9746101817489745,-2.0050487500000003,,0.0,,,0.0,0.0,0.06593851136477989,0.9419559328085885,2.6863474955064146,1.0
264.5648,125.09354777777779,6.231052628734709,0.0725944638808734,-1.699528796979632,16.383120000000005,120.23421,123.11325,131.95603,132.98425,116.60113,-0.3838725,0.0,0.0,125.09354777777779,125.09354777777779,0.1111111111111111,0.2295399143714734,0.13117741669056437,1.2374974742069784,0.04028882511415184,0.9684698253280665,-1.9193625,,0.0,,,0.0,0.0,0.058602256799014193,0.9229475129409516,2.571828597375672,1.0
264.85369,124.9945322222222,5.923375827089701,0.04080834222873285,-1.6385661993444094,15.83471999999999,120.50841,123.59309,131.68184,132.43585,116.60113,-0.37701774999999993,0.0,0.0,124.9945322222222,124.9945322222222,0.1111111111111111,0.2297510507289599,0.137535868581843,1.105213714138857,0.06003843378839762,0.9484760152641285,-1.8850887499999995,,0.0,,,0.0,0.0,0.07042051275813113,0.8625696633481672,2.4186031593572057,1.0
265.14257,124.95645,5.988100350597195,0.05517302238238743,-1.739736389755086,15.080680000000001,120.02857,123.18179,131.75039,132.09311,117.01243,-0.36844900000000036,0.0,0.0,124.95645,124.95645,0.1111111111111111,0.223510610838516,0.13496360953697578,1.1384309929179064,0.0634037150350705,0.9472442302504416,-1.842245000000002,,0.0,,,0.0,0.0,0.05825679677490552,0.8717805857230013,2.3368628528957864,1.0
265.43145,124.29381444444445,6.048164748364421,0.12434614371959224,-1.769394818051653,15.491979999999998,119.41163,121.46808,131.13345,131.95602,116.46404,-0.36673525000000035,0.0,0.0,124.29381444444445,124.29381444444445,0.1111111111111111,0.19999457397295684,0.14239679484586712,1.0850964862837862,0.035341655193690445,0.968457290070532,-1.8336762500000017,,0.0,,,0.0,0.0,0.059034183153133725,0.9271588547181316,2.544781510086333,1.0
265.72034,123.89013888888888,5.8177986919594815,0.12771944881643862,-1.782798957346051,14.600840000000005,119.20599,121.33099,130.51651,131.13343,116.53259,-0.3495980000000003,0.0,0.0,123.89013888888888,123.89013888888888,0.1111111111111111,0.18692018048492443,0.1480041670911808,1.0105495084240599,0.04969349870820548,0.9531300857735163,-1.7479900000000015,,0.0,,,0.0,0.0,0.055944092796175654,0.8792058187364855,2.416804183779507,1.0
266.00922,123.07517444444446,5.840108714699888,0.158452229618921,-1.8096659086467277,14.600830000000002,118.31486,120.23421,129.69393,130.51649,115.91566,-0.3444567499999998,0.0,0.0,123.07517444444446,123.07517444444446,0.0,0.16439412792164215,0.150912951436527,1.064231435906751,0.04652227828753383,0.9581164773173036,-1.722283749999999,,0.0,,,0.0,0.0,0.055172246017787176,0.8825853490128305,2.507604114606892,1.0
266.2981,122.19927555555553,5.749370277254741,0.11460323275382236,-1.8040633502563088,14.189539999999994,117.42373,120.02856,128.59715,129.21407,115.02453,-0.3461705000000002,0.0,0.0,122.19927555555553,122.19927555555553,0.0,0.1499136275558273,0.1537931396399028,1.2516664484608693,0.09260868599987458,0.9311088305370349,-1.730852500000001,,0.0,,,0.0,0.0,0.06167789115816535,0.7541488542886714,2.2951171488565913,1.0
266.58699,121.86414666666666,5.769200507672908,0.16569122538957853,-1.8199076190349683,14.39518000000001,116.80679,119.27453,127.98021,129.41971,115.02453,-0.3358879999999999,0.0,0.0,121.86414666666666,121.86414666666666,0.0,0.13895360472167267,0.15094437811117425,1.2846953550858582,0.06439686454316351,0.9522665213679029,-1.6794399999999996,,0.0,,,0.0,0.0,0.06793287221354904,0.8157936116912823,2.5097244905364304,1.0
266.87587,121.60518555555556,5.7157631092388534,0.18142581910213815,-1.7927828692086225,14.395190000000014,116.18985,119.13743,127.77457,129.28262,114.88743,-0.3324607499999999,0.0,0.0,121.60518555555556,121.60518555555556,0.0,0.13385173458509148,0.1522744534156583,1.3342851613108706,0.06031697919332332,0.9567496868553552,-1.6623037499999995,,0.0,,,0.0,0.0,0.06481801329037033,0.816811974377502,2.544782770118342,1.0
267.16475,121.6432688888889,5.6946341152106505,0.2100845459795469,-1.819611404930073,14.258089999999996,116.32694,118.3834,127.91167,129.35117,115.09308,-0.32217825,0.0,0.0,121.6432688888889,121.6432688888889,0.0,0.12918568858139162,0.1495034517150647,1.3023605405676553,0.04266559655608228,0.9682789832291675,-1.6108912499999999,,0.0,,,0.0,0.0,0.054617752128288954,0.8699451231974582,2.6540063851570004,1.0
267.45364,122.26782444444444,5.6965484140508,0.25228000426515645,-1.8064766223570032,14.258099999999999,117.21808,118.45195,128.52861,130.24231,115.98421,-0.3170370000000002,0.0,0.0,122.26782444444444,122.26782444444444,0.0,0.13882898473285127,0.149903711697864,1.102505726300062,0.018785133190107682,0.9832468684378881,-1.585185000000001,,0.0,,,0.0,0.0,0.05770619708752331,0.9416912291034738,2.8038905859595955,1.0
267.74252,123.31890444444444,5.623954032788105,0.25323708990257554,-1.8190050774740378,13.709699999999998,118.24631,119.61727,129.48829,131.06489,117.35519,-0.31189575,0.0,0.0,123.31890444444444,123.31890444444444,0.0,0.16266901033757647,0.14987950089866994,0.8993500901007948,0.015412965353066941,0.9831508658340659,-1.5594787500000002,,0.0,,,0.0,0.0,0.06646992213058207,0.9530822063495372,2.7449650215422805,1.0
268.0314,124.03485444444443,5.535353317329358,0.24449493387983304,-1.8199837368623781,13.572609999999997,119.34309,120.43985,130.24232,131.61328,118.04067,-0.30675474999999963,0.0,0.0,124.03485444444443,124.03485444444443,0.1111111111111111,0.18110694314906833,0.14664912128060312,0.8227277846194512,0.016225705483621455,0.9806595886743448,-1.5337737499999982,,0.0,,,0.0,0.0,0.059316000202220096,0.9520094421950425,2.689999887520906,1.0
268.32029,124.57562666666666,5.52467381885423,0.24539722536007078,-1.8624990663157137,13.024230000000017,119.82293,120.57695,130.72215,131.88748,118.86325,-0.29647250000000014,0.0,0.0,124.57562666666666,124.57562666666666,0.1111111111111111,0.19486869554418984,0.14086207177818255,0.8084599758673134,0.013913312268200483,0.9830815122922427,-1.4823625000000007,,0.0,,,0.0,0.0,0.04898095226285353,0.9610802096235247,2.7363407207896606,1.0
268.60917,125.32966333333333,5.508301310615946,0.24910282498238945,-1.8595955407261426,13.092780000000005,120.78261,121.05679,131.47619,132.71007,119.61729,-0.29647250000000014,0.0,0.0,125.32966333333333,125.32966333333333,0.1111111111111111,0.22357585093036006,0.12618486849929916,0.8539184956544945,0.007373638035016275,0.9914388651123821,-1.4823625000000007,,0.0,,,0.0,0.0,0.054096551231136145,0.9822408957792582,2.7599522198419235,1.0
268.89805,125.35251444444445,5.590342768374188,0.26061291272594195,-1.8463634107115177,13.366980000000012,120.57697,120.98824,131.75039,132.84717,119.48019,-0.30675500000000044,0.0,0.0,125.35251444444445,125.35251444444445,0.1111111111111111,0.22970927653576634,0.12768025626878474,0.8814672612017179,0.008235553896687602,0.9907434776466891,-1.533775000000002,,0.0,,,0.0,0.0,0.060481528840143566,0.981252248192399,2.8216874984964506,1.0
269.18694,125.61909000000001,5.82094867965695,0.25175947825228145,-1.856015669219352,13.915379999999999,120.78261,121.05681,131.95603,133.46411,119.54873,-0.3101824999999998,0.0,0.0,125.61909000000001,125.61909000000001,0.1111111111111111,0.21603552261064296,0.12897016237420775,1.004307579371,0.009958888063573777,0.9901811915484289,-1.550912499999999,,0.0,,,0.0,0.0,0.0478350368779223,0.9824811923201994,2.980486098690267,1.0
269.47582,126.37312444444446,5.7459301575929205,0.2980972716125336,-1.7726212852643586,14.395210000000006,121.67372,121.87939,132.36732,134.69798,120.30277,-0.3016137500000003,0.0,0.0,126.37312444444446,126.37312444444446,0.1111111111111111,0.19253477729444368,0.1429592331467931,1.0875079272136503,0.02016907412527913,0.9817915563841458,-1.5080687500000014,,0.0,,,0.0,0.0,0.04855322049148363,0.9625601015361354,3.11860635552632,1.0
269.7647,127.72886,5.6147592568752795,0.2989203299761618,-1.7646958349252306,13.983919999999998,123.25036,123.38745,133.60119,135.79475,121.81083,-0.29475900000000016,0.0,0.0,127.72886,127.72886,0.1111111111111111,0.16170763433417523,0.1493899938657248,1.4986849532040192,0.02483855302815869,0.983696639385659,-1.4737950000000009,,0.0,,,0.0,0.0,0.055530691871199134,0.9511676387417367,3.0228611989172225,1.0
270.05359,128.48289333333332,5.685083061177637,0.3160566180598762,-1.7446240522858067,14.258119999999991,123.73019,124.14149,134.56087,136.89153,122.63341,-0.2981864999999999,0.0,0.0,128.48289333333332,128.48289333333332,0.0,0.15030025008675627,0.1502621669971377,1.8830427957161866,0.04628095533637559,0.9760118251751538,-1.4909324999999995,,0.0,,,0.0,0.0,0.06794363841263737,0.9216763482900926,3.1248262630150965,1.0
270.34247,130.1509111111111,5.549004573381596,0.26955760753341135,-1.7693631926890883,13.915379999999985,125.30681,126.2665,136.06894,138.12541,124.21003,-0.29647274999999984,0.0,0.0,130.1509111111111,130.1509111111111,0.0,0.12928602922977186,0.14701785519944555,2.872568204290775,0.05072966263248588,0.9826464270696633,-1.4823637499999993,,0.0,,,0.0,0.0,0.06516427977447202,0.9284750801902619,2.908508990648507,1.0
270.63135,131.27053888888886,5.483413691995655,0.27501026586630717,-1.7369272493059802,13.915389999999988,126.60924,127.63745,136.96007,139.35929,125.4439,-0.2879042500000001,0.0,0.0,131.27053888888886,131.27053888888886,0.0,0.11812962576893102,0.14454639277088435,3.726705206154849,0.0619304151040722,0.98365363645558,-1.4395212500000003,,0.0,,,0.0,0.0,0.0647193246082853,0.9145865160373873,2.879221575545147,1.0
270.92024,132.12359,5.181369654644092,0.23931450731836507,-1.7679745416423542,13.161349999999985,127.84311,128.66568,137.50847,139.35929,126.19794,-0.28276324999999963,0.0,0.0,132.12359,132.12359,0.0,0.11246861907044446,0.1441508140761098,4.256435937305378,0.04602255725712542,0.9893031955068899,-1.4138162499999982,,0.0,,,0.0,0.0,0.05956869428387153,0.9411013735785029,2.6168469568652295,1.0
271.20912,133.15943444444443,5.130331378957273,0.19927972082615078,-1.7970121727301298,12.818600000000004,128.80279,129.96813,138.33105,140.18187,127.36327,-0.2741945000000001,0.0,0.0,133.15943444444443,133.15943444444443,0.0,0.10380223505909246,0.13897650595643773,5.248395462414155,0.0538386037460854,0.989846052970638,-1.3709725000000006,,0.0,,,0.0,0.0,0.04978801068926339,0.9403115487245195,2.545504159921682,1.0
271.498,133.48694444444445,5.145255717141787,0.1893591707703746,-1.8234709660167032,12.818600000000004,129.00844,130.51652,138.74233,140.45606,127.63746,-0.26905300000000026,0.0,0.0,133.48694444444445,133.48694444444445,0.0,0.10122140765089498,0.13668898413841102,5.595174829324778,0.0644176732277677,0.9886179661702541,-1.3452650000000013,,0.0,,,0.0,0.0,0.05651720614390951,0.9295007189598925,2.580550653382639,1.0
271.78689,133.22036444444444,5.024311911976073,0.2128700280380545,-1.8277366715005714,12.20165999999999,128.66569,130.17377,138.39959,139.90767,127.70601,-0.26048449999999973,0.0,0.0,133.22036444444444,133.22036444444444,0.0,0.10259382486007664,0.1387640031825203,5.185991299338209,0.050200731312274455,0.9904127405722591,-1.3024224999999987,,0.0,,,0.0,0.0,0.05073622597576919,0.9416508580094468,2.5776661774089393,1.0
272.07577,132.77099222222222,4.944950950896559,0.2147701174397694,-1.7590431031561031,12.475839999999991,128.3915,130.37942,137.91975,139.63347,127.15763,-0.26048449999999973,0.0,0.0,132.77099222222222,132.77099222222222,0.0,0.10661149119199348,0.1412319487937606,4.618044203288565,0.06325922029207877,0.9864868361080636,-1.3024224999999987,,0.0,,,0.0,0.0,0.06167224255767969,0.9134041918286061,2.646734444865564,1.0
272.36465,133.28129777777775,4.880609394238427,0.2382170958344469,-1.814899302538277,11.92747,128.87133,130.44797,138.46814,139.97622,128.04875,-0.25020225000000024,0.0,0.0,133.28129777777775,133.28129777777775,0.0,0.10293214525047635,0.14013991394507358,5.077187610390263,0.06131789599578445,0.9880669786150106,-1.2510112500000012,,0.0,,,0.0,0.0,0.062090668181621345,0.9213197802753509,2.6563483744813805,1.0
272.65354,133.94393555555558,4.768057082952271,0.27584171240163186,-1.755993156316245,12.201659999999976,129.89957,130.92781,139.01653,140.86735,128.66569,-0.23992000000000005,0.0,0.0,133.94393555555558,133.94393555555558,0.0,0.09898735405079118,0.13954720783229463,5.73646229096244,0.07206514654458956,0.9875932157644626,-1.1996000000000002,,0.0,,,0.0,0.0,0.07206989931018284,0.8997479046413608,2.6399627239749583,1.0
272.94242,134.19527777777776,4.784670331187994,0.2960206150042058,-1.756862272635274,11.927449999999993,130.03666,130.99635,139.08507,141.14154,129.21409,-0.22621024999999975,0.0,0.0,134.19527777777776,134.19527777777776,0.0,0.09695359945749864,0.13927759465199827,5.9705099215942825,0.08871222410383871,0.9853591398253392,-1.1310512499999987,,0.0,,,0.0,0.0,0.06481819366644866,0.8839281789556472,2.813273155574286,1.0
273.2313,135.13972555555557,4.655714296668391,0.28999878400957224,-1.727935724363556,11.721820000000008,130.99634,132.36733,139.63347,142.10122,130.3794,-0.20907349999999952,0.0,0.0,135.13972555555557,135.13972555555557,0.0,0.0909491845135771,0.1360717896716272,6.95955648839029,0.11921063886887978,0.983159406599472,-1.0453674999999976,,0.0,,,0.0,0.0,0.05557710154699705,0.8582660778367339,2.8538534845795303,1.0
273.52019,135.42915333333332,4.521091102028848,0.3347032510757582,-1.67421157838005,11.653259999999989,131.68183,132.36733,139.77057,142.37541,130.72215,-0.19879125000000003,0.0,0.0,135.42915333333332,135.42915333333332,0.0,0.08944186747885331,0.13655538169879475,7.225311324305173,0.11424922752526533,0.984433778178284,-0.9939562500000001,,0.0,,,0.0,0.0,0.0630237502869679,0.8512552659379612,2.808726839913873,1.0
273.80907,134.91884888888887,4.509618445023787,0.3282710259643142,-1.7032732434208064,11.516170000000017,131.20199,131.61329,139.15363,141.82703,130.31086,-0.19707749999999963,0.0,0.0,134.91884888888887,134.91884888888887,0.0,0.09048863169161625,0.13674650938827781,6.567328977912466,0.09917482570345751,0.9851234127027457,-0.9853874999999981,,0.0,,,0.0,0.0,0.051077134467836925,0.8674352246909192,2.793963198482062,1.0
274.09795,134.56087333333332,4.363364086751819,0.3102693515150451,-1.7737456117850923,10.556489999999997,130.58505,131.13345,138.67379,141.00445,130.44796,-0.19365000000000024,0.0,0.0,134.56087333333332,134.56087333333332,0.0,0.08946830202679203,0.13531085857109687,6.047505972412486,0.057792440771121265,0.990534051415836,-0.9682500000000012,,0.0,,,0.0,0.0,0.04274768124449811,0.9182124185451876,2.6075260316313895,1.0
274.38683,134.70558444444444,4.296011004352019,0.2994991720042089,-1.7881165838565003,10.28230000000002,130.92779,131.54473,138.74234,140.73025,130.44795,-0.19536375000000064,0.0,0.0,134.70558444444444,134.70558444444444,0.0,0.08971703030757787,0.13633837903160465,6.120194636923445,0.05377463065818533,0.9912901039142397,-0.9768187500000032,,0.0,,,0.0,0.0,0.04046111286222889,0.9285380230633549,2.5818264565717057,1.0
274.67572,134.6065711111111,4.23154792107108,0.3055982013362006,-1.756215252206244,10.350850000000008,131.13345,131.40763,138.46815,140.52461,130.17376,-0.18165400000000034,0.0,0.0,134.6065711111111,134.6065711111111,0.0,0.0885774385769028,0.13613637496732703,5.9007026215919245,0.05306464712638287,0.9910872150639313,-0.9082700000000017,,0.0,,,0.0,0.0,0.03945492690477001,0.9240869660962284,2.6623009780843914,1.0
274.9646,134.24097777777777,4.272802817708451,0.3097278487505961,-1.7188513718991438,10.762139999999988,130.85925,131.06489,138.05685,140.25041,129.48827,-0.17479900000000015,0.0,0.0,134.24097777777777,134.24097777777777,0.0,0.0896254069763128,0.1369765272589601,5.46548029024216,0.04924976572050028,0.9910694149450966,-0.8739950000000007,,0.0,,,0.0,0.0,0.04397852159803468,0.9187660708696223,2.7695313983912273,1.0
275.25348,134.30191000000002,4.371110311884921,0.31074023230858633,-1.6794381200914803,11.241980000000012,130.51651,131.61327,138.19395,140.66171,129.41973,-0.16451700000000002,0.0,0.0,134.30191000000002,134.30191000000002,0.0,0.08815322656995259,0.135527665649851,5.597358607439665,0.06979378551361987,0.9876845052377323,-0.8225850000000001,,0.0,,,0.0,0.0,0.047430048112012055,0.8886935876815111,2.938520900643605,1.0
275.54237,134.47708777777777,4.2008098065565544,0.4113831413868197,-1.5829354511125742,10.487950000000012,130.85925,131.75037,138.26249,140.79881,130.31086,-0.16280300000000025,0.0,0.0,134.47708777777777,134.47708777777777,0.0,0.08841785507352021,0.13835910051738615,5.685961114572703,0.06800017824696489,0.9881820236728668,-0.8140150000000013,,0.0,,,0.0,0.0,0.07553905427162784,0.8673232446635399,2.8506403475932807,1.0
275.83125,135.07117555555556,3.986587095613687,0.4347512677405797,-1.5301139346983763,10.350840000000005,131.75037,132.57295,138.53669,141.34719,130.99635,-0.14909350000000005,0.0,0.0,135.07117555555556,135.07117555555556,0.0,0.08385183825252372,0.13621262076630167,6.2310977616744605,0.06724640980480492,0.98932316048903,-0.7454675000000002,,0.0,,,0.0,0.0,0.07044100959427345,0.865184247471548,2.7544251530586714,1.0
276.12013,136.3279022222222,3.983139478358965,0.4369845258504842,-1.5102344111474677,10.5565,132.91571,133.73828,139.70202,142.85527,132.29877,-0.14909350000000005,0.0,0.0,136.3279022222222,136.3279022222222,0.0,0.07992694425179041,0.1333985104318919,7.898931282862061,0.09649653053133393,0.9879310359767763,-0.7454675000000002,,0.0,,,0.0,0.0,0.061843814942563136,0.8449249100927055,2.730760860135847,1.0
276.40902,137.71410666666668,4.04598115168895,0.29463844377541626,-1.6961218869652077,10.145199999999988,133.94393,135.3149,141.21009,143.6093,133.4641,-0.14737975000000034,0.0,0.0,137.71410666666668,137.71410666666668,0.0,0.0764666575362895,0.13093896365198587,9.949995911302675,0.09671390234646518,0.9903735746090615,-0.7368987500000017,,0.0,,,0.0,0.0,0.04631313007681096,0.8764134184801825,2.73418692971431,1.0
276.6979,138.78042000000002,3.9513334013834998,0.34131703948735437,-1.6340416551511268,10.419399999999996,135.31491,136.20603,142.16977,144.77463,134.35523,-0.14909350000000005,0.0,0.0,138.78042000000002,138.78042000000002,0.0,0.07450055748603748,0.1302924507670901,11.62976852022522,0.11886623125056917,0.9898825494311476,-0.7454675000000002,,0.0,,,0.0,0.0,0.05791131293505952,0.8565113577045581,2.6551868631847557,1.0
276.98678,139.47352111111113,3.8177195472557686,0.3385513623015578,-1.6416681734594705,10.008110000000016,136.34313,136.68587,142.85525,145.04883,135.04072,-0.15423450000000044,0.0,0.0,139.47352111111113,139.47352111111113,0.0,0.07384907902367323,0.13042570031144635,12.682345598063362,0.11327728138286959,0.9911471850531057,-0.7711725000000023,,0.0,,,0.0,0.0,0.06706239974456485,0.8667472594746044,2.510565839679423,1.0
277.27567,139.48875555555554,3.625586874792702,0.3255418184079053,-1.6292411831248972,9.459710000000001,136.54878,137.30281,143.0609,144.63753,135.17782,-0.16280300000000025,0.0,0.0,139.48875555555554,139.48875555555554,0.0,0.0756301226497262,0.13386013795479404,12.521331564400192,0.09432480563349543,0.9925231947537189,-0.8140150000000013,,0.0,,,0.0,0.0,0.0854091316013252,0.8691042882449955,2.349759050603087,1.0
277.56455,139.8695811111111,3.5816390181884463,0.35831691013655753,-1.6181130325729591,9.11694,137.02863,137.64555,143.40364,144.98025,135.86331,-0.15594800000000006,0.0,0.0,139.8695811111111,139.8695811111111,0.0,0.0746501605049333,0.1335707632664983,13.131313911048313,0.09515886859259315,0.9928054236169186,-0.7797400000000003,,0.0,,,0.0,0.0,0.09153645069064104,0.8632393242678233,2.3509445148072903,1.0
277.85343,140.70739666666665,3.5501425197119416,0.3195360605237328,-1.6144164286994218,9.391159999999985,137.64556,138.67378,144.08913,145.87141,136.48025,-0.14737950000000027,0.0,0.0,140.70739666666665,140.70739666666665,0.0,0.0723327153287939,0.131599401775865,14.617004624269939,0.12220797374985834,0.9917086497642724,-0.7368975000000013,,0.0,,,0.0,0.0,0.08356717649912729,0.8483543238442528,2.399437702990553,1.0
278.14232,141.47666444444445,3.4142152728038284,0.3307959804655067,-1.5832323897031129,9.185500000000019,138.67379,139.35927,144.91171,146.41979,137.23429,-0.14395200000000016,0.0,0.0,141.47666444444445,141.47666444444445,0.0,0.07146185303601965,0.13131975822135095,15.917046657700343,0.13410333050577905,0.9916452509194993,-0.7197600000000008,,0.0,,,0.0,0.0,0.09772313250874692,0.8342703661901655,2.336312986104444,1.0
278.4312,141.88033777777778,3.432569915283033,0.37551587234225553,-1.5566052459078534,9.25406000000001,139.15362,139.83912,145.25445,147.03673,137.78267,-0.13538324999999957,0.0,0.0,141.88033777777778,141.88033777777778,0.0,0.06988378405259965,0.12959075991720528,16.816972121983866,0.13399081573059082,0.9920953861841276,-0.6769162499999979,,0.0,,,0.0,0.0,0.10126098491234471,0.829497308710785,2.337939211801564,1.0
278.72008,142.0783688888889,3.4488388346883228,0.34104377650027917,-1.61776220187257,9.116960000000006,139.08508,140.18187,145.39155,147.24237,138.12541,-0.1302419999999998,0.0,0.0,142.0783688888889,142.0783688888889,0.0,0.06895644990535332,0.12811427338372205,17.236104207116128,0.13913198521868347,0.991992512574922,-0.651209999999999,,0.0,,,0.0,0.0,0.08817348921314962,0.8367448935721379,2.3363943949689823,1.0
279.00897,142.69530555555556,3.3615987787397623,0.40624131060838103,-1.5348586112149238,9.04840999999999,139.97621,140.73026,146.00849,147.9964,138.94799,-0.1319557500000002,0.0,0.0,142.69530555555556,142.69530555555556,0.0,0.06924883213919421,0.12959612252611188,18.460500078006238,0.16131850964100497,0.9913371237625981,-0.659778750000001,,0.0,,,0.0,0.0,0.10347490726389057,0.8063761029448192,2.309680580301748,1.0
279.29785,143.31986,3.3770580350522734,0.38438317979065545,-1.5285698160507033,9.254050000000007,140.59315,141.27865,146.55688,148.81898,139.56493,-0.1319557500000002,0.0,0.0,143.31986,143.31986,0.0,0.06861369559002473,0.1288130727348847,19.891407099554904,0.18819377514357527,0.9906276137450635,-0.659778750000001,,0.0,,,0.0,0.0,0.09352020188341084,0.7962332600294307,2.2944784195522354,1.0
279.58673,143.64737111111108,3.2031911071285926,0.34290258697120685,-1.6205254924931283,8.500020000000006,141.00444,141.62139,146.69398,148.54479,140.04477,-0.12681475000000048,0.0,0.0,143.64737111111108,143.64737111111108,0.0,0.06705883861791748,0.12740719804119044,20.353827531302716,0.15548269502072593,0.9924189212896879,-0.6340737500000024,,0.0,,,0.0,0.0,0.08615687674093445,0.829839934316362,2.1333697278505555,1.0
279.87562,143.41125777777773,3.342197568851893,0.27155359915943084,-1.7196902560116096,8.362930000000006,140.18186,141.48429,146.62543,148.20204,139.83911,-0.12852850000000018,0.0,0.0,143.41125777777773,143.41125777777773,0.0,0.06810327663109027,0.12790568451652456,19.89862683966127,0.16580399363220216,0.9917364217749824,-0.6426425000000009,,0.0,,,0.0,0.0,0.07744304920636279,0.8342250539492501,2.2461060660502326,1.0
280.1645,143.03043222222223,3.2460998447736515,0.31496090923835013,-1.6965588347978464,7.951630000000023,139.97621,141.14155,146.21414,147.5851,139.63347,-0.12681474999999978,0.0,0.0,143.03043222222223,143.03043222222223,0.0,0.06761323746985498,0.1275208402832622,18.95673426199574,0.11915749054724063,0.9937535035220185,-0.6340737499999989,,0.0,,,0.0,0.0,0.0840372451413597,0.8638947732948662,2.1380896896406525,1.0
280.45338,142.35255999999998,3.135800841248974,0.3457645400794767,-1.6082422124314657,7.951630000000023,139.49637,140.93591,145.39155,146.96816,139.01653,-0.11139099999999971,0.0,0.0,142.35255999999998,142.35255999999998,0.0,0.06689104392869098,0.12722641282462271,17.329215390332138,0.09452539792399609,0.9945749079275122,-0.5569549999999985,,0.0,,,0.0,0.0,0.091294205401261,0.8659729740504168,2.1588463953822203,1.0
280.74227,141.81178888888888,3.069463646449741,0.3813186595757271,-1.5421729306752774,7.8830899999999815,139.22217,140.31897,144.56897,146.35123,138.46814,-0.10625,0.0,0.0,141.81178888888888,141.81178888888888,0.0,0.06623728411521762,0.12651288360847032,16.209452393345643,0.08473746205660364,0.9947995289788533,-0.53125,,0.0,,,0.0,0.0,0.0844791705974881,0.8657157079675375,2.124583867538591,1.0
281.03115,141.19485222222224,3.0385228189726083,0.37599183299976974,-1.5382742205355457,7.745999999999981,138.33104,139.83913,143.81494,145.73429,137.98829,-0.0993952499999999,0.0,0.0,141.19485222222224,141.19485222222224,0.0,0.06640349427960901,0.12682780724505152,14.899949046744556,0.08304367522097848,0.9944574707562476,-0.49697624999999945,,0.0,,,0.0,0.0,0.07593551199249303,0.8647692092486546,2.167156079541647,1.0
281.32003,140.95112333333333,3.1917093276974757,0.3068734798824938,-1.5418164809651917,8.29437999999999,137.71411,139.70203,143.54075,145.80283,137.50845,-0.09596799999999987,0.0,0.0,140.95112333333333,140.95112333333333,0.0,0.0662261142091714,0.1263971194468748,14.571159745052942,0.09835533313436545,0.9932952566796196,-0.4798399999999994,,0.0,,,0.0,0.0,0.06297179728194202,0.85394461585228,2.3395149909850335,1.0
281.60892,141.41573222222223,3.2302800948001007,0.30215004946639346,-1.4736823843755893,8.842759999999998,138.39959,140.59317,143.67784,146.55687,137.71411,-0.07711675000000043,0.0,0.0,141.41573222222223,141.41573222222223,0.0,0.06357510751439235,0.12308964285516141,15.437339758820238,0.12930288251453403,0.9916935921513121,-0.3855837500000021,,0.0,,,0.0,0.0,0.0506647313558955,0.8281460916329837,2.4717928313392457,1.0
281.8978,141.38526444444446,3.379121217065865,0.31847740927144713,-1.4262552581306607,9.322599999999994,138.39959,140.59317,143.74639,146.89961,137.57701,-0.07883050000000011,0.0,0.0,141.38526444444446,141.38526444444446,0.0,0.06464397319204909,0.12404044743648981,15.521008743353914,0.16265837600777805,0.9896288046112673,-0.39415250000000057,,0.0,,,0.0,0.0,0.05489768464066021,0.7987890667112961,2.618635837486033,1.0
282.18668,141.27101555555558,3.232129898356025,0.32673791708747163,-1.5047998449524722,8.77421000000001,138.19394,140.25042,143.81493,146.35122,137.57701,-0.08911275000000032,0.0,0.0,141.27101555555558,141.27101555555558,0.0,0.06500117848030977,0.12458734246817178,15.22434912607223,0.11563287289936298,0.9924619942183529,-0.4455637500000016,,0.0,,,0.0,0.0,0.06404633896990848,0.8383003147956176,2.402362578250856,1.0
282.47557,141.55282555555556,3.2771362534319533,0.2872994983871618,-1.517533207026315,9.048410000000018,138.46814,140.45607,144.02058,146.69396,137.64555,-0.0891127499999996,0.0,0.0,141.55282555555556,141.55282555555556,0.0,0.06430125370782608,0.12383967706654823,15.858316502201147,0.11901024758464503,0.9925513041356874,-0.44556374999999804,,0.0,,,0.0,0.0,0.05336570224103999,0.8415085577587477,2.4203242586438827,1.0
282.76445,141.68992444444442,3.269481469442008,0.26097308771391287,-1.4226664650599772,9.116960000000006,138.74233,140.93591,144.02058,146.89961,137.78265,-0.0771167499999997,0.0,0.0,141.68992444444442,141.68992444444442,0.0,0.06443434975910248,0.1247446072049222,15.939055601591845,0.15969119585649655,0.9900805200575727,-0.38558374999999856,,0.0,,,0.0,0.0,0.05759906271474923,0.7997845239820028,2.5772356144347053,1.0
283.05333,141.7889377777778,3.1384815401569854,0.35954440408428306,-1.3122610865260742,8.979849999999999,138.60523,141.073,143.88348,147.10525,138.1254,-0.0702619999999996,0.0,0.0,141.7889377777778,141.7889377777778,0.0,0.06308653311141985,0.12413182306975458,16.06765361480972,0.1477563382356662,0.9908879060867034,-0.351309999999998,,0.0,,,0.0,0.0,0.05903858952330319,0.7950776927581363,2.484673811083415,1.0
283.34222,141.30148,3.1066971489026693,0.3742062696030424,-1.3190239238218728,8.705659999999995,138.19394,140.73025,143.33509,146.62541,137.91975,-0.0651209999999999,0.0,0.0,141.30148,141.30148,0.0,0.06292509764657822,0.12332390085656904,15.071736205853586,0.13374053703463623,0.9912044495943668,-0.3256049999999995,,0.0,,,0.0,0.0,0.05270594541378519,0.8018370573306496,2.4536103447355533,1.0
283.6311,141.48427888888887,2.984817164493384,0.4615170896174192,-1.170404439495988,8.568569999999994,138.46815,140.93589,143.47219,146.83106,138.26249,-0.06340750000000028,0.0,0.0,141.48427888888887,141.48427888888887,0.0,0.06352845433100819,0.12513827640623354,15.278634429185473,0.14363549405477816,0.9906864881195344,-0.3170375000000014,,0.0,,,0.0,0.0,0.06633949995713366,0.7737200333890334,2.407771895730046,1.0
283.91998,140.30372,3.0385214291713236,0.40841561471417104,-1.2476191377666752,8.705669999999998,137.30282,139.56493,142.51251,145.59719,136.89152,-0.0736894999999997,0.0,0.0,140.30372,140.30372,0.0,0.06586075668491628,0.12730971785239828,13.120075649722269,0.11776374476770954,0.9911040056192375,-0.3684474999999985,,0.0,,,0.0,0.0,0.06603661928728846,0.7908448645677806,2.4197583782928223,1.0
284.20887,139.99906,3.106695015968648,0.4969691719493422,-0.9863207751972425,9.322599999999994,136.82298,139.08509,142.03267,145.80283,136.48023,-0.0736894999999997,0.0,0.0,139.99906,139.99906,0.0,0.06691145140527498,0.12957520440362585,12.632192835077301,0.1462033343277873,0.9885585536331475,-0.3684474999999985,,0.0,,,0.0,0.0,0.06607002283506044,0.73622196132392,2.5552655314844706,1.0
284.49775,139.85434666666666,3.249420580903613,0.44862574146514966,-0.9541553914189085,9.939539999999994,136.75443,138.94799,141.82702,145.93993,136.00039,-0.07197575,0.0,0.0,139.85434666666666,139.85434666666666,0.0,0.06811533551414459,0.13089265516178963,12.458027260018795,0.17854170828127347,0.9858710296420059,-0.35987875,,0.0,,,0.0,0.0,0.05591191668285696,0.7043516404902057,2.705705211872643,1.0
284.78663,139.96097555555556,3.2633695629895945,0.32879750106005706,-1.0955739274070908,10.076639999999998,136.89153,139.35927,141.75847,145.80283,135.72619,-0.07883074999999948,0.0,0.0,139.96097555555556,139.96097555555556,0.0,0.06899200147440451,0.1312927095798921,12.59745942926744,0.18745248515878846,0.9853379916489057,-0.3941537499999974,,0.0,,,0.0,0.0,0.037208119413336474,0.7145747568536875,2.698710652083398,1.0
285.07552,139.60300111111113,3.300964055772008,0.31898291890584407,-0.9210153143670863,10.830680000000001,136.82299,139.22217,141.48427,145.59719,134.76651,-0.08054425000000051,0.0,0.0,139.60300111111113,139.60300111111113,0.0,0.07185938919735434,0.13464271231067665,11.869458556426299,0.22135252415443374,0.9816924999673412,-0.4027212500000026,,0.0,,,0.0,0.0,0.05563079634867196,0.6522897665159331,2.8229630841001274,1.0
285.3644,139.30596,3.2116002413507863,0.345262249761501,-1.0108863695761319,10.213729999999998,136.34315,138.60524,141.27863,145.0488,134.83507,-0.0736894999999997,0.0,0.0,139.30596,139.30596,0.0,0.06970231758042286,0.1325618246487391,11.325648127417349,0.17223564780243156,0.9850202305686778,-0.3684474999999985,,0.0,,,0.0,0.0,0.06294141636099482,0.6982406040247063,2.734461001154893,1.0
285.65328,138.68140555555556,3.1783751272138066,0.4266532153386142,-0.7675807910823136,10.62503000000001,136.00041,138.05685,140.45604,144.56896,133.94393,-0.06512074999999981,0.0,0.0,138.68140555555556,138.68140555555556,0.0,0.0713440299977089,0.13459934200388768,10.130505230759494,0.18597248946789363,0.981973257287082,-0.3256037499999991,,0.0,,,0.0,0.0,0.0816474619037492,0.630303021831819,2.821581367292057,1.0
285.94217,138.4300588888889,3.2166929721772224,0.37446107682447877,-0.804751444014868,10.762130000000013,135.86329,137.71411,140.25039,144.29477,133.53264,-0.07026200000000031,0.0,0.0,138.4300588888889,138.4300588888889,0.0,0.07195714729907048,0.1343249773162663,9.78370865493783,0.17981409591491293,0.981952759028154,-0.35131000000000157,,0.0,,,0.0,0.0,0.07241575009998243,0.6517513659400271,2.8193467463873043,1.0
286.23105,138.14825333333334,3.113914296476379,0.15305622413862255,-0.75194645579364,10.693579999999997,135.86329,137.57702,140.04475,143.60929,132.91571,-0.0634072499999995,0.0,0.0,138.14825333333334,138.14825333333334,0.0,0.07143288769092897,0.13404034125987285,9.173995343196301,0.15630848842083883,0.9832472241697544,-0.31703624999999747,,0.0,,,0.0,0.0,0.06520672894061522,0.6590887205786917,2.7673164495930243,1.0
286.51993,137.79027666666667,3.3608917788520842,0.09016200576883804,-0.5385021177752956,11.927449999999993,135.38345,137.23428,139.56491,143.74638,131.81893,-0.05826599999999971,0.0,0.0,137.79027666666667,137.79027666666667,0.0,0.07470692596152875,0.1366892147929087,8.719799352149977,0.20665385077676712,0.9768492763949408,-0.29132999999999853,,0.0,,,0.0,0.0,0.0646971613466464,0.5764132062173398,3.043943168977317,1.0
286.80882,137.73696,3.394210988266146,0.022331808793283937,-0.40286616946273446,12.270189999999985,135.52057,137.43991,139.63346,143.74638,131.47619,-0.0548387500000004,0.0,0.0,137.73696,137.73696,0.0,0.07595331011569097,0.13823595356101737,8.592503907429005,0.2227138806892732,0.9747352945622132,-0.274193750000002,,0.0,,,0.0,0.0,0.07513452821536949,0.5271925093981579,3.111172522365838,1.0
287.0977,138.5290777777778,3.2410005704369786,0.029472605815260858,-0.3634672780535091,11.79034999999999,136.61734,138.26251,140.18185,144.36332,132.57297,-0.05483874999999969,0.0,0.0,138.5290777777778,138.5290777777778,0.0,0.07405440359744771,0.13768942884025853,9.693692228371255,0.22904324396245557,0.9769173284223126,-0.27419374999999846,,0.0,,,0.0,0.0,0.06423304913241293,0.5320918695654234,2.971042068356354,1.0
287.38658,139.45829111111112,3.1578854080097587,0.11890667613621687,-0.5035420018517476,11.241959999999978,137.57702,139.15364,141.14153,145.11735,133.87539,-0.051411249999999596,0.0,0.0,139.45829111111112,139.45829111111112,0.0,0.07204152073569257,0.13690998113648564,11.113749751696282,0.23719268912622105,0.9791037008194938,-0.257056249999998,,0.0,,,0.0,0.0,0.08796515002535961,0.5317146175511125,2.9219665011001297,1.0
287.67547,140.34942222222222,3.249956387292943,0.07278541418043483,-0.40060793626322333,11.721810000000005,138.5367,140.11331,141.96411,146.14558,134.42377,-0.04626999999999981,0.0,0.0,140.34942222222222,140.34942222222222,0.0,0.07282503972677418,0.1376243784661536,12.586121865360358,0.3042670329607051,0.976395822076557,-0.23134999999999906,,0.0,,,0.0,0.0,0.10424980269636112,0.4741545269897502,3.0622527917545015,1.0
287.96435,140.38750555555555,3.351333962834343,0.07625658671933143,-0.4705253831912435,11.927450000000022,138.46813,140.18187,142.10121,146.21413,134.28668,-0.04284250000000043,0.0,0.0,140.38750555555555,140.38750555555555,0.0,0.07379667985215929,0.13761895839237473,12.631804652029226,0.3247405307448744,0.974936178876286,-0.21421250000000214,,0.0,,,0.0,0.0,0.12801424444352238,0.4501331311402754,3.190240169041398,1.0
288.25323,140.72263333333333,3.3379756759182966,-0.0197752980692933,-0.4415953594153388,11.92743999999999,138.81088,140.52461,142.51251,146.41977,134.49233,-0.03770150000000001,0.0,0.0,140.72263333333333,140.72263333333333,0.0,0.07310503742814711,0.13747399469723415,13.158218191648956,0.33160386781262363,0.9754182177905317,-0.18850750000000005,,0.0,,,0.0,0.0,0.13059002753604618,0.4387601402395821,3.196451910522271,1.0
288.54212,141.05014222222223,3.0947409118760616,0.031072560288229207,-0.4572652903579062,11.104869999999977,139.08507,140.45605,142.51251,146.48833,135.38346,-0.017136999999999604,0.0,0.0,141.05014222222223,141.05014222222223,0.0,0.06737063855531972,0.13247591934230024,13.63511722163488,0.27387285527637073,0.9803096519689788,-0.08568499999999801,,0.0,,,0.0,0.0,0.10540051761495701,0.5096235152154281,2.9672670849762097,1.0
288.831,141.24055555555555,3.0678166749556244,0.033162032720781935,-0.4299030061369611,11.03631999999999,139.49637,140.38751,142.71815,146.62543,135.58911,-0.018850499999999926,0.0,0.0,141.24055555555555,141.24055555555555,0.0,0.06701160036624472,0.13185653223806829,13.97668237107148,0.27534683268506654,0.9806801663926875,-0.09425249999999963,,0.0,,,0.0,0.0,0.10618106609933105,0.518708700920447,2.932015150931373,1.0
289.11988,140.62361777777778,2.9958352468747815,0.23022855772600298,-0.5143017624962738,10.693579999999997,138.87943,139.63348,142.23831,146.14559,135.45201,-0.023991750000000422,0.0,0.0,140.62361777777778,140.62361777777778,0.0,0.06683506355650605,0.13188970429420702,12.911593081512645,0.24320894246959585,0.9815117747781869,-0.11995875000000211,,0.0,,,0.0,0.0,0.10871701063225525,0.5268576747551996,2.8382942864499268,1.0
289.40877,140.3494211111111,2.836493362788497,0.30051697289909995,-0.7633200471619479,9.733899999999977,138.60524,139.77058,141.96412,145.5972,135.8633,-0.013709750000000298,0.0,0.0,140.3494211111111,140.3494211111111,0.0,0.06272135885341734,0.1266943312042283,12.407088133257986,0.17549460369121855,0.9860525770059531,-0.06854875000000149,,0.0,,,0.0,0.0,0.09263953557716595,0.6123728226947719,2.663141720730255,1.0
289.69765,139.91527888888888,2.8818400577194714,0.3505000721082541,-0.5617044387539005,10.145190000000014,138.05684,139.29074,141.41573,145.4601,135.31491,-0.011995999999999896,0.0,0.0,139.91527888888888,139.91527888888888,0.0,0.06360892201862504,0.1285165976370061,11.670789261225025,0.1888615984295865,0.9840752817462374,-0.05997999999999948,,0.0,,,0.0,0.0,0.08817150700160627,0.5697197030732457,2.7319154362015636,1.0
289.98653,140.0676088888889,2.826698994235124,0.165320713314875,-0.9080688587484493,9.528249999999986,138.05684,139.77058,141.96412,145.11735,135.5891,-0.013709750000000298,0.0,0.0,140.0676088888889,140.0676088888889,0.0,0.06285179537197928,0.12696654603595126,11.914039802736557,0.14852973024001048,0.987686725458226,-0.06854875000000149,,0.0,,,0.0,0.0,0.09157196781005679,0.6337559235162211,2.655948367109162,1.0
290.27542,139.85434777777778,2.767863682629127,0.2890664070974822,-0.967254375434055,9.116960000000006,137.43991,139.35929,141.62138,144.91171,135.79475,-0.00856874999999988,0.0,0.0,139.85434777777778,139.85434777777778,0.0,0.0625623734354898,0.12676249946449195,11.542662019134474,0.12822580633915984,0.9890131917677945,-0.0428437499999994,,0.0,,,0.0,0.0,0.09190447902774045,0.6442876711863376,2.606175124518877,1.0
290.5643,139.53445222222223,2.790468522706767,0.4177705371820508,-0.8524535426526083,9.048400000000015,136.82297,138.87945,141.14154,144.84315,135.79475,-0.011995999999999896,0.0,0.0,139.53445222222223,139.53445222222223,0.0,0.06345259164511306,0.12808630623012368,11.08298260793464,0.1270386618100236,0.9886674022419777,-0.05997999999999948,,0.0,,,0.0,0.0,0.09047036061672482,0.633418925844327,2.62701734480043,1.0
290.85318,139.54207000000002,2.71400085350433,0.1762795372748582,-1.1124528295629563,8.500020000000006,136.96007,139.15364,141.14154,144.29477,135.79475,0.0017137499999996919,0.0,0.0,139.54207000000002,139.54207000000002,0.0,0.05932386423472108,0.12416095004301234,10.927387514605975,0.09409798549933115,0.9914623137146459,0.00856874999999846,,0.0,,,0.0,0.0,0.0806442399283093,0.6922638067829642,2.587140650953791,1.0
291.14207,139.11554555555557,2.5910029629474494,0.09107123411554294,-1.2621114622598137,7.745990000000006,136.34313,138.94799,140.73025,143.40364,135.65765,-0.005141250000000497,0.0,0.0,139.11554555555557,139.11554555555557,0.0,0.05851141855521324,0.12289982528609804,10.229736528251138,0.05130030289901878,0.995010201418296,-0.025706250000002484,,0.0,,,0.0,0.0,0.07556698909620395,0.7802344492759237,2.4297774287814082,1.0
291.43095,138.00353555555552,2.74037716542454,0.08438284166587219,-1.231312471846009,8.431479999999993,135.45201,137.85121,139.77057,142.51251,134.08103,-0.00856874999999988,0.0,0.0,138.00353555555552,138.00353555555552,0.0,0.05963130801246383,0.12332479970393058,8.638914695231351,0.046589140203922116,0.9946359887479054,-0.0428437499999994,,0.0,,,0.0,0.0,0.07568360750045808,0.7806766091342949,2.555997272720582,1.0
291.71983,136.99054111111113,2.7360563890771514,-0.08571541640082003,-1.2143667888458765,8.568580000000026,134.69797,137.50847,138.74235,141.34719,132.77861,-0.0034279999999995425,0.0,0.0,136.99054111111113,136.99054111111113,0.0,0.05785416018703571,0.1192338278876616,7.194103269495925,0.02941708966434598,0.9959275964763311,-0.017139999999997713,,0.0,,,0.0,0.0,0.05600413814176229,0.8401301939556635,2.542096162112579,1.0
292.00872,135.82521444444444,2.709593264106509,-0.26235839547570516,-1.281413814353975,8.362930000000006,133.53265,137.30282,137.37137,139.77057,131.40764,-5.000000001587068e-07,0.0,0.0,135.82521444444444,135.82521444444444,0.0,0.0556860114759765,0.11341599185360512,5.711028199680743,0.012521218840568263,0.9978123332175955,-2.500000000793534e-06,,0.0,,,0.0,0.0,0.03596000069780116,0.9203580798854335,2.473503122932143,1.0
292.2976,135.34537444444445,2.6989743115244975,-0.362843011988706,-1.3534035468961476,7.951639999999998,133.05281,136.75441,137.57701,138.94799,130.99635,-0.00171449999999993,0.0,0.0,135.34537444444445,135.34537444444445,0.0,0.05608475210266193,0.11123190784914563,5.128686920890398,0.012236068274606897,0.9976198693502786,-0.00857249999999965,,0.0,,,0.0,0.0,0.05024613953106761,0.9214273122528323,2.4401090465345,1.0
292.58648,135.26921111111108,2.788763395284108,-0.28115588765413746,-1.1147444199313203,8.979860000000002,133.05281,136.68589,136.82298,139.49637,130.51651,0.0034269999999999357,0.0,0.0,135.26921111111108,135.26921111111108,0.0,0.055000908739846345,0.11188112898695712,5.0912955142896035,0.018611292107989515,0.9963578020279501,0.01713499999999968,,0.0,,,0.0,0.0,0.03648343061254272,0.8762718425839756,2.5700543777781353,1.0
292.87537,135.0559488888889,2.955774155248013,-0.4001974289521104,-0.919800056684672,9.733900000000006,133.39555,136.41169,136.82299,139.42782,129.69392,-0.005141499999999866,0.0,0.0,135.0559488888889,135.0559488888889,0.0,0.05861193318248701,0.1161848027943188,4.907148655479864,0.03362999277425807,0.9931933820015473,-0.025707499999999328,,0.0,,,0.0,0.0,0.041288091678705195,0.8241188206143258,2.73132926897334,1.0
293.16425,134.6141888888889,2.8994199373761513,-0.4289322535528478,-0.9541800271306813,9.459699999999998,133.0528,136.00039,136.48023,138.81088,129.35118,0.005140750000000338,0.0,0.0,134.6141888888889,134.6141888888889,0.0,0.057602930894466726,0.11441830402147714,4.363517262029195,0.028078260458971372,0.9936063646083636,0.02570375000000169,,0.0,,,0.0,0.0,0.04253230160690991,0.8195746267824525,2.705979892373391,1.0
293.45313,134.7360522222222,2.847145001067939,-0.4858447981896307,-1.0091992687465694,8.979849999999999,133.1899,135.93184,137.02862,138.60523,129.62538,0.02399149999999963,0.0,0.0,134.7360522222222,134.7360522222222,0.0,0.05401096478319158,0.11182689409884847,4.35649789122613,0.021786749062915597,0.9950239075454492,0.11995749999999816,,0.0,,,0.0,0.0,0.0403562550926999,0.8339156685626473,2.7273724198146057,1.0
293.74202,134.91885,2.726622501496434,-0.47064826359215683,-1.2689938133865906,7.8145199999999875,132.77861,136.06896,137.30282,138.33103,130.51651,0.032560000000000144,0.0,0.0,134.91885,134.91885,0.0,0.05020670734165282,0.107521231341967,4.463366655432171,0.007383307009589941,0.9983485305213999,0.16280000000000072,,0.0,,,0.0,0.0,0.03210528695139318,0.9316081188437718,2.624167047567945,1.0
294.0309,135.10926444444442,2.616244013182559,-0.5057971683739231,-1.2969192257806665,7.129040000000003,132.98426,136.20605,137.57701,138.05684,130.9278,0.034273999999999916,0.0,0.0,135.10926444444442,135.10926444444442,0.0,0.051088934226986814,0.11016150187874622,4.585510547189298,0.006209402072624438,0.9986476958000265,0.17136999999999958,,0.0,,,0.0,0.0,0.024169463429046315,0.9426035325839741,2.5275297053589503,1.0
294.31978,135.52817111111113,2.4754444021559885,-0.3709311895076306,-1.3040810010099344,7.060489999999987,133.39555,136.20605,137.78265,138.81088,131.75039,0.039414999999999624,0.0,0.0,135.52817111111113,135.52817111111113,0.0,0.04738236389728051,0.10625475662997469,4.991364949381365,0.004658667425728795,0.999067524919225,0.1970749999999981,,0.0,,,0.0,0.0,0.02043286194623238,0.9567217176958367,2.4069773152106286,1.0
294.60866,136.4345377777778,2.4787261421086533,-0.3703937961090533,-1.149890337353903,7.471789999999999,134.62942,137.09719,138.60525,139.90766,132.43587,0.04112849999999994,0.0,0.0,136.4345377777778,136.4345377777778,0.0,0.047536040277884536,0.10825463719747233,6.004578047040172,0.012667067951199772,0.9978948725190818,0.20564249999999973,,0.0,,,0.0,0.0,0.021491750532057752,0.9183382662397938,2.4339456470291436,1.0
294.89755,138.17109888888888,2.4090797742312056,-0.4449933400367137,-1.0841856864388224,7.26615000000001,136.61733,138.81088,140.52461,141.21009,133.94394,0.04112849999999994,0.0,0.0,138.17109888888888,138.17109888888888,0.0,0.04843855805089672,0.1099776911236175,8.222602492473245,0.017865854010666198,0.9978319370502683,0.20564249999999973,,0.0,,,0.0,0.0,0.02701319585021709,0.9173663755528867,2.3691895702387815,1.0
295.18643,140.77594555555555,2.368426870834597,-0.3076255944617507,-1.0532912658169005,7.403249999999986,139.35927,141.00443,142.78671,144.22623,136.82298,0.039414750000000255,0.0,0.0,140.77594555555555,140.77594555555555,0.0,0.05022699466226949,0.1137975649012198,12.387463068238143,0.06562327985949769,0.9947303601593516,0.19707375000000127,,0.0,,,0.0,0.0,0.048089000236442525,0.7838076382014401,2.3400097795502073,1.0
295.47531,142.9847311111111,2.4403976922690473,-0.2593902348947637,-0.9821174797654608,7.67743999999999,141.82701,143.19799,144.84316,146.48833,138.81089,0.05997950000000003,0.0,0.0,142.9847311111111,142.9847311111111,0.0,0.0489488849611713,0.11240630055764284,16.458625303649583,0.12008498116637592,0.9927566753262085,0.29989750000000015,,0.0,,,0.0,0.0,0.04773062364458164,0.7158752530675379,2.4308779342145783,1.0
295.7642,144.9117077777778,2.2794605860684465,-0.22290844592049083,-1.0129818760016696,6.991950000000003,143.88347,145.25445,146.55687,148.06495,141.073,0.06512074999999981,0.0,0.0,144.9117077777778,144.9117077777778,0.0,0.048218196519753675,0.11132217001803389,20.43481234698293,0.13661931816110198,0.9933587841388831,0.3256037499999991,,0.0,,,0.0,0.0,0.04921738793707142,0.7289446000360327,2.273679060131292,1.0
296.05308,146.3207611111111,2.3691121195711227,-0.2587120136489586,-0.9744626768732627,7.540340000000015,145.11734,146.35123,148.13349,149.77866,142.23832,0.0668347500000003,0.0,0.0,146.3207611111111,146.3207611111111,0.0,0.04958137901178342,0.11320136773630321,23.874375335568637,0.20557520595466866,0.9914628061341189,0.3341737500000015,,0.0,,,0.0,0.0,0.03508698117735847,0.6900329450057581,2.3603522757879003,1.0
296.34196,147.96592555555557,2.447377146452963,-0.19365224008864834,-0.9516775464623626,7.814529999999991,146.96815,147.9964,149.91575,151.62947,143.81494,0.07026225000000039,0.0,0.0,147.96592555555557,147.96592555555557,0.0,0.05160297829931986,0.11644806576765156,27.922021334928857,0.2975692339722603,0.9894552249670434,0.35131125000000196,,0.0,,,0.0,0.0,0.06759835632848392,0.6169031714869376,2.4473327080763347,1.0
296.63085,148.9256077777778,2.4858991987867136,-0.08676257802387548,-1.006828277111375,7.814530000000019,147.99639,148.81898,150.87543,152.6577,144.84317,0.08054449999999988,0.0,0.0,148.9256077777778,148.9256077777778,0.0,0.0517542558523388,0.11640930910736558,30.44119777314473,0.3403733359387573,0.9889423013909382,0.40272249999999943,,0.0,,,0.0,0.0,0.07566451604399212,0.5969344149191451,2.483235694861074,1.0
296.91973,149.62632666666667,2.406213171322204,-0.2946726317454979,-0.7235430661820765,7.951630000000023,148.81897,149.23027,151.42383,153.06899,145.11736,0.08397199999999998,0.0,0.0,149.62632666666667,149.62632666666667,0.0,0.05181872415215166,0.11715797959558623,32.10982086247126,0.3648288149790483,0.988765735159531,0.4198599999999999,,0.0,,,0.0,0.0,0.06205752731404541,0.5870812682985629,2.39708097008965,1.0
297.20861,150.15186777777777,2.4719967784264276,-0.4089944909896577,-0.5485583744865079,8.294370000000015,149.23026,149.77865,152.04077,153.54883,145.25446,0.0942540000000001,0.0,0.0,150.15186777777777,150.15186777777777,0.0,0.05246253377440815,0.11811130350790676,33.439792799470865,0.405848723461254,0.9880088334775669,0.4712700000000005,,0.0,,,0.0,0.0,0.05515289959541183,0.5619566432302061,2.4502155283248017,1.0
297.4975,151.14962888888888,2.3781056704932375,-0.344472542983065,-0.7819169176825866,7.745990000000006,150.12139,150.73833,153.20609,154.37142,146.62543,0.08739925,0.0,0.0,151.14962888888888,151.14962888888888,0.0,0.052075335343077477,0.11750735308127827,36.44302107685088,0.4094153210896057,0.9888904137363527,0.43699625,,0.0,,,0.0,0.0,0.06448689770434261,0.5931758869880531,2.3632400848167503,1.0
297.78638,151.99506333333335,2.3602545771072156,-0.3359142202319719,-0.7808301383270564,7.745980000000003,151.08107,151.42382,154.16577,155.26255,147.51657,0.08054449999999988,0.0,0.0,151.99506333333335,151.99506333333335,0.0,0.05283877140521911,0.11822071180815995,39.10061297903947,0.454276259677507,0.9885152943537583,0.40272249999999943,,0.0,,,0.0,0.0,0.07655586832919323,0.5893301647622924,2.349583152716432,1.0
298.07526,152.23117444444443,2.476574316134245,-0.2993962311897407,-0.81144690175298,8.225840000000005,151.08107,151.69801,154.64561,155.81095,147.58511,0.07540349999999947,0.0,0.0,152.23117444444443,152.23117444444443,0.0,0.05481975513542798,0.12007485267832341,39.8911840645824,0.5296764516583887,0.9868959630004843,0.37701749999999734,,0.0,,,0.0,0.0,0.09991054479586668,0.5497276082730268,2.4623029590854153,1.0
298.36415,152.4749011111111,2.5022066497813236,-0.3267820072096379,-0.7829310574879464,8.294389999999993,151.35527,152.38349,154.85125,156.08514,147.79075,0.0771170000000005,0.0,0.0,152.4749011111111,152.4749011111111,0.0,0.05446909328133625,0.11915290173109631,40.652458322182426,0.5515255216804462,0.9866147524989564,0.3855850000000025,,0.0,,,0.0,0.0,0.09979339728739184,0.5504088803401993,2.4887050117316076,1.0
298.65303,152.16262555555556,2.499028962813406,-0.45171183626002837,-0.6784192055441913,8.225840000000005,151.28671,152.2464,154.64561,155.53675,147.31091,0.08054449999999988,0.0,0.0,152.16262555555556,152.16262555555556,0.0,0.05364777646046394,0.11802679522672083,39.53838878566794,0.5152739560763232,0.987135409825129,0.40272249999999943,,0.0,,,0.0,0.0,0.09006291170632595,0.5675545683132822,2.4839250567452176,1.0
298.94191,151.1724788888889,2.537227021036259,-0.4793429104224227,-0.638389374093602,8.294389999999993,150.53267,151.14962,153.75448,154.50852,146.21413,0.08054474999999997,0.0,0.0,151.1724788888889,151.1724788888889,0.0,0.05309443160900831,0.11717471897417792,36.592034530335944,0.45990762892635195,0.9875874892860335,0.4027237499999998,,0.0,,,0.0,0.0,0.08268439960108795,0.5859544704328237,2.5292850547643075,1.0
299.2308,148.95607666666666,2.4917542663976957,-0.23209601929843432,-0.962368119029255,8.088740000000001,147.79073,149.16171,151.28673,152.65771,144.56897,0.08397225000000005,0.0,0.0,148.95607666666666,148.95607666666666,0.0,0.05258291122410021,0.11650480313421058,30.13746482059267,0.3849407718937668,0.9873882557904524,0.4198612500000003,,0.0,,,0.0,0.0,0.08259202315753604,0.5593248898418901,2.469753496852993,1.0
299.51968,145.67336333333333,2.539991455545555,-0.1972453385956698,-0.8735928173861631,8.431479999999993,144.3633,145.73429,148.06495,149.50447,141.07299,0.08054474999999997,0.0,0.0,145.67336333333333,145.67336333333333,0.0,0.05242478401034276,0.11625245734882707,21.875248905703263,0.27419784356068666,0.987620555639,0.4027237499999998,,0.0,,,0.0,0.0,0.0839268879763723,0.5594990461108706,2.5251322951683197,1.0
299.80856,142.70292333333333,2.5365663125484335,-0.31789175014784216,-0.63838532779417,8.705690000000004,141.48426,142.6496,144.63751,146.55689,137.8512,0.0651209999999999,0.0,0.0,142.70292333333333,142.70292333333333,0.0,0.05338253583396021,0.11789221341216648,15.519475736697355,0.19219261767165524,0.9877675232549707,0.3256049999999995,,0.0,,,0.0,0.0,0.0740923587255961,0.5524124255393222,2.528854656427125,1.0
300.09745,140.26563777777778,2.577605889165706,-0.19064921263501988,-0.8558075258989684,8.705690000000004,138.60522,139.83911,142.44395,144.29478,135.58909,0.06854824999999991,0.0,0.0,140.26563777777778,140.26563777777778,0.0,0.05339357038566322,0.11922569602913698,11.09104858940386,0.13447255901636607,0.9880208181573741,0.34274124999999955,,0.0,,,0.0,0.0,0.07635982053162459,0.49852222322670914,2.561008819647901,1.0
300.38633,138.4909933333333,2.612855425570523,-0.2470580205125248,-0.8836055306537611,8.774219999999985,136.27459,138.46813,140.59315,142.51251,133.73829,0.0634072500000002,0.0,0.0,138.4909933333333,138.4909933333333,0.0,0.05574590966953167,0.12314924970103,8.24809577658823,0.10956685393984252,0.9868902516310821,0.317036250000001,,0.0,,,0.0,0.0,0.09267760714935888,0.36293392194106394,2.5818724496525363,1.0
300.67521,136.13749222222225,2.4755686675894544,-0.16546319663984108,-0.7758235670664053,8.50003000000001,134.21813,135.86329,138.19395,140.11331,131.61328,0.0634072500000002,0.0,0.0,136.13749222222225,136.13749222222225,0.0,0.05234898708904465,0.1204908885895855,5.241108984359831,0.05169030711282416,0.9902338433095079,0.317036250000001,,0.0,,,0.0,0.0,0.07314079118166152,0.3999808662728539,2.45421049512135,1.0
300.9641,134.54564111111108,2.4460286427887974,-0.13204374292180682,-0.901114308632899,8.225840000000005,132.57297,134.08104,136.82297,138.3996,130.17376,0.06854824999999991,0.0,0.0,134.54564111111108,134.54564111111108,0.0,0.04970901381895797,0.11928533252403342,3.572119492518814,0.026914166453457775,0.9925218352749734,0.34274124999999955,,0.0,,,0.0,0.0,0.06664772008289391,0.35320698267935835,2.4207091010245354,1.0
301.25298,133.63165777777778,2.398249465537445,-0.09917422438178602,-1.0915714524736078,7.746000000000009,131.75037,133.39555,136.00039,137.30282,129.55682,0.06512100000000061,0.0,0.0,133.63165777777778,133.63165777777778,0.0,0.049049082818957444,0.12072960488121606,2.7843046683780504,0.017174201471596717,0.9938695944646174,0.32560500000000303,,0.0,,,0.0,0.0,0.06151480904009109,0.3063865378920125,2.3821654773073386,1.0
301.54186,133.15181777777778,2.302508165500193,-0.07434221394796696,-1.0873800128823101,7.471800000000002,131.13343,133.25846,135.31491,136.75443,129.28263,0.05483849999999961,0.0,0.0,133.15181777777778,133.15181777777778,0.0,0.05304616044845534,0.12683278957622296,2.408802218361819,0.013659593029780204,0.9943612761757555,0.27419249999999806,,0.0,,,0.0,0.0,0.06449807015128778,0.18129674569030815,2.291854522606836,1.0
301.83075,132.23022222222224,2.4575751142890514,-0.2785090715004064,-0.9674893547028773,8.088740000000001,130.24231,132.43588,134.35523,135.93185,127.84311,0.05141100000000023,0.0,0.0,132.23022222222224,132.23022222222224,0.0,0.06250730986927427,0.1386729134813109,1.7224708811695886,0.02030554635192864,0.9883487370324139,0.25705500000000114,,0.0,,,0.0,0.0,0.08048734312363745,-0.2604124482741395,2.4306438316661203,1.0
302.11963,132.4282511111111,2.440188664757267,-0.2906464280102872,-0.6997149647925256,8.431479999999993,130.6536,132.36733,134.42379,136.27459,127.84311,0.05483849999999961,0.0,0.0,132.4282511111111,132.4282511111111,0.0,0.05668795055825508,0.13013662260416164,1.8515908662980798,0.016611290492473948,0.9911084084068708,0.27419249999999806,,0.0,,,0.0,0.0,0.06339775776272209,-0.04083112683125702,2.413943016311863,1.0
302.40851,132.9537888888889,2.359399572195554,-0.25714693341274697,-0.720232667958348,8.157290000000017,131.06489,132.98427,134.83507,136.75443,128.59714,0.049697249999999825,0.0,0.0,132.9537888888889,132.9537888888889,0.0,0.05413046626543952,0.12560355895012665,2.239789976086712,0.015727401351747307,0.993027142416029,0.24848624999999913,,0.0,,,0.0,0.0,0.05392051071734306,0.18251773139804756,2.345076208227549,1.0
302.6974,133.21275000000003,2.326392948942391,-0.22293171768563683,-0.5950563270532183,8.225830000000002,131.27054,133.25846,135.04071,137.09717,128.87134,0.04455624999999941,0.0,0.0,133.21275000000003,133.21275000000003,0.0,0.05516711420261348,0.12640965576763322,2.445541850088123,0.017015991748896793,0.9930901148557337,0.22278124999999704,,0.0,,,0.0,0.0,0.056161335149709966,0.24120077942954174,2.31439290939494,1.0
302.98628,133.51741,2.304245430832205,-0.04396866409920044,-0.7838475675461103,7.951639999999998,131.40763,133.66975,135.10927,137.50847,129.55683,0.04626999999999981,0.0,0.0,133.51741,133.51741,0.0,0.05410987162971492,0.12630980601778138,2.7063407177742844,0.016850001257368172,0.9938124049707612,0.23134999999999906,,0.0,,,0.0,0.0,0.06260640131831566,0.24424674017046843,2.2892407759947444,1.0
303.27516,133.40316222222222,2.1938978313584907,0.029832628452770592,-0.9732395812149433,7.197599999999994,131.27053,133.60121,134.69797,137.16572,129.96812,0.051410749999999436,0.0,0.0,133.40316222222222,133.40316222222222,0.0,0.05605026214760072,0.12709229149090992,2.5745507058456965,0.011412678646641892,0.9955866820022894,0.2570537499999972,,0.0,,,0.0,0.0,0.07039242151366143,0.18670035754522574,2.1641804539755594,1.0
303.56405,133.69258777777776,2.166732850700838,-0.024383775487410452,-0.958604521168068,7.197599999999994,131.68182,133.94395,135.04071,137.30282,130.10522,0.05141075000000015,0.0,0.0,133.69258777777776,133.69258777777776,0.0,0.053890500237586306,0.12543192231122582,2.8067261470381792,0.009175769773093867,0.9967414454963833,0.25705375000000075,,0.0,,,0.0,0.0,0.06594933320863257,0.26668228570225666,2.1431842800234246,1.0
303.85293,133.3879277777778,2.115879302364112,-0.22770365472598636,-1.00680323560499,6.854849999999999,131.47619,133.7383,134.76652,136.54878,129.69393,0.051410749999999436,0.0,0.0,133.3879277777778,133.3879277777778,0.0,0.054568133934523304,0.12732051226462762,2.5165876991753793,0.009187314689242233,0.9963625759466117,0.2570537499999972,,0.0,,,0.0,0.0,0.061308485475070035,0.14383492938545472,2.091307102582697,1.0
304.14181,133.70782,2.128100600593042,-0.05899607749585163,-1.3220303353422926,6.3064600000000155,131.33908,134.08104,135.17781,136.96007,130.65361,0.05141100000000023,0.0,0.0,133.70782,133.70782,0.0,0.058364133099079146,0.13253355464060437,2.7933114447172525,0.015851841581989354,0.994357094954666,0.25705500000000114,,0.0,,,0.0,0.0,0.08012876644043225,-0.01244069758814583,2.094337124178187,1.0
304.4307,133.98963333333333,2.2228727736422544,-0.16461944480259472,-1.2282074182390335,6.854849999999999,131.54473,134.49233,135.58911,137.37136,130.51651,0.04626999999999981,0.0,0.0,133.98963333333333,133.98963333333333,0.0,0.058726852812484305,0.13247757130006718,3.0496050948424287,0.018179497286736974,0.9940740632726344,0.23134999999999906,,0.0,,,0.0,0.0,0.0837254375914749,0.029290849126945524,2.1999247228281242,1.0
304.71958,133.71543888888888,2.297939121311602,-0.2945560895812081,-1.3021131506219303,6.786300000000011,131.13344,134.28668,135.38346,136.82297,130.03667,0.05141125000000031,0.0,0.0,133.71543888888888,133.71543888888888,0.0,0.060380726394739556,0.13669040478494873,2.7722756446990284,0.021982075429258507,0.9921331252410525,0.25705625000000154,,0.0,,,0.0,0.0,0.08891059756925787,-0.25852777228781293,2.2610617362076804,1.0
305.00846,134.7588988888889,2.0995328818120194,-0.3304323992146495,-1.2467767386481505,6.100819999999999,132.71005,135.17781,136.06895,137.43991,131.33909,0.04455625000000012,0.0,0.0,134.7588988888889,134.7588988888889,0.0,0.058894324658719334,0.13172049780381515,3.6872017089892037,0.016671307634184295,0.995498952674967,0.2227812500000006,,0.0,,,0.0,0.0,0.08542788324665221,0.08855108345199626,2.076998328338476,1.0
305.29735,135.39107,2.193421636758425,-0.40568920565162225,-1.3610264987713507,6.3064600000000155,132.98425,135.86329,136.96008,138.26249,131.95603,0.02399174999999971,0.0,0.0,135.39107,135.39107,0.0,0.06459068119359218,0.13733301897498779,4.393180998323087,0.02888751289023103,0.993467420752002,0.11995874999999856,,0.0,,,0.0,0.0,0.10930363213954719,0.06269891719810594,2.1852819471961733,1.0
305.58623,135.42915222222223,2.2345849912469595,-0.3561141941472961,-1.437465605078802,6.237909999999999,132.84715,136.06894,137.09717,138.33104,132.09313,0.02399174999999971,0.0,0.0,135.42915222222223,135.42915222222223,0.0,0.06671313427445008,0.13868479302909278,4.449001105285351,0.03316936530260042,0.9925997090874793,0.11995874999999856,,0.0,,,0.0,0.0,0.1172696612194584,0.026454156327335394,2.228687493362378,1.0
305.87511,135.3758366666667,2.2391233608813157,-0.4587781374040036,-1.4342417568991983,5.963729999999998,132.84715,136.00039,137.16572,137.9883,132.02457,0.027419249999999805,0.0,0.0,135.3758366666667,135.3758366666667,0.0,0.06672618433175156,0.14060530113966338,4.354819268070461,0.041344972572628765,0.9905952165550483,0.13709624999999903,,0.0,,,0.0,0.0,0.11332773377007488,-0.09535300542994768,2.2290277253565383,1.0
306.164,135.22350666666665,2.172750674953559,-0.4241326773597021,-1.3022228842870416,6.306480000000022,132.84715,135.52055,137.09717,137.85121,131.54473,0.025705750000000194,0.0,0.0,135.22350666666665,135.22350666666665,0.0,0.068202850501213,0.141495016063765,4.265982314758216,0.04501285347628615,0.9895585933598539,0.12852875000000097,,0.0,,,0.0,0.0,0.10913607002537967,-0.04799602920389305,2.1702962790297575,1.0
306.45288,134.31714111111108,2.3816427394060224,-0.4589126943628727,-1.2775839122306978,6.92340999999999,131.88748,134.62942,136.13749,137.16572,130.24231,0.022278750000000257,0.0,0.0,134.31714111111108,134.31714111111108,0.0,0.07755161589603125,0.15054378481701722,3.4347463262522364,0.0569710795209779,0.9836839374443218,0.11139375000000129,,0.0,,,0.0,0.0,0.12895071523669493,-0.3527225049216404,2.3782624041774163,1.0
306.74176,133.67735444444443,2.367645988600452,-0.3621715124947777,-1.2472553198722016,6.854860000000002,131.68183,134.14958,135.1778,136.68588,129.83102,0.032561000000000465,0.0,0.0,133.67735444444443,133.67735444444443,0.0,0.08137972907256134,0.1528517226112875,2.8653126583544974,0.049933028475852584,0.9828717597286182,0.1628050000000023,,0.0,,,0.0,0.0,0.13317268151988748,-0.44035560537663915,2.3506491055578818,1.0
307.03065,133.15181555555557,2.322372381720954,-0.40714549891581003,-1.1643146735317669,6.923410000000018,131.20199,133.53264,134.69797,136.0004,129.07699,0.032561000000000465,0.0,0.0,133.15181555555557,133.15181555555557,0.0,0.08401256852997013,0.1563987463237943,2.44329362193955,0.0620573027314069,0.9752300956253942,0.1628050000000023,,0.0,,,0.0,0.0,0.12028564993337537,-0.5506332682380767,2.314924628513553,1.0
307.31953,132.64912555555554,2.1668403139497867,-0.35979304385742467,-1.2348123518010483,6.443569999999994,130.72215,132.50441,134.42378,135.31491,128.87134,0.027419749999999965,0.0,0.0,132.64912555555554,132.64912555555554,0.0,0.08831285877671764,0.15982008254033375,2.0627025405624586,0.07627809652214443,0.9643390429552723,0.13709874999999982,,0.0,,,0.0,0.0,0.10920010567926706,-0.5661315532072693,2.166259943413491,1.0
307.60841,132.35970111111112,2.247039633633772,-0.3964310859922092,-1.293264629592145,6.51212000000001,130.03667,132.57297,134.42378,134.97217,128.46005,0.01713774999999984,0.0,0.0,132.35970111111112,132.35970111111112,0.0,0.0895402487660875,0.16172247855546107,1.899658218038633,0.07037063102918817,0.9642793905485628,0.0856887499999992,,0.0,,,0.0,0.0,0.1085586466871598,-0.600821633334949,2.246660166985832,1.0
307.8973,132.01695777777778,2.2189832129843103,-0.2878107202206411,-1.3665567831778833,6.443569999999994,129.76247,132.09313,133.87539,134.83507,128.3915,0.025706000000000274,0.0,0.0,132.01695777777778,132.01695777777778,0.0,0.09003259098478406,0.16148679360966617,1.6612861595655104,0.061912508294389254,0.9640711720908608,0.12853000000000137,,0.0,,,0.0,0.0,0.10641720519939395,-0.5870078426498664,2.2183477862825054,1.0
308.18618,132.58819555555556,2.2018221681553323,-0.2393950951653972,-1.2263698770269442,6.580680000000001,131.06489,132.36732,134.14959,135.58911,129.00843,0.03084725000000006,0.0,0.0,132.58819555555556,132.58819555555556,0.0,0.08807450435641548,0.1567499615400173,2.0595191000908795,0.05939420281914199,0.9719694983108702,0.1542362500000003,,0.0,,,0.0,0.0,0.11553955081461162,-0.4096572778164367,2.198814578331689,1.0
308.47506,132.64151222222225,2.1329779896076317,0.04538839393460826,-1.532910054961163,5.826639999999998,130.44796,132.6415,134.08103,135.58911,129.76247,0.034274500000000076,0.0,0.0,132.64151222222225,132.64151222222225,0.0,0.08268731592274878,0.15003165036080757,2.086666135065318,0.04144795507691631,0.9805236216578038,0.17137250000000037,,0.0,,,0.0,0.0,0.10546583895412424,-0.22417226089385778,2.13287802894037,1.0
308.76395,132.84715888888888,1.9530681663841674,0.10650884454689091,-1.5265156477342638,5.4153499999999894,130.99635,132.6415,134.21813,135.65766,130.24231,0.035988249999999763,0.0,0.0,132.84715888888888,132.84715888888888,0.0,0.08048740467562818,0.14819508159742667,2.1982219525246913,0.04968552073724593,0.9778969902337942,0.17994124999999883,,0.0,,,0.0,0.0,0.09954090342255074,-0.17125412737483064,1.9528453944287378,1.0
309.05283,133.17466777777778,1.9522075492163484,0.18485709614779766,-1.515748097908104,5.4839000000000055,131.27055,132.57295,134.56087,136.06895,130.58505,0.037702000000000166,0.0,0.0,133.17466777777778,133.17466777777778,0.0,0.07470124581192904,0.14283719615068893,2.4605666299796427,0.03998783948020718,0.9840084109076633,0.18851000000000084,,0.0,,,0.0,0.0,0.09440062411182722,-0.037727741062312824,1.9520983227945516,1.0
309.34171,132.6415088888889,2.116514273393057,0.22856978666797684,-1.4730629443850003,5.826629999999994,130.58506,131.81893,134.14958,135.86329,130.03666,0.03941574999999986,0.0,0.0,132.6415088888889,132.6415088888889,0.0,0.07178115018546326,0.1399794764504079,2.108906421019424,0.01908658393251788,0.9910307111032763,0.1970787499999993,,0.0,,,0.0,0.0,0.08995177896467033,0.0489992320442853,2.116440272354141,1.0
309.6306,132.2378322222222,2.0940603694193807,0.4684662809654872,-1.2719074787995865,5.826639999999998,130.44796,131.20199,133.46409,135.65765,129.83101,0.05655325000000033,0.0,0.0,132.2378322222222,132.2378322222222,0.0,0.06507840425933517,0.13080684816233595,1.8218592596980243,0.01621775681607216,0.9911767805323268,0.28276625000000166,,0.0,,,0.0,0.0,0.06968776241638858,0.21510331552494036,2.0935927777534826,1.0
309.91948,132.33684888888885,1.903004134347374,0.6333398103552612,-1.0947632623778791,5.209699999999998,130.51651,131.47619,133.25845,135.65765,130.44795,0.058266749999999944,0.0,0.0,132.33684888888885,132.33684888888885,0.0,0.06276397084044945,0.12669494015948934,1.860253024672417,0.01871860860160344,0.9900378439093352,0.2913337499999997,,0.0,,,0.0,0.0,0.06303307478202247,0.3025858064505034,1.89915689598917,1.0
310.20836,131.72752888888888,1.958675143398072,0.6343626728468881,-1.0817160897341749,5.552450000000022,130.31085,130.65361,132.64151,135.24636,129.69391,0.051411750000000464,0.0,0.0,131.72752888888888,131.72752888888888,0.0,0.06791875580039926,0.12920271478632075,1.509469884658642,0.019459800299029936,0.9872722724993754,0.25705875000000233,,0.0,,,0.0,0.0,0.0708416218558734,0.3100388997191896,1.9578730624232252,1.0
310.49725,131.69706444444444,2.0518300107200322,0.6566090051795651,-0.9213507648320682,6.237940000000009,130.44795,130.51651,132.50442,135.45201,129.21407,0.059980500000000346,0.0,0.0,131.69706444444444,131.69706444444444,0.0,0.062344738676455444,0.12168677379118116,1.480866652661625,0.01133162942617106,0.9924060832521819,0.29990250000000174,,0.0,,,0.0,0.0,0.06520902560195523,0.3881122695297623,2.048086011692305,1.0
310.78613,130.72976666666668,1.8898787154147698,0.6228062664877819,-1.0625549637500686,5.4839000000000055,129.41973,129.69391,131.54474,133.94394,128.46004,0.059980249999999555,0.0,0.0,130.72976666666668,130.72976666666668,0.0,0.0700615373996036,0.12765991303845267,0.9374381790327795,0.03715174993515208,0.9618796081027813,0.2999012499999978,,0.0,,,0.0,0.0,0.05715714726516999,0.25425689046433697,1.887215500174005,1.0
311.07501,129.95288222222223,1.8261837555391456,0.5723761262555037,-1.1328960982290488,5.209690000000009,128.59715,129.00844,130.99635,132.98425,127.77456,0.06683500000000038,0.0,0.0,129.95288222222223,129.95288222222223,0.0,0.09447218535783325,0.14522871951760108,0.5864381750512861,0.06631782478448328,0.8984033468998999,0.3341750000000019,,0.0,,,0.0,0.0,0.04698323890190182,0.10456582795391599,1.8175866224144723,1.0
311.3639,129.4197233333333,1.920180000596008,0.7174732806908668,-0.8914743976684396,5.415360000000007,128.32293,128.46005,130.10521,132.71007,127.29471,0.07540374999999955,0.0,0.0,129.4197233333333,129.4197233333333,0.0,0.09618723042641358,0.1405715407559777,0.4290675979367451,0.05153088867632059,0.8927776715887031,0.37701874999999774,,0.0,,,0.0,0.0,0.04746319118347821,0.2583093835253204,1.892564366627697,1.0
311.65278,129.3511777777778,2.026792088963237,0.6833168857929582,-0.8632993253566159,5.963729999999998,127.91165,129.07699,129.89957,132.84715,126.88342,0.08568574999999967,0.0,0.0,129.3511777777778,129.3511777777778,0.0,0.09407143264633169,0.13885581962109955,0.39456918299718,0.04417496460577722,0.899314976764807,0.42842874999999836,,0.0,,,0.0,0.0,0.044894947929077327,0.2726702739445597,1.9785602961538864,1.0
311.94166,129.14552888888886,1.9798813463069755,0.5866277093806549,-0.8840831532068503,5.963719999999995,127.84311,129.14553,129.69392,132.57295,126.60923,0.0856854999999996,0.0,0.0,129.14552888888886,129.14552888888886,0.0,0.10504714241316723,0.14310418681781453,0.3322814380139102,0.05322410143876399,0.8619368696996593,0.42842749999999796,,0.0,,,0.0,0.0,0.04384002417614773,0.28874819976624977,1.9121927905674245,1.0
312.23055,129.08459777777776,1.883790090610937,0.56151150276299,-0.8508190968818901,5.826630000000009,127.50035,129.21409,129.76247,132.6415,126.81487,0.08225825000000028,0.0,0.0,129.08459777777776,129.08459777777776,0.0,0.1295700005134856,0.1582940682081089,0.3014257842962571,0.09372795728634276,0.762806352314315,0.41129125000000144,,0.0,,,0.0,0.0,0.050019838378214956,0.07201413740585962,1.8133485931390398,1.0
312.51943,129.22169555555556,1.8620470478965465,0.31125312698547847,-0.5919111576827056,6.512119999999996,128.04876,129.55682,129.76247,132.71005,126.19793,0.0788307500000002,0.0,0.0,129.22169555555556,129.22169555555556,0.0,0.12111944598773153,0.1523891104861778,0.31973209852158063,0.08559763733295336,0.7888197439268189,0.39415375000000097,,0.0,,,0.0,0.0,0.04861293409201464,0.10857512695216053,1.8094291592137153,1.0
312.80831,128.6809211111111,1.8905235827642142,0.18723353412856397,-0.9047875902200864,6.375019999999992,127.08907,128.73423,130.03667,132.09311,125.71809,0.08397199999999998,0.0,0.0,128.6809211111111,128.6809211111111,0.0,0.1538602320748401,0.16150326438621562,0.19998275706532206,0.12386343726355832,0.6175238755483974,0.4198599999999999,,0.0,,,0.0,0.0,0.034818363804092256,0.08113284099741,1.7701853762204391,1.0
313.0972,128.07921777777779,2.006370888466022,0.1434665019689861,-1.1150974738446604,6.512119999999982,126.33504,128.11729,129.62538,131.54473,125.03261,0.08568599999999975,0.0,0.0,128.07921777777779,128.07921777777779,0.0,0.17856270017691375,0.16247432604658785,0.12334152637770865,0.12769181913768204,0.49133522909215716,0.42842999999999876,,0.0,,,0.0,0.0,0.030624500476101782,0.08620918809405052,1.8902837980972442,1.0
313.38608,127.49274666666666,1.8258051410207423,0.3096051652227545,-0.9390089747691115,5.895179999999996,125.7181,127.43181,128.5286,130.85924,124.96406,0.08568575000000003,0.0,0.0,127.49274666666666,127.49274666666666,0.1111111111111111,0.2135252103489502,0.15362268533715281,0.10057861818901208,0.15427448703135727,0.3946532967003767,0.42842875000000014,,0.0,,,0.0,0.0,0.030660041436231196,0.12553414783071243,1.6974139936843227,1.0
313.67496,127.19570444444444,1.9447933395271386,0.35563979189839146,-0.8182934382421028,6.306459999999987,125.3068,127.22616,128.46005,130.92779,124.62133,0.09254074999999987,0.0,0.0,127.19570444444444,127.19570444444444,0.1111111111111111,0.24704629499066705,0.1456066767243982,0.13571875779600745,0.22886005817222782,0.37226177664312254,0.4627037499999993,,0.0,,,0.0,0.0,0.04533115825426561,0.06260819913195637,1.7362758006240897,1.0
313.96385,127.08906999999999,1.859954418635038,0.4809677530663052,-0.4579698334058784,6.375,125.4439,127.15761,128.04875,130.85923,124.48423,0.09254049999999978,0.0,0.0,127.08906999999999,127.08906999999999,0.1111111111111111,0.25503639669724476,0.13809730749503898,0.1632616701426181,0.2644322376895357,0.38172549834054853,0.4627024999999989,,0.0,,,0.0,0.0,0.04812354623267422,0.08198769482245412,1.6162841770632448,1.0
314.25273,126.69301222222222,1.8902448363507336,0.36225301558417605,-0.7056253945182287,6.100819999999999,124.96406,126.95197,127.63747,130.37939,124.27857,0.08568549999999994,0.0,0.0,126.69301222222222,126.69301222222222,0.1111111111111111,0.24449091704944126,0.14414850058398648,0.18195834012909162,0.2615452550907166,0.4102747802932294,0.42842749999999974,,0.0,,,0.0,0.0,0.04586316185256905,0.08160733307318911,1.700239577476392,1.0
314.54161,126.54068111111113,1.9035148622566902,0.4650113199784794,-0.47310441235329836,6.512100000000004,124.82697,126.54067,127.43182,130.37939,123.86729,0.09596799999999987,0.0,0.0,126.54068111111113,126.54068111111113,0.1111111111111111,0.23676888823692344,0.15024607900893452,0.22732803990694705,0.3110575144385821,0.4222402291998101,0.4798399999999994,,0.0,,,0.0,0.0,0.0444740472537119,0.07051416002402572,1.635774039684405,1.0
314.8305,126.09892333333333,1.9581671378386252,0.6463581928010962,-0.13333457436101126,6.923389999999998,124.48422,126.06083,126.74633,130.2423,123.31891,0.10453675000000011,0.0,0.0,126.09892333333333,126.09892333333333,0.1111111111111111,0.21654699145538597,0.157288587642082,0.3276245245501997,0.36303506579823897,0.4743646929415346,0.5226837500000006,,0.0,,,0.0,0.0,0.04518166073522868,0.08844877283092333,1.6375227884315329,1.0
315.11938,126.15223888888889,2.0180148346687656,0.5241947957736612,-0.15965567917329482,7.334689999999995,124.75841,125.85519,126.74633,130.31085,122.97616,0.11139149999999987,0.0,0.0,126.15223888888889,126.15223888888889,0.1111111111111111,0.21660046377264505,0.15705255184492287,0.34478068941889173,0.3612747717746685,0.48831955606889715,0.5569574999999993,,0.0,,,0.0,0.0,0.04728438415173656,0.11875020728697806,1.6154355709387251,1.0
315.40826,125.90851111111111,2.081385343336094,0.29274289925931324,-0.7308687150388549,6.991949999999989,124.34713,125.99229,126.81489,129.83101,122.83906,0.09596799999999987,0.0,0.0,125.90851111111111,125.90851111111111,0.1111111111111111,0.20556123694412795,0.15971444934020212,0.3688572606534456,0.31749343568021327,0.5374180613060666,0.4798399999999994,,0.0,,,0.0,0.0,0.055237942642063304,0.13769939663416703,1.772260716848594,1.0
315.69714,126.00752555555556,1.9927031580137626,0.26676969949001994,-0.583070752164411,6.854849999999999,124.62132,126.26649,127.02053,129.83101,122.97616,0.08911299999999969,0.0,0.0,126.00752555555556,126.00752555555556,0.1111111111111111,0.21304910873236615,0.1587150362093378,0.3610392667426407,0.3535908259975607,0.5052113958813833,0.44556499999999843,,0.0,,,0.0,0.0,0.059977827070928455,0.09457261357682013,1.7025905712392635,1.0
315.98603,125.84758000000001,1.959859925998112,0.2202001903580942,-0.32633937140052316,7.060509999999994,124.62132,125.99229,126.67779,129.69392,122.63341,0.09254074999999987,0.0,0.0,125.84758000000001,125.84758000000001,0.1111111111111111,0.20310276160695334,0.15949635696075115,0.3951137717682465,0.3218793185424478,0.5510705431511551,0.4627037499999993,,0.0,,,0.0,0.0,0.06071118955969729,0.14705693436181283,1.6528844547535446,1.0
316.27491,126.02275888888887,1.9283476676473499,0.5270282240596398,0.35062553810579367,7.403249999999986,124.68987,126.12938,126.60924,130.17376,122.77051,0.10110949999999974,0.0,0.0,126.02275888888887,126.02275888888887,0.1111111111111111,0.21342931813257315,0.1575865911883389,0.3729972700588377,0.38446301298525687,0.49243145595777854,0.5055474999999987,,0.0,,,0.0,0.0,0.06150014737537582,0.1000806873458626,1.5897356302300778,1.0
316.56379,125.91612666666667,1.8360718042180317,0.6269524784188754,0.19210127466303817,6.786320000000018,124.55277,125.99228,126.60923,129.89957,123.11325,0.09768225000000044,0.0,0.0,125.91612666666667,125.91612666666667,0.1111111111111111,0.20644973839717426,0.15784696708679213,0.34418967142276663,0.32047879548995045,0.51783661856217,0.4884112500000022,,0.0,,,0.0,0.0,0.04904702217399208,0.12717264992826788,1.5783546729757705,1.0
316.85268,125.10116222222223,1.9234367871759455,0.5657244918750568,0.10745116249127173,7.129049999999992,123.73019,125.10115,125.92374,129.21408,122.08503,0.10282324999999978,0.0,0.0,125.10116222222223,125.10116222222223,0.0,0.1817346364292962,0.1626474701014542,0.5626310114195817,0.35067182391868756,0.6160399262853381,0.5141162499999989,,0.0,,,0.0,0.0,0.04809357105501239,0.14913844261732723,1.648400017876896,1.0
317.14156,124.87266666666667,1.8543334096950095,0.5873485930635539,-0.42224482791709894,6.3064600000000155,123.18181,124.82695,125.51245,128.66569,122.35923,0.09596850000000039,0.0,0.0,124.87266666666667,124.87266666666667,0.0,0.16898898786606714,0.1613816918946161,0.5531806082570452,0.27752129906633305,0.6659195113357425,0.47984250000000195,,0.0,,,0.0,0.0,0.03583730223236382,0.1986664869089068,1.6689102930413202,1.0
317.43044,124.46137555555555,1.864444770786622,0.5837408373905864,-0.2888366073265507,6.512119999999996,122.97617,124.27857,125.23825,128.32295,121.81083,0.10110949999999974,0.0,0.0,124.46137555555555,124.46137555555555,0.0,0.15940795089967846,0.16057059112118377,0.7387003677193862,0.2989292557141695,0.7119114093946234,0.5055474999999987,,0.0,,,0.0,0.0,0.03305628746933662,0.23653055824189773,1.6264399244394567,1.0
317.71933,124.54515555555557,1.850796929217914,0.43359485643239754,-0.5628309580659878,6.100839999999991,123.52455,124.41567,125.44389,128.18585,122.08501,0.09425449999999955,0.0,0.0,124.54515555555557,124.54515555555557,0.0,0.1537757783832956,0.15610520670407224,0.6914796012177935,0.24809509764485788,0.7359495758892078,0.47127249999999776,,0.0,,,0.0,0.0,0.03298857982885242,0.3038837443658021,1.6427656768498067,1.0
318.00821,124.52992222222221,1.7921962296627276,0.5463418272457184,-0.6349801093274325,5.75809000000001,123.04471,124.27857,125.30679,128.04875,122.29066,0.09425450000000027,0.0,0.0,124.52992222222221,124.52992222222221,0.0,0.1522139758164391,0.15639715261776058,0.6816656429288486,0.23344299928144513,0.744901328008342,0.4712725000000013,,0.0,,,0.0,0.0,0.03517930928210283,0.31484389529858864,1.5920501171813957,1.0
318.29709,123.79873777777776,1.8390669997448748,0.25436846411762126,-0.7205035457353657,6.2379299999999915,122.42777,123.59309,124.82695,127.22617,120.98824,0.09082699999999981,0.0,0.0,123.79873777777776,123.79873777777776,0.0,0.13850908666179151,0.15487894621651116,1.0008988790973234,0.24668294380865247,0.8022711301497771,0.45413499999999907,,0.0,,,0.0,0.0,0.030240626312589905,0.3399347820104008,1.63717139194118,1.0
318.58598,123.83682111111109,1.9084802789098074,0.4161412449678497,-0.557391014102004,6.443570000000008,122.42777,123.66164,124.62131,127.56892,121.12535,0.09768225000000008,0.0,0.0,123.83682111111109,123.83682111111109,0.0,0.14071319209426467,0.15649461756937197,1.0183352097477596,0.25953586374400117,0.7968998053031172,0.4884112500000004,,0.0,,,0.0,0.0,0.03695810496893793,0.34082404916181136,1.6586873290400534,1.0
318.87486,123.85205555555555,1.9290688001215701,0.24549098368448433,-0.6340099654343563,6.375020000000006,122.49632,124.14149,124.34713,127.50037,121.12535,0.09254099999999994,0.0,0.0,123.85205555555555,123.85205555555555,0.0,0.13979885339614972,0.15665075046349675,1.0230759747901002,0.2409169173632319,0.8094001011083638,0.4627049999999997,,0.0,,,0.0,0.0,0.040471681844323475,0.35016809359779905,1.7001354443401637,1.0
319.16374,124.47660888888888,1.84203144967388,0.02820148252611075,-0.9837677193234118,5.8951800000000105,122.90761,124.75843,125.30681,127.63746,121.74228,0.08225824999999994,0.0,0.0,124.47660888888888,124.47660888888888,0.0,0.15082789369577373,0.15869043376639053,0.7630002691997497,0.22623955542798782,0.7712995879535538,0.41129124999999966,,0.0,,,0.0,0.0,0.03987925589014743,0.3327496766000099,1.6090089489388317,1.0
319.45263,125.13924333333333,1.851265228191549,0.11098236889084018,-0.958385345318074,5.963729999999998,123.52455,125.30681,125.92374,128.39149,122.42776,0.08739925,0.0,0.0,125.13924333333333,125.13924333333333,0.0,0.16264697105423537,0.15699736834450195,0.5195091044375713,0.19036411886896334,0.7318336391737029,0.43699625,,0.0,,,0.0,0.0,0.0360268163426198,0.3486942901039187,1.6212016827572102,1.0
319.74151,125.64955222222221,1.8271059067265545,0.5073137402098102,-0.7282301153227126,5.826640000000012,124.14149,125.37536,126.33504,129.14553,123.31889,0.09768175000000028,0.0,0.0,125.64955222222221,125.64955222222221,0.1111111111111111,0.1752811820359062,0.15383897377380681,0.38554287842910306,0.17106089300953792,0.6926702587072529,0.4884087500000014,,0.0,,,0.0,0.0,0.04540992703301227,0.367806389015819,1.586881571873099,1.0
320.03039,125.68763444444446,1.8390972791629843,0.5002890503819819,-0.8158712215844952,5.758080000000007,124.07295,125.30681,126.26649,129.14553,123.38745,0.09768175000000028,0.0,0.0,125.68763444444446,125.68763444444446,0.1111111111111111,0.17557007943871308,0.1535045922339588,0.38612219506826045,0.16994448698311365,0.6943811011556869,0.4884087500000014,,0.0,,,0.0,0.0,0.0468225337154217,0.3807777699453068,1.5748189537827495,1.0
320.31928,126.10654333333332,1.7323465018869608,0.28745918410109456,-0.8588503938469914,5.758069999999989,124.55279,125.85521,126.95198,129.21407,123.456,0.08911299999999969,0.0,0.0,126.10654333333332,126.10654333333332,0.1111111111111111,0.19590892762766327,0.15302771437011614,0.3226070564232981,0.19217793470933314,0.6266831044371145,0.44556499999999843,,0.0,,,0.0,0.0,0.043585813103066154,0.3256828458385311,1.4487253854995843,1.0
320.60816,126.18270888888888,1.8187330995041828,0.14722224326644903,-0.961619497146442,5.689529999999991,125.10117,125.92375,127.29472,129.35117,123.66164,0.0908265,0.0,0.0,126.18270888888888,126.18270888888888,0.1111111111111111,0.18987230290639512,0.14859336849308002,0.32216645703523317,0.153394697736704,0.6774448538001147,0.45413250000000005,,0.0,,,0.0,0.0,0.04316504542653195,0.4094348819057665,1.5132797873451762,1.0
320.89704,126.92151222222222,1.909844318162418,0.04549475846407972,-0.9392768650458434,6.032279999999986,126.06086,126.60924,127.91166,130.17376,124.14148,0.09425424999999983,0.0,0.0,126.92151222222222,126.92151222222222,0.1111111111111111,0.22080862643042867,0.1315713625446994,0.23342985179318304,0.11734653774653744,0.6654662590972469,0.47127124999999914,,0.0,,,0.0,0.0,0.045219460822215535,0.4627998917867576,1.5651841079749294,1.0
321.18593,127.94212666666665,1.901077294290442,-0.0704115941554847,-0.9185010038664538,6.169370000000001,127.15763,127.70602,129.07698,131.13344,124.96407,0.09254025000000006,0.0,0.0,127.94212666666665,127.94212666666665,0.1111111111111111,0.17486816851853149,0.1497974192534964,0.2137302857735295,0.11335702251494942,0.6534349707011065,0.4627012500000003,,0.0,,,0.0,0.0,0.049583457435325225,0.42744559191479814,1.5044227325672173,1.0
321.47481,128.62761222222224,2.0924732750544965,-0.06582064184781834,-0.6395383215309112,7.129040000000003,127.98021,128.39151,129.89957,132.36731,125.23827,0.1028224999999999,0.0,0.0,128.62761222222224,128.62761222222224,0.0,0.15536354310677936,0.15397413240734759,0.28245771557110416,0.12044591239672806,0.7010552794613952,0.5141124999999995,,0.0,,,0.0,0.0,0.063979408688707,0.39409705975650566,1.5928520474459158,1.0
321.76369,129.6101422222222,1.9626055404304754,-0.08952456934823196,-0.6797813854630297,6.786299999999997,128.73425,129.41973,130.7907,133.0528,126.2665,0.0942540000000001,0.0,0.0,129.6101422222222,129.6101422222222,0.0,0.12917342010018595,0.15530152309166487,0.43334086434784524,0.11886290495059126,0.7847481099593381,0.4712700000000005,,0.0,,,0.0,0.0,0.06757336344028948,0.31100226432974437,1.4875521739718576,1.0
322.05258,130.11283111111112,2.056062147258116,0.11515872829392605,-0.26478462331631114,7.5403400000000005,129.07699,130.10522,131.13344,134.08103,126.54069,0.10796374999999969,0.0,0.0,130.11283111111112,130.11283111111112,0.0,0.12512512116065316,0.15834801035320678,0.5530914631426124,0.13897070404118245,0.7991933229255769,0.5398187499999985,,0.0,,,0.0,0.0,0.0724129160959576,0.2111539625260996,1.5368887543693304,1.0
322.34146,130.49365777777777,2.026534700329485,0.035974720807462904,-0.2875114073991045,7.334690000000009,129.76248,130.65361,131.47618,134.35522,127.02053,0.1028224999999999,0.0,0.0,130.49365777777777,130.49365777777777,0.0,0.11289455475033057,0.15446685488983178,0.6676031021826128,0.1154676457749338,0.8525450654856432,0.5141124999999995,,0.0,,,0.0,0.0,0.0739359661439228,0.20060315714737173,1.5804769660874078,1.0
322.63034,130.96588,2.1454499624761443,-0.01355654870470694,-0.37590293021260557,7.677430000000001,130.03667,131.20199,132.09312,134.97216,127.29473,0.0993952499999999,0.0,0.0,130.96588,130.96588,0.0,0.10177395864308172,0.15221870614458083,0.8526518453348899,0.0962235179124751,0.8985920367106744,0.49697624999999945,,0.0,,,0.0,0.0,0.08959988170309921,0.1426584804756942,1.7557237283965887,1.0
322.91923,131.29339333333334,2.1376200457102343,-0.028172592124760847,-0.3487797739547682,7.4032299999999935,130.72216,131.61329,132.09313,135.3149,127.91167,0.1028224999999999,0.0,0.0,131.29339333333334,131.29339333333334,0.0,0.09850994678042224,0.1497500189566359,0.9599305141129881,0.09608011612664988,0.9090159573528648,0.5141124999999995,,0.0,,,0.0,0.0,0.07932939381989837,0.15671398449464322,1.7118444802713149,1.0
323.20811,131.48380555555556,2.2339875008111028,-0.02242705108868569,-0.26754816733454456,7.883089999999996,131.06491,131.75039,132.29877,135.72619,127.8431,0.10796350000000032,0.0,0.0,131.48380555555556,131.48380555555556,0.0,0.09286442419104969,0.14586689784769474,1.0398961597587413,0.084397008311028,0.9249332729216727,0.5398175000000016,,0.0,,,0.0,0.0,0.07693233431653564,0.19392816752462883,1.7902647829370073,1.0
323.49699,131.84178111111112,2.3027055924737483,0.06530649751564105,-0.1462524907199132,8.29437999999999,131.3391,131.95603,132.77861,136.34313,128.04875,0.11139099999999971,0.0,0.0,131.84178111111112,131.84178111111112,0.0,0.08471416702425222,0.14082620208750243,1.2155818019019247,0.06851743750943065,0.9466416336828423,0.5569549999999985,,0.0,,,0.0,0.0,0.08202662288336628,0.20340498155672618,1.877411143578285,1.0
323.78588,132.52726555555557,2.1703451147435913,0.2104135396563291,-0.056693711332546304,8.020190000000014,131.61329,132.64152,133.60119,136.89152,128.87133,0.10625,0.0,0.0,132.52726555555557,132.52726555555557,0.0,0.06593817428799635,0.1283851841237722,1.6200713261764264,0.04447425320768109,0.9732814445841338,0.53125,,0.0,,,0.0,0.0,0.07593407029171984,0.18563061952237664,1.847669455550863,1.0
324.07476,132.31400444444444,2.449224393309084,-0.11436128282921505,-0.3718382358894039,8.63712000000001,131.47619,132.71007,133.53265,136.82297,128.18585,0.1028224999999999,0.0,0.0,132.31400444444444,132.31400444444444,0.0,0.08442805063941303,0.14443906504888174,1.4704758181645106,0.0674558509279855,0.9561385903032976,0.5141124999999995,,0.0,,,0.0,0.0,0.10052760671851728,0.08953923816333015,2.046781520073261,1.0
324.36364,132.83192666666665,2.578613677545017,-0.24866086258321762,-0.18080806522181625,9.459710000000001,132.16168,133.327,134.01249,137.50846,128.04875,0.1079637500000004,0.0,0.0,132.83192666666665,132.83192666666665,0.0,0.07534659965348138,0.13869648691992242,1.7823869395932037,0.041879335052284083,0.9770431895101899,0.539818750000002,,0.0,,,0.0,0.0,0.09643458189539668,0.06854241631868556,2.2142244994158027,1.0
324.65253,132.25307222222222,2.756568585239337,-0.28625632692101793,-0.06604018350235741,10.282300000000006,131.61329,132.71006,133.25845,137.23427,126.95197,0.11481850000000052,0.0,0.0,132.25307222222222,132.25307222222222,0.0,0.08020651738308876,0.13973214062442998,1.4452696703973034,0.04264982178303407,0.971335934434416,0.5740925000000026,,0.0,,,0.0,0.0,0.09460645715415163,0.16475691220029673,2.3703988528079796,1.0
324.94141,132.24545333333333,2.707024088239908,-0.27842341344705146,-0.13785221187662122,10.008099999999999,131.61329,132.64151,133.12135,137.09717,127.08907,0.11310500000000019,0.0,0.0,132.24545333333333,132.24545333333333,0.0,0.07888625630115322,0.13903248659908857,1.438316977246585,0.04406250134751691,0.9702758287733897,0.5655250000000009,,0.0,,,0.0,0.0,0.0926621497588102,0.18250119518127575,2.307187798752177,1.0
325.23029,131.95602666666665,2.6952736753518094,-0.20471537285702435,-0.24022389579294678,9.802440000000004,131.40764,132.36733,132.64151,136.82297,127.02053,0.11139099999999971,0.0,0.0,131.95602666666665,131.95602666666665,0.0,0.08688503234054583,0.14400149649362598,1.2854291793092407,0.061578080142461855,0.95428526475577,0.5569549999999985,,0.0,,,0.0,0.0,0.09923472801199941,0.17514514264103373,2.2673746550581018,1.0
325.51918,131.75038,2.7333595257647487,-0.19757098232512135,-0.28297242615308527,9.870989999999992,131.20199,132.02458,132.64151,136.68587,126.81488,0.1165322500000002,0.0,0.0,131.75038,131.75038,0.0,0.08368237936111693,0.14025448699820528,1.1870217987379976,0.046783617998525706,0.9620818506223786,0.582661250000001,,0.0,,,0.0,0.0,0.09829018846194536,0.26778105646389555,2.2742713514373563,1.0
325.80806,132.3520877777778,2.501532719988455,-0.04932657458481833,-0.3490735990783098,8.842770000000002,131.61329,132.57297,133.4641,137.02862,128.18585,0.11139124999999979,0.0,0.0,132.3520877777778,132.3520877777778,0.0,0.0724877198155258,0.13417139934593095,1.5113904333876271,0.038820366764523134,0.9749580077379097,0.5569562499999989,,0.0,,,0.0,0.0,0.09802309388879071,0.23126950372726465,2.0622328944260047,1.0
326.09694,132.60343111111106,2.5095197548421897,-0.09852278200062727,-0.19477804728236991,9.18549999999999,132.23022,132.77861,133.66975,137.30281,128.11731,0.11310500000000019,0.0,0.0,132.60343111111106,132.60343111111106,0.0,0.06672131644339209,0.12592405253335576,1.6456910657094066,0.027640063362057626,0.9834820120296552,0.5655250000000009,,0.0,,,0.0,0.0,0.0944980395913966,0.33720134070850444,2.0638001775173818,1.0
326.38583,133.30415,2.3335608917417696,0.06765489851350337,-0.2607720929459707,8.500019999999978,132.57297,133.39555,134.49233,137.78265,129.28263,0.1096775000000001,0.0,0.0,133.30415,133.30415,0.0,0.055587458563094466,0.11801294052258206,2.1059414248667094,0.02076380681696504,0.9902366314773439,0.5483875000000005,,0.0,,,0.0,0.0,0.08941404030102436,0.3298065200680395,1.9130730577424306,1.0
326.67471,134.11911666666663,2.4188355050450796,0.1270129044028493,0.01122891998909381,9.185500000000019,133.327,133.87539,135.3149,138.87943,129.69393,0.12510100000000007,0.0,0.0,134.11911666666663,134.11911666666663,0.0,0.0442423408175661,0.10382990509486503,2.643874119294893,0.014832024569045438,0.9944213373475972,0.6255050000000004,,0.0,,,0.0,0.0,0.07699105544635668,0.40871680699257124,1.9481966811451572,1.0
326.96359,135.63480222222222,2.3613632181422357,0.33253746524900024,-0.1563414884227461,8.705669999999998,134.62943,135.10926,136.89153,140.3875,131.68183,0.13195599999999957,0.0,0.0,135.63480222222222,135.63480222222222,0.0,0.03655652081490159,0.09876060285803465,3.9811583439845464,0.0046388739083702505,0.9988361490174591,0.6597799999999978,,0.0,,,0.0,0.0,0.07879767662850531,0.38164520780209477,1.8297801433423295,1.0
327.25248,136.2288877777778,2.370411032930681,0.1508244876051195,-0.37624766809497956,8.637130000000013,135.24637,135.72619,137.91975,140.73025,132.09312,0.12510150000000025,0.0,0.0,136.2288877777778,136.2288877777778,0.0,0.036119284156225125,0.10191059327837859,4.649637529790264,0.0015352068976406765,0.9996699312013294,0.6255075000000012,,0.0,,,0.0,0.0,0.07637311174263768,0.24305109246042414,1.9183982654894296,1.0
327.54136,136.7696611111111,2.329481286817324,0.17579636673474738,-0.4517891670342107,8.362930000000006,135.58911,136.34313,137.9883,141.21009,132.84716,0.12167400000000014,0.0,0.0,136.7696611111111,136.7696611111111,0.0,0.036957358106403805,0.10366418250841052,5.264854461407346,0.0018983584000532706,0.9996395580797189,0.6083700000000007,,0.0,,,0.0,0.0,0.07798364804613146,0.173547494637246,1.9101547441295958,1.0
327.83024,136.23650666666668,2.3739551745744687,0.08628818162637096,-0.34220112685673687,8.63712000000001,135.38346,135.86329,137.71411,140.73025,132.09313,0.12167400000000014,0.0,0.0,136.23650666666668,136.23650666666668,0.0,0.038579376875728384,0.10658827051744287,4.671925213784086,0.0009407788723517821,0.9997986719555387,0.6083700000000007,,0.0,,,0.0,0.0,0.07826325723618548,0.1610916126575369,1.9437960740068014,1.0
328.11913,135.35299222222224,2.5648743712261677,-0.1574918491462348,-0.49777571332205994,8.979870000000005,134.76652,135.31491,136.82297,139.90767,130.9278,0.11481899999999996,0.0,0.0,135.35299222222224,135.35299222222224,0.0,0.05011826013184407,0.12028743399959231,3.753271776359631,0.007107960072684749,0.9981097759612864,0.5740949999999998,,0.0,,,0.0,0.0,0.10185319715247738,0.03265643761247732,2.083704866819235,1.0
328.40801,135.6881177777778,2.2943278355001047,0.09416867514658765,-0.6002967910386925,8.020189999999985,134.90362,135.24635,137.02863,139.90767,131.88748,0.11653299999999973,0.0,0.0,135.6881177777778,135.6881177777778,0.0,0.04058920564292618,0.1062199231611943,4.135139824226119,0.0005294018245627693,0.9998719912315,0.5826649999999987,,0.0,,,0.0,0.0,0.07983209871824067,0.261833652042949,1.8565013149404517,1.0
328.69689,135.51293666666666,2.213797949944348,0.2975061448736511,-0.487078270051839,7.745990000000006,134.56087,134.90361,136.89151,139.83912,132.09313,0.12338775000000055,0.0,0.0,135.51293666666666,135.51293666666666,0.0,0.04000116135458067,0.10169730152639743,3.875620913526034,0.0038088081846797328,0.9990182040769379,0.6169387500000028,,0.0,,,0.0,0.0,0.07687753844471966,0.3807817482438998,1.6843784966937367,1.0
328.98578,135.8099822222222,2.133898795375777,0.39978905779649476,-0.3271779446040042,7.540340000000015,135.04071,135.1778,137.09718,140.11331,132.57297,0.12338775000000055,0.0,0.0,135.8099822222222,135.8099822222222,0.0,0.03979565152154148,0.10264479297350866,4.160859710157483,0.006168437770544637,0.9985197033349861,0.6169387500000028,,0.0,,,0.0,0.0,0.0716833575213555,0.34433547197516207,1.6296572512927923,1.0
329.27466,135.9699277777778,2.1595194033281118,0.39867324255370445,-0.49194464571965657,7.334699999999998,134.90362,135.45199,137.02863,140.25041,132.91571,0.11996049999999983,0.0,0.0,135.9699277777778,135.9699277777778,0.0,0.044716682808401735,0.11132908759979511,4.297666103870858,0.012912636912711932,0.9970044307762569,0.5998024999999991,,0.0,,,0.0,0.0,0.07700338868806413,0.20310911752888072,1.6381791990916457,1.0
329.56354,135.62718333333336,2.101935660174004,0.492272197034092,-0.5319914211387138,6.923410000000018,134.28668,135.04071,136.61733,139.83912,132.91571,0.12167425000000023,0.0,0.0,135.62718333333336,135.62718333333336,0.0,0.04743971582118093,0.11531339498593596,3.9449586886634656,0.025554696455119166,0.9935638810209647,0.6083712500000011,,0.0,,,0.0,0.0,0.06991374549306102,0.13407912468465105,1.5453547820843334,1.0
329.85243,135.49008666666666,2.061555674964364,0.6614767541200869,-0.31705687259527293,6.991960000000006,134.21813,134.97217,136.48023,139.77057,132.77861,0.12510149999999953,0.0,0.0,135.49008666666666,135.49008666666666,0.0,0.05273444029547344,0.12161768908530154,3.7405276391141635,0.05313339630607944,0.9859941634456562,0.6255074999999977,,0.0,,,0.0,0.0,0.0659219848288704,0.0439443951479756,1.4312259120563287,1.0
330.14131,134.86553333333333,2.0234706102195386,0.5704975474205495,-0.36850677496245376,6.717770000000002,133.66975,134.49233,136.00039,139.01654,132.29877,0.11996049999999983,0.0,0.0,134.86553333333333,134.86553333333333,0.0,0.05503742542470758,0.12316668768473672,3.1954079482495388,0.056800581129119065,0.9825347665396399,0.5998024999999991,,0.0,,,0.0,0.0,0.061989547935464094,0.07028702173369981,1.4397286206578996,1.0
330.43019,134.09626555555556,2.2136418202245167,0.40837137037503424,-0.38846179207143594,7.471800000000002,132.98426,133.87539,135.38345,138.5367,131.0649,0.12338774999999984,0.0,0.0,134.09626555555556,134.09626555555556,0.0,0.05833038897188392,0.12589193707317337,2.5679245500441237,0.05959822151833537,0.9773177145176073,0.6169387499999992,,0.0,,,0.0,0.0,0.06996313312657328,0.10337088712978357,1.6211149879039783,1.0
330.71908,133.66974333333332,2.366665897610207,0.2201019319224173,-0.5242324053361314,8.157290000000017,132.43587,133.60119,134.97217,138.19396,130.03667,0.11996025000000046,0.0,0.0,133.66974333333332,133.66974333333332,0.0,0.06316279613997157,0.1297984359470748,2.2632477256853525,0.056094839240937396,0.9758143362749427,0.5998012500000023,,0.0,,,0.0,0.0,0.07570088877010937,0.11536727995489854,1.8318051760586835,1.0
331.00796,133.2203677777778,2.387119452751824,0.14797265215469924,-0.48454041485196253,8.157299999999992,132.09313,133.12135,134.76651,137.78267,129.62537,0.11824675000000014,0.0,0.0,133.2203677777778,133.2203677777778,0.0,0.06733366945809367,0.13368376257662504,1.9874513569477161,0.05795984112875703,0.9716634771138295,0.5912337500000007,,0.0,,,0.0,0.0,0.09114198188417111,0.12864781540836867,1.8215834219778388,1.0
331.29684,132.42063555555555,2.3806926121292755,0.23160319171243157,-0.6765379736921822,8.020189999999985,130.92781,132.43587,134.01249,136.89153,128.87134,0.11824650000000006,0.0,0.0,132.42063555555555,132.42063555555555,0.0,0.08823061722494153,0.1485218726382768,1.4646555265283774,0.11831588933691156,0.9252570904037688,0.5912325000000003,,0.0,,,0.0,0.0,0.08319699494995954,0.06774221932426058,1.7719106235291937,1.0
331.58573,132.28353888888887,2.330153306045877,0.47109894243802725,-0.545751370525112,7.8830899999999815,130.92781,131.95603,134.08104,136.89153,129.00844,0.12681499999999984,0.0,0.0,132.28353888888887,132.28353888888887,0.0,0.09550393718082158,0.14989615005474938,1.3698776340498178,0.14285445539952776,0.9055652640104401,0.6340749999999993,,0.0,,,0.0,0.0,0.07153932790893226,0.1271806984850692,1.6162747145444716,1.0
331.87461,131.8722488888889,2.2431648323069733,0.5797006605425027,-0.5847413096787588,7.2661600000000135,130.44797,131.40763,133.46409,136.34315,129.07699,0.12510150000000025,0.0,0.0,131.8722488888889,131.8722488888889,0.0,0.101390383339502,0.15005897850945668,1.1682443459893188,0.1496904221916323,0.8864204618511726,0.6255075000000012,,0.0,,,0.0,0.0,0.061050898543781686,0.1800645647443238,1.542834489249287,1.0
332.16349,132.06266222222223,2.3921407287419783,0.4318565247083898,-0.6281056376065108,8.088730000000027,130.85926,131.68183,133.32699,136.61734,128.52861,0.12852875000000025,0.0,0.0,132.06266222222223,132.06266222222223,0.0,0.09254896777217478,0.14426397607712416,1.2614394718876172,0.11841293201903999,0.914184349155601,0.6426437500000013,,0.0,,,0.0,0.0,0.05698967753602674,0.24961301405321845,1.6985963100889119,1.0
332.45238,132.29877333333334,2.1997363481259935,0.540708226712548,-0.5524497929254935,7.540350000000018,130.79071,131.88747,133.46409,136.61734,129.07699,0.12852875000000025,0.0,0.0,132.29877333333334,132.29877333333334,0.0,0.08655105559524601,0.14101173018748905,1.3844317183173438,0.11031905019266075,0.9261956892015861,0.6426437500000013,,0.0,,,0.0,0.0,0.045389449937712746,0.20255403437899622,1.5795371600072365,1.0
332.74126,132.52727,2.2555157436530267,0.5927398708018413,-0.36861273141005,7.88309000000001,130.92781,132.23022,133.60119,137.09718,129.21409,0.13024249999999996,0.0,0.0,132.52727,132.52727,0.0,0.08522781426182036,0.14157301180188234,1.5148831017000899,0.1124979481116744,0.930871784320105,0.6512124999999997,,0.0,,,0.0,0.0,0.04852406133413473,0.15822433177549602,1.6671663968728656,1.0
333.03014,132.06266111111108,2.360724091659847,0.19195604401401284,-0.7242636093266892,8.088729999999998,129.83103,132.02457,133.25845,136.41169,128.32296,0.11310524999999956,0.0,0.0,132.06266111111108,132.06266111111108,0.0,0.08154283107859507,0.1415833406040548,1.3193474756013028,0.08158796354022055,0.9417617961864161,0.5655262499999978,,0.0,,,0.0,0.0,0.059492921825086593,0.16212194091850146,1.929695062777257,1.0
333.31903,132.21499222222224,2.4379019376677116,0.05364483058347509,-0.9031583521872331,8.157280000000014,129.89958,132.36732,133.327,136.48024,128.32296,0.10282300000000007,0.0,0.0,132.21499222222224,132.21499222222224,0.0,0.07136080060238029,0.13432152956357732,1.4465169829869127,0.049431589325819286,0.9669563577669693,0.5141150000000003,,0.0,,,0.0,0.0,0.08092505149885378,0.2446728251350833,2.0486327439251553,1.0
333.60791,132.23022666666668,2.489865794486834,0.0938216315583957,-0.7738085059945887,8.568579999999997,130.03668,132.16168,133.87539,136.68589,128.11731,0.11310525000000027,0.0,0.0,132.23022666666668,132.23022666666668,0.0,0.05850149671297661,0.12134308964536673,1.4732626347732367,0.02616045473026774,0.9825529865375185,0.5655262500000013,,0.0,,,0.0,0.0,0.07261579483600754,0.370794474043193,2.1175484337788477,1.0
333.89679,132.61105111111112,2.5833326990039858,0.01578001882882794,-0.6420626168081056,9.116960000000006,130.58507,132.57297,134.21813,137.23427,128.11731,0.11653250000000029,0.0,0.0,132.61105111111112,132.61105111111112,0.0,0.053128820265967235,0.11513340739888997,1.6856440280197744,0.016628378003883504,0.9902316585500266,0.5826625000000014,,0.0,,,0.0,0.0,0.07740150557037498,0.42864939418930315,2.190928407580114,1.0
334.18568,133.54788222222223,2.7049017569663296,-0.15053679492908603,-0.7093008976691366,9.391160000000013,131.54475,133.39556,135.72621,137.98831,128.59715,0.1148187500000006,0.0,0.0,133.54788222222223,133.54788222222223,0.0,0.041128465858432516,0.10661590340205743,2.3846102978498473,0.0051197737891611915,0.9978575932279098,0.574093750000003,,0.0,,,0.0,0.0,0.07367266979125896,0.24695864119245714,2.3874789894529957,1.0
334.47456,134.9950188888889,2.775064159304129,-0.08844062953594052,-0.6105728145776985,9.80243999999999,133.39555,134.76653,137.23428,139.77057,129.96813,0.12510100000000007,0.0,0.0,134.9950188888889,134.9950188888889,0.0,0.04044262890993763,0.11003492337906717,3.5329402700260486,0.0073837856444362365,0.9979143757384579,0.6255050000000004,,0.0,,,0.0,0.0,0.08145409696720869,-0.06247591630143484,2.379613240558739,1.0
334.76344,136.19842555555556,2.776841006400023,0.0016056944992065563,-0.8220236620428261,9.459699999999998,134.35523,136.00039,138.46815,140.93589,131.47619,0.1268144999999997,0.0,0.0,136.19842555555556,136.19842555555556,0.0,0.04019251166190972,0.11400259436146197,4.784059525180087,0.018936939243002632,0.9960572656084845,0.6340724999999985,,0.0,,,0.0,0.0,0.08221957041778678,-0.3919774569541837,2.3991223174184078,1.0
335.05233,136.48785333333336,2.8870865161188983,-0.015392585419590505,-0.9920719158519762,9.116950000000003,134.90362,136.34314,139.01654,141.27863,132.16168,0.1268144999999997,0.0,0.0,136.48785333333336,136.48785333333336,0.0,0.04978399069352847,0.12353640167489646,5.0902410596723175,0.028539562646586913,0.994424538800981,0.6340724999999985,,0.0,,,0.0,0.0,0.11151673576545783,-0.3526541524391452,2.4233218139890935,1.0
335.34121,136.48785222222224,2.8765804884572286,-0.1389781979266348,-0.9855702801022148,8.979870000000005,134.76652,136.54879,138.67379,141.14154,132.16167,0.11481874999999989,0.0,0.0,136.48785222222224,136.48785222222224,0.0,0.05409033912136939,0.12809597007432663,5.122489007246588,0.03193707634655641,0.9938039510261686,0.5740937499999994,,0.0,,,0.0,0.0,0.12931346339381183,-0.382575027929755,2.4608058836959943,1.0
335.63009,136.66303222222223,2.9091673292495313,-0.06720021264943106,-0.9710562441573223,9.254050000000007,134.90361,136.68589,138.60525,141.41573,132.16168,0.11824599999999989,0.0,0.0,136.66303222222223,136.66303222222223,0.0,0.052761515740308046,0.12576056123972165,5.385494640573645,0.040328261611286456,0.9925673464767338,0.5912299999999995,,0.0,,,0.0,0.0,0.12086562061879452,-0.3505724321961589,2.542976776783655,1.0
335.91898,136.80012777777776,2.983418278272157,-0.05767630616991289,-0.9530622469956183,9.32262,135.24635,136.61734,138.67379,141.68993,132.36731,0.12681474999999978,0.0,0.0,136.80012777777776,136.80012777777776,0.0,0.05414574560626212,0.12522120268527204,5.505712273919444,0.0471304834478472,0.9915123684198571,0.6340737499999989,,0.0,,,0.0,0.0,0.1259575460950217,-0.28399539356067993,2.542773282740149,1.0
336.20786,138.04161888888888,2.9830265656933177,-0.06946428260085809,-0.8863579345065768,9.733899999999977,136.68587,137.85121,139.97622,142.99235,133.25845,0.13538324999999957,0.0,0.0,138.04161888888888,138.04161888888888,0.0,0.053074180990900235,0.12386479460854874,6.956527530018752,0.05827484051488103,0.9916925898213699,0.6769162499999979,,0.0,,,0.0,0.0,0.13171751610507307,-0.2248206220007872,2.4599586015928057,1.0
336.49674,138.9099011111111,2.823576112278907,-0.019899958487063177,-0.7920503061827233,9.528249999999986,137.50846,138.81089,140.25041,143.74638,134.21813,0.1370967499999999,0.0,0.0,138.9099011111111,138.9099011111111,0.0,0.049456351485129633,0.11881547614674784,8.099498054655374,0.05490718465683318,0.9932665616749761,0.6854837499999995,,0.0,,,0.0,0.0,0.12750262944054394,-0.091584042793092,2.2983877575651555,1.0
336.78562,139.88481222222222,2.9331153849780724,-0.13053842586881412,-0.7279464722084872,10.00809000000001,138.74233,139.83913,141.55283,144.84315,134.83506,0.14052399999999993,0.0,0.0,139.88481222222222,139.88481222222222,0.0,0.051040815256135595,0.12162297437292172,9.441443174452797,0.0741822215293753,0.9922041675095872,0.7026199999999996,,0.0,,,0.0,0.0,0.14140858592458264,-0.138873114052844,2.3433786863873145,1.0
337.07451,140.63123000000002,2.979581869584314,-0.3106071732754256,-0.5620482970642935,10.41937999999999,139.63347,140.38751,142.71816,145.39154,134.97216,0.1353829999999995,0.0,0.0,140.63123000000002,140.63123000000002,0.0,0.054653896783086575,0.12517612164334713,10.580591434118094,0.08667250683421843,0.9918749074351985,0.6769149999999975,,0.0,,,0.0,0.0,0.16113870024335392,-0.12740748077808722,2.31236670474838,1.0
337.36339,141.40049888888888,2.939298987855762,-0.32165732859972607,-0.378999728143937,10.556470000000019,140.66171,141.00445,143.81492,146.21412,135.65765,0.13881025000000022,0.0,0.0,141.40049888888888,141.40049888888888,0.0,0.0533390456274113,0.12473435446202806,11.726277972641274,0.07729924045382924,0.9934512021942452,0.6940512500000011,,0.0,,,0.0,0.0,0.16348079694022769,-0.11909440586515317,2.1756165201158035,1.0
337.65227,141.6518422222222,3.0130336530509094,-0.2811691117272947,-0.56169501285612,10.556460000000015,140.59316,141.27865,144.08911,146.48831,135.93185,0.14737875000000003,0.0,0.0,141.6518422222222,141.6518422222222,0.0,0.05210018482749941,0.1236821675468307,12.081339703746767,0.08983427820122392,0.9926190950491937,0.7368937500000001,,0.0,,,0.0,0.0,0.1551739588141179,-0.12658279801193123,2.177422118972446,1.0
337.94116,142.43634333333335,2.950762805848302,-0.41241749553153395,-0.4450129821723814,10.419369999999986,141.62139,141.96413,144.50041,147.0367,136.61733,0.13538275000000013,0.0,0.0,142.43634333333335,142.43634333333335,0.0,0.0519868470626133,0.12431362535090212,13.369079820057717,0.09061460925366338,0.9932677067946166,0.6769137500000006,,0.0,,,0.0,0.0,0.16724371786668932,-0.13500530970800903,2.1020937248124993,1.0
338.23004,143.27416,2.773829436793518,-0.2904385219046277,-0.5187787141310984,9.802440000000018,142.23833,142.71817,145.46009,147.72219,137.91975,0.13709650000000054,0.0,0.0,143.27416,143.27416,0.0,0.04978345053217604,0.12070909547148875,15.007862630850157,0.09109056514128214,0.9939670940059036,0.6854825000000027,,0.0,,,0.0,0.0,0.15062418597003702,0.018075765467505032,1.9462695730755861,1.0
338.51892,143.06089444444444,2.6658629528462336,-0.30349035204624214,-0.32284684358809157,9.665340000000015,142.10121,142.44397,144.84315,147.44799,137.78265,0.12852800000000003,0.0,0.0,143.06089444444444,143.06089444444444,0.0,0.049568063190963005,0.12109580390302321,14.57629660167739,0.06440610664249292,0.9956008869229035,0.6426400000000001,,0.0,,,0.0,0.0,0.15562564167060972,0.01702699106180493,1.8551773637728233,1.0
338.80781,142.71815444444442,2.5851273850113823,-0.16290721372611827,-0.8012830664687742,8.774209999999982,141.41573,142.10123,144.70606,146.76251,137.9883,0.12167324999999991,0.0,0.0,142.71815444444442,142.71815444444442,0.0,0.048476965731853935,0.12016509480105454,14.022938635894965,0.07089496094683928,0.9949697886980713,0.6083662499999996,,0.0,,,0.0,0.0,0.13717276287007674,0.0363547117254338,1.8445591199875142,1.0
339.09669,142.8628688888889,2.5354587613002746,0.029282801606544562,-0.9505179693821444,8.500010000000003,141.34719,142.10123,144.56896,147.10525,138.60524,0.12681425000000032,0.0,0.0,142.8628688888889,142.8628688888889,0.0,0.045156816812792405,0.11651741364164701,14.214931818017762,0.059976128841218175,0.9957984927703863,0.6340712500000016,,0.0,,,0.0,0.0,0.12517671042778317,0.07885049952568457,1.780282535688032,1.0
339.38557,143.43410444444442,2.3871141349620895,0.14013686104312856,-1.190710681678659,7.608879999999999,141.96412,142.51251,145.0488,147.37945,139.77057,0.1268144999999997,0.0,0.0,143.43410444444442,143.43410444444442,0.0,0.0421759989831573,0.11249021099516755,15.251658602911615,0.0626570619303368,0.9959085953691178,0.6340724999999985,,0.0,,,0.0,0.0,0.10363963804634158,0.20781838607910758,1.6115113667018082,1.0
339.67446,144.49280000000002,2.370067632012031,0.18330219331885708,-1.243206405597529,7.403240000000011,142.71815,143.67784,146.07703,148.33913,140.93589,0.12510075,0.0,0.0,144.49280000000002,144.49280000000002,0.0,0.0427971641130676,0.11293659136774677,17.41507354263677,0.07978964305801373,0.9954392530932852,0.62550375,,0.0,,,0.0,0.0,0.10343194659167175,0.27480009691747825,1.6183018609856015,1.0
339.96334,145.2620666666667,2.554743610671462,-0.00026543315531159234,-0.952301162839357,8.362920000000003,143.67783,144.43187,146.76252,149.16171,140.79879,0.12852800000000003,0.0,0.0,145.2620666666667,145.2620666666667,0.0,0.04485761361553485,0.11614308768971518,18.821726081738156,0.08907360910415893,0.99528980208876,0.6426400000000001,,0.0,,,0.0,0.0,0.12699159550298797,0.17373987495117657,1.625986302305748,1.0
340.25222,145.71906,2.5501083254769137,0.06384386627672872,-1.1185951967966052,8.02018000000001,143.81493,144.98026,147.10527,149.57301,141.55283,0.1182460000000006,0.0,0.0,145.71906,145.71906,0.0,0.04634680249941955,0.11793277193087877,19.963643959354492,0.11200108773156492,0.9944210466180133,0.591230000000003,,0.0,,,0.0,0.0,0.13226481591478362,0.18852563611925022,1.767960644558202,1.0
340.54111,145.44486333333333,2.440255228317996,0.1853228309273512,-1.0964676645470808,7.677429999999987,143.33509,144.84316,146.76252,149.36736,141.68993,0.11481874999999989,0.0,0.0,145.44486333333333,145.44486333333333,0.0,0.045962196223372144,0.11729904696654364,19.506669716708522,0.0933447369764561,0.9952375169265028,0.5740937499999994,,0.0,,,0.0,0.0,0.1269559562669441,0.2683103709203681,1.765713732815051,1.0
340.82999,145.1478211111111,2.419053426930292,0.300379882161746,-1.1548190647654564,7.266139999999979,142.9238,144.63751,146.48833,149.09317,141.82703,0.11139149999999987,0.0,0.0,145.1478211111111,145.1478211111111,0.0,0.0458583226543595,0.11723279735561927,18.943553790621316,0.09027495864123719,0.9952571308731429,0.5569574999999993,,0.0,,,0.0,0.0,0.12140368550517544,0.2876502576451852,1.8153733079222383,1.0
341.11887,145.29253444444444,2.4533432143873117,0.40016110337009264,-0.9579653626049045,7.677430000000015,143.54074,144.63751,146.14559,149.57301,141.89558,0.12338750000000047,0.0,0.0,145.29253444444444,145.29253444444444,0.0,0.04337347684250497,0.115229662178486,18.97082551861686,0.06958855433091625,0.9963452184304427,0.6169375000000024,,0.0,,,0.0,0.0,0.11933178159382427,0.28893282050125013,1.71111530895503,1.0
341.40776,145.70382555555557,2.469038472415758,0.4464139632360685,-0.9554017430502566,7.540339999999986,143.60929,145.25445,146.55687,150.12139,142.58105,0.1302419999999998,0.0,0.0,145.70382555555557,145.70382555555557,0.0,0.04095562170056851,0.11183993456109616,19.92590852168129,0.07598224257343683,0.996201246993667,0.651209999999999,,0.0,,,0.0,0.0,0.1011697726757149,0.42441048398924225,1.805286828429075,1.0
341.69664,146.7625222222222,2.4892339558264673,0.45622823043394517,-0.712628296088814,8.157279999999986,145.18591,146.41977,147.58511,151.49237,143.33509,0.14223824999999976,0.0,0.0,146.7625222222222,146.7625222222222,0.0,0.040880865834432234,0.11111632635442759,22.326645833025232,0.09404687139353562,0.9958053538874568,0.7111912499999988,,0.0,,,0.0,0.0,0.09971064215738287,0.44719518750796583,1.8024481810118174,1.0
341.98552,147.84406444444443,2.36749646949455,0.7327171498194672,-0.26376884179747595,7.814530000000019,146.28269,147.44799,148.61333,152.79479,144.98026,0.14223825000000048,0.0,0.0,147.84406444444443,147.84406444444443,0.0,0.04094529023112399,0.10983888416149107,24.80089489565753,0.06520620690680293,0.9973777068331868,0.7111912500000024,,0.0,,,0.0,0.0,0.11094733968612444,0.5783287201063633,1.6516790834575545,1.0
342.27441,147.97354555555555,2.5310424101680224,0.6022620380248055,-0.3812277692279902,8.362930000000006,146.35123,147.85928,148.54479,153.13754,144.77461,0.15080700000000036,0.0,0.0,147.97354555555555,147.97354555555555,0.0,0.04112316454547131,0.11066927101861102,25.23051012852755,0.09630409151199457,0.9961975442005883,0.7540350000000018,,0.0,,,0.0,0.0,0.11320276726143569,0.496426176240759,1.8320876329988884,1.0
342.56329,147.59272111111113,2.6868251107474843,0.3638632142072946,-0.5453362673241733,8.911320000000018,146.14559,147.65363,148.40769,152.7948,143.88348,0.14737975000000034,0.0,0.0,147.59272111111113,147.59272111111113,0.0,0.042460225196506926,0.11359955343000978,24.207777562465054,0.11020446620363034,0.9954681903221553,0.7368987500000017,,0.0,,,0.0,0.0,0.12918693330266476,0.3810243902208369,1.9791696158580747,1.0
342.85217,147.98116222222222,2.8764592069409005,0.39754170370663994,-0.42582413119599805,9.733900000000006,146.41979,147.92783,148.75043,153.68593,143.95203,0.15766200000000055,0.0,0.0,147.98116222222222,147.98116222222222,0.0,0.04373010549386813,0.1144935282337247,25.202665409015918,0.137991262313788,0.9945545506494564,0.7883100000000027,,0.0,,,0.0,0.0,0.13828504078807385,0.32317557243693296,2.162476421446806,1.0
343.14106,147.29567777777777,2.9725089338461292,0.286669421811697,-0.4016647483932658,10.213740000000001,145.7343,147.58509,148.33914,153.13755,142.92381,0.1559485000000002,0.0,0.0,147.29567777777777,147.29567777777777,0.0,0.046584213163926136,0.11763753547447374,23.661076222512428,0.1441249189966236,0.9939456542190392,0.7797425000000011,,0.0,,,0.0,0.0,0.15998511347905683,0.2320038031183783,2.303241544994442,1.0
343.42994,147.03671666666665,2.870505108083481,0.2511717596302945,-0.40562022098874184,9.733900000000006,145.66575,147.31089,148.40769,152.65771,142.92381,0.15080725000000045,0.0,0.0,147.03671666666665,147.03671666666665,0.0,0.04688170061821535,0.11754466047107658,23.195900912023873,0.151920404117185,0.9934931657151451,0.7540362500000022,,0.0,,,0.0,0.0,0.15105775404527463,0.26053877700738726,2.2713815359770835,1.0
343.71882,146.24460111111114,2.9722134267446196,0.2324543000102053,-0.4432851047898234,10.076639999999998,144.56897,146.41978,147.8593,152.04077,141.96413,0.14909350000000005,0.0,0.0,146.24460111111114,146.24460111111114,0.0,0.048392626666092196,0.1189295687494527,21.529413529960802,0.15336499137589069,0.9929268755236205,0.7454675000000002,,0.0,,,0.0,0.0,0.1567597729599647,0.22988379261167902,2.4589447266553095,1.0
344.00771,145.74191,3.039665974134512,0.26100505089629716,-0.4285217275021771,10.282299999999992,144.22623,146.00847,147.72221,151.69803,141.41573,0.16108949999999994,0.0,0.0,145.74191,145.74191,0.0,0.048356308791462015,0.11814747566907792,20.37654656385794,0.16638716184706484,0.991900516052483,0.8054474999999996,,0.0,,,0.0,0.0,0.1479439696842593,0.17301803491335976,2.4733348099971577,1.0
344.29659,145.39916777777776,2.9045745108928442,0.33611388326930475,-0.3590998772480658,10.282280000000014,143.88349,145.39155,146.96817,151.14963,140.86735,0.15423425000000038,0.0,0.0,145.39916777777776,145.39916777777776,0.0,0.04812725297057891,0.11724284021641729,19.880840882892954,0.17434124266117862,0.9913069229853484,0.7711712500000019,,0.0,,,0.0,0.0,0.12336190448725885,0.24778838862567684,2.4737980126049868,1.0
344.58547,145.0716588888889,2.845108104602799,0.44967561500386904,-0.21415620461459062,10.076629999999994,143.74639,145.04881,146.07705,150.87543,140.7988,0.15937525000000008,0.0,0.0,145.0716588888889,145.0716588888889,0.0,0.04686315638075256,0.11507805827023011,19.196072554120146,0.1583716126608197,0.9918172998720459,0.7968762500000004,,0.0,,,0.0,0.0,0.11805076433675422,0.2882236725024753,2.4329439022665107,1.0
344.87436,144.98026,2.9131089264831016,0.49602973885483076,-0.2984927317817805,10.282269999999983,143.6093,144.56895,145.8714,150.87543,140.59316,0.17137124999999997,0.0,0.0,144.98026,144.98026,0.0,0.04655960722943353,0.11438463627948307,18.903730420561864,0.18982970514320527,0.9900579198435264,0.8568562499999999,,0.0,,,0.0,0.0,0.10004122997876462,0.20829550140712055,2.429317774854087,1.0
345.16324,144.3480911111111,3.0089920587149948,0.4104246168853203,-0.3810203633777225,10.419380000000018,143.19801,144.15766,145.32301,150.32705,139.90767,0.17479875000000006,0.0,0.0,144.3480911111111,144.3480911111111,0.0,0.047474382971267916,0.11556269016865867,17.53082154183209,0.18370402298266897,0.9896297520128616,0.8739937500000003,,0.0,,,0.0,0.0,0.10970763103291879,0.14655478893415705,2.4873744273744545,1.0
345.45212,143.7997,2.920588044308123,0.5246853282591784,-0.5576294740521526,9.733890000000002,142.03268,143.60927,144.56897,149.50447,139.77058,0.16794399999999995,0.0,0.0,143.7997,143.7997,0.0,0.04810687688586444,0.11465338891688588,16.67430957900382,0.18124635343168416,0.9892470853968197,0.8397199999999998,,0.0,,,0.0,0.0,0.09827217050333976,0.20210297695822596,2.4961725416751843,1.0
345.74101,142.8247888888889,3.019784408542528,0.3004114885466165,-0.7244845511630702,10.076629999999994,141.2101,142.58105,143.95204,148.33914,138.26251,0.15937524999999936,0.0,0.0,142.8247888888889,142.8247888888889,0.0,0.05097245306349652,0.11899678926479336,14.765478324132626,0.1926117643228033,0.9871232381084419,0.7968762499999968,,0.0,,,0.0,0.0,0.10432181694222328,0.0790046905449869,2.599442420431782,1.0
346.02989,141.76609444444443,3.0343310083630577,0.31211339463472076,-0.8450338044468957,9.939539999999994,139.70203,141.41573,143.12945,147.24237,137.30283,0.15937550000000017,0.0,0.0,141.76609444444443,141.76609444444443,0.0,0.04976129036337123,0.11744282204106685,12.818921867405656,0.1620388217220733,0.9875171933956675,0.7968775000000008,,0.0,,,0.0,0.0,0.09667081770961011,0.03690067373675573,2.604087145478569,1.0
346.31877,140.88257888888887,3.1685534836628713,0.2718848942237463,-1.0003468129084803,9.939530000000019,138.87945,140.52459,142.44397,146.07704,136.13751,0.16280275000000016,0.0,0.0,140.88257888888887,140.88257888888887,0.0,0.055156434572269694,0.12271849799450212,11.43051221395292,0.20821869919024277,0.9821098450645234,0.8140137500000009,,0.0,,,0.0,0.0,0.08024969900991483,-0.035176668599653745,2.7526235456657684,1.0
346.60766,140.84449555555554,2.910057629521415,0.36980450520579283,-0.9292419917113772,9.322589999999991,138.87945,140.31895,142.23832,145.80284,136.48025,0.1576615000000004,0.0,0.0,140.84449555555554,140.84449555555554,0.0,0.050785504061443235,0.11894647617567719,11.346287463932772,0.1600949430117415,0.9860864225220147,0.7883075000000019,,0.0,,,0.0,0.0,0.06224244668503109,0.036291843604147986,2.530743954666744,1.0
346.89654,141.71277777777777,2.9425302099450903,0.43042782346111413,-0.9176173064137716,9.322589999999991,139.49638,141.07299,142.71816,146.76252,137.43993,0.15766149999999968,0.0,0.0,141.71277777777777,141.71277777777777,0.0,0.05197399305806566,0.1192143080978725,12.897926191108906,0.19931174192483364,0.9847821546006574,0.7883074999999984,,0.0,,,0.0,0.0,0.06918329070485706,0.0668993643777474,2.587502016367412,1.0
347.18542,142.11645333333334,2.9828471261754816,0.20144175263287387,-0.9948844718779624,9.459679999999992,140.18186,141.89558,143.26655,146.89961,137.43993,0.1542339999999996,0.0,0.0,142.11645333333334,142.11645333333334,0.0,0.05195917037005278,0.11930813797621641,13.543910692346264,0.226318518837378,0.9835646512875815,0.7711699999999979,,0.0,,,0.0,0.0,0.07188368474032115,0.06905393348834306,2.6092348198287287,1.0
347.47431,142.82478666666668,3.056732406203286,0.22050336515707522,-0.9809700266426669,9.870980000000003,141.07299,142.30687,144.22623,147.92784,138.05686,0.16623000000000018,0.0,0.0,142.82478666666668,142.82478666666668,0.0,0.0515208590055426,0.11937234480637725,14.706414804903716,0.24642047509736986,0.9835201504877606,0.8311500000000009,,0.0,,,0.0,0.0,0.07244693578627083,0.034692447900685146,2.59980737513321,1.0
347.76319,142.9238022222222,3.098446814861991,0.12521573548345766,-1.1463434124289935,9.459689999999995,141.14154,142.37542,144.56897,147.85929,138.3996,0.15594775,0.0,0.0,142.9238022222222,142.9238022222222,0.0,0.05290602947566007,0.12048625137989548,14.845455520475511,0.24851814564707697,0.983535273663342,0.7797387499999999,,0.0,,,0.0,0.0,0.10111094852508633,-0.0011446564198094096,2.5890794161513826,1.0
348.05207,143.60166888888887,3.069742227084095,0.15739069715756326,-1.1509108377296984,9.391140000000007,142.10122,142.64961,145.25445,148.54477,139.15363,0.1610887499999997,0.0,0.0,143.60166888888887,143.60166888888887,0.0,0.05308053288835548,0.12147010485615528,16.05732236828139,0.26524980544090415,0.9837495094084311,0.8054437499999985,,0.0,,,0.0,0.0,0.0961790547593397,-0.0139097491335212,2.4913110827470026,1.0
348.34096,143.43410555555556,3.1618481513159713,0.013295522549785358,-1.13750446802448,9.596789999999999,142.16976,142.64961,145.25445,148.27058,138.67379,0.15252024999999989,0.0,0.0,143.43410555555556,143.43410555555556,0.0,0.055136766496902426,0.12372748092111194,15.745982254504469,0.28768877034904367,0.9820572113522035,0.7626012499999995,,0.0,,,0.0,0.0,0.11248828121502144,-0.05451667919306159,2.6080114730534785,1.0
348.62984,143.44172444444447,3.18717761002535,-0.008929395469190686,-1.1086283476641157,9.80243999999999,142.10122,142.71817,145.25445,148.40768,138.60524,0.15766149999999968,0.0,0.0,143.44172444444447,143.44172444444447,0.0,0.05433608003079039,0.12316873097723667,15.687155874819997,0.2775079378784141,0.9826173641216331,0.7883074999999984,,0.0,,,0.0,0.0,0.11218627031722309,-0.06260892716417658,2.59771676921104,1.0
348.91872,143.76161555555555,3.2529530076809046,-0.08703576074079283,-1.1506410195131722,10.145189999999985,142.37541,142.78671,145.80284,148.61333,138.46814,0.15594800000000006,0.0,0.0,143.76161555555555,143.76161555555555,0.0,0.0550707084041951,0.12493932172838029,16.238156278312655,0.31270818352604834,0.9811062325871155,0.7797400000000003,,0.0,,,0.0,0.0,0.10458457643468634,-0.11540666529872494,2.6448421151067363,1.0
349.20761,144.01296222222223,3.378244563194119,-0.24571320019130757,-1.1194577090266844,10.145190000000014,142.92381,143.26655,146.41978,148.81897,138.67378,0.1473790000000001,0.0,0.0,144.01296222222223,144.01296222222223,0.0,0.057903977513029795,0.1279778953302255,16.707748736769897,0.3312013675961113,0.9805621023792246,0.7368950000000005,,0.0,,,0.0,0.0,0.13945135489703492,-0.1512959021808816,2.7312251364639746,1.0
349.49649,144.8279288888889,3.327690431336702,-0.1603315498604963,-1.1858224426220232,10.076639999999998,143.67784,143.81495,147.37946,149.77865,139.70201,0.15252024999999989,0.0,0.0,144.8279288888889,144.8279288888889,0.0,0.055373317836127825,0.12563028771287074,18.27165203190767,0.32106287008583856,0.9827317918939484,0.7626012499999995,,0.0,,,0.0,0.0,0.13493637450127896,-0.12549346437529163,2.616521462172288,1.0
349.78537,145.27730333333335,3.443841422713884,-0.2803695757997824,-1.0709590075670883,10.350830000000002,144.36331,144.50043,147.58511,150.32704,139.97621,0.1456652500000004,0.0,0.0,145.27730333333335,145.27730333333335,0.0,0.057581207490282595,0.12771689023455313,19.256999065054778,0.3599008146104844,0.9816535325705711,0.7283262500000021,,0.0,,,0.0,0.0,0.1638827176562009,-0.14130797981604984,2.760536877849796,1.0
350.07426,145.7876077777778,3.202323961603778,-0.14397089052975745,-1.029918388796668,10.076639999999998,144.77462,145.0488,147.92785,150.87543,140.79879,0.15252024999999989,0.0,0.0,145.7876077777778,145.7876077777778,0.0,0.05338911809933354,0.1231837726842059,20.296532930679437,0.29729938613711615,0.9855636686915771,0.7626012499999995,,0.0,,,0.0,0.0,0.1501695245789805,-0.04573878997554718,2.4746758387504064,1.0
350.36314,146.60257555555555,3.095077556289493,-0.13997740889139518,-1.0516121480273155,9.733890000000002,145.46011,146.00848,148.81898,151.56091,141.82702,0.15252000000000052,0.0,0.0,146.60257555555555,146.60257555555555,0.0,0.05089970210676593,0.12126599895228311,21.97335136708412,0.27730747719048965,0.9875371116320631,0.7626000000000026,,0.0,,,0.0,0.0,0.14364319707334067,-0.0017021246882669208,2.3002837945528105,1.0
350.65202,146.05418777777777,3.0189044027438485,-0.11211184176062594,-0.8794374833256424,9.733890000000002,145.18591,145.39155,148.20205,151.14962,141.41573,0.1490927499999998,0.0,0.0,146.05418777777777,146.05418777777777,0.0,0.04867131772959141,0.11939150520074754,20.739561675375313,0.22957443073208697,0.9890517935660629,0.745463749999999,,0.0,,,0.0,0.0,0.14076316139091105,0.025982453171257112,2.3122027922153015,1.0
350.94091,145.65051333333335,3.073710877949035,-0.09424545077909555,-0.8535186516655044,9.939539999999994,144.84317,145.04881,147.8593,150.87543,140.93589,0.1508065000000002,0.0,0.0,145.65051333333335,145.65051333333335,0.0,0.04947279846376532,0.11994187567884357,19.88831402419389,0.23615657096735135,0.9882652033031388,0.754032500000001,,0.0,,,0.0,0.0,0.14320618300466045,-0.007167211863072187,2.3904971071630294,1.0
351.22979,143.83016444444445,3.1000956811618017,-0.248599741817358,-0.7624041175286003,10.076630000000023,143.198,143.47219,145.59719,148.95607,138.87944,0.1439517500000001,0.0,0.0,143.83016444444445,143.83016444444445,0.0,0.0515399000003386,0.12326883535614412,16.136287416651687,0.1854793210166713,0.9886360757326917,0.7197587500000004,,0.0,,,0.0,0.0,0.1535416274244259,-0.1092423892456991,2.442950974630103,1.0
351.51867,142.3256111111111,2.8361434364857137,0.006667348587271656,-0.7583479660552785,9.459689999999995,141.55283,141.62139,144.18931,147.37945,137.91976,0.14566549999999978,0.0,0.0,142.3256111111111,142.3256111111111,0.0,0.0449747577979101,0.1157009487021797,13.20172199594353,0.08654999313049605,0.993486738283126,0.7283274999999989,,0.0,,,0.0,0.0,0.12863876408605623,-0.06247233012436192,2.132342405016587,1.0
351.80756,141.43235222222222,2.753570497867882,0.13271021243886033,-0.7472860614514376,9.04840999999999,140.52461,140.66171,143.40365,146.48832,137.43991,0.14737924999999946,0.0,0.0,141.43235222222222,141.43235222222222,0.0,0.04116695576233566,0.11066963580525327,11.633638784497553,0.061690981289877656,0.9947251610151415,0.7368962499999974,,0.0,,,0.0,0.0,0.10947707236074727,-0.043294976303409526,2.085910557280116,1.0
352.09644,140.84098000000003,2.8124865412655793,0.02402764525401382,-0.834520421260081,9.391160000000013,139.60184,140.25041,142.9238,145.80284,136.41168,0.14223824999999976,0.0,0.0,140.84098000000003,140.84098000000003,0.0,0.040888508302210275,0.11151672270060782,10.714330859358459,0.0661426893548261,0.9938645840411985,0.7111912499999988,,0.0,,,0.0,0.0,0.1056663992953489,-0.11640779949645448,2.210378968524865,1.0
352.38532,140.38350111111112,2.5627282488197585,0.1762892650669002,-0.5748610883516658,8.942960000000028,138.99785,140.11332,142.16975,145.21754,136.27458,0.13446050000000015,0.0,0.0,140.38350111111112,140.38350111111112,0.0,0.040198116004608035,0.11089145206505853,10.1508052550282,0.035325064786473126,0.996532042711312,0.6723025000000007,,0.0,,,0.0,0.0,0.09245638818644283,0.09052289233829773,2.082876255813431,1.0
352.67421,140.01752555555555,2.346848295050243,0.33290399279842064,-1.0694312789077873,7.272379999999998,137.91975,140.04477,141.89556,144.23245,136.96007,0.10469200000000001,0.0,0.0,140.01752555555555,140.01752555555555,0.0,0.04507706475925309,0.11384880928789527,10.138927507950813,0.02689742592291036,0.9973541324784159,0.52346,,0.0,,,0.0,0.0,0.08623982004924423,0.46856459556438523,2.165456047938529,1.0
352.96309,138.82414555555556,3.4897434917518937,-0.7417823414937372,-0.4924642352284603,11.241980000000012,136.20076,140.30647,141.00445,142.85525,131.61327,0.04627024999999989,0.0,0.0,138.82414555555556,138.82414555555556,0.0,0.0640609727936744,0.12893598623792113,9.840393341588767,0.07288463394277583,0.9926477766262645,0.23135124999999945,,0.0,,,0.0,0.0,0.09258502584311239,0.5619911211541649,3.4460838043836155,1.0
353.25197,136.86494333333334,5.74859009236371,-1.3295332318872255,0.6309500935426158,18.98800999999999,135.53925,138.92511,140.73025,142.37541,123.3874,-0.007589500000000271,0.0,0.0,136.86494333333334,136.86494333333334,0.0,0.08729424892466119,0.14074888341443756,8.784273170552222,0.1612925189330882,0.9819695562438416,-0.037947500000001355,,0.0,,,0.0,0.0,0.10004992793578774,0.5200865622125606,5.408104039044431,1.0
353.54086,136.9543402222222,4.509764213298415,-0.34115870415828675,-1.0953103607548835,14.121010000000012,133.55549,138.19396,141.07299,142.99234,128.87133,-0.07197575,0.0,0.0,136.9543402222222,136.9543402222222,0.0,0.07451072536140758,0.12991582253218106,8.742447805506767,0.09061876686504367,0.9897409618481247,-0.35987875,,0.0,,,0.0,0.0,0.09377136396107057,0.7744988771416743,3.8512271680413104,1.0
353.82974,138.02355311111108,3.679001523731634,-0.039735540290941875,-1.2798406162860012,10.967780000000005,135.602808,138.67379,141.48428,143.60928,132.6415,-0.06683450000000021,0.0,0.0,138.02355311111108,138.02355311111108,0.0,0.07061347050245298,0.13107663356447646,9.496459647022267,0.14445400487350485,0.9850165647999967,-0.3341725000000011,,0.0,,,0.0,0.0,0.10625290963676659,0.7092341569652183,3.2194313464016497,1.0
354.11862,139.07137333333333,2.867856546151805,0.2103125134197756,-1.200133397840155,8.97987999999998,136.480246,138.74233,141.48428,143.88348,134.9036,-0.09253950000000018,0.0,0.0,139.07137333333333,139.07137333333333,0.0,0.07355316204901735,0.13974165809201056,10.46261870508825,0.14993679266638368,0.9858717541880752,-0.46269750000000087,,0.0,,,0.0,0.0,0.10437211917160613,0.6212595773617807,2.5365761022608453,1.0
354.40751,142.57871311111114,2.909031661691506,-0.07881200496510805,-1.0370101057071934,9.020980000000009,141.48428,142.16978,144.15767,147.14638000000002,138.1254,0.14155250000000025,0.0,0.0,142.57871311111114,142.57871311111114,0.0,0.04411619287581212,0.11856796284926142,13.477130061822951,0.08921571867359293,0.993423747248047,0.7077625000000012,,0.0,,,0.0,0.0,0.12122330110347121,-0.19061500398410464,2.0714529987905728,1.0
354.69639,141.79394044444442,3.165273172406913,-0.06005722538978485,-0.9412687710992169,10.213719999999995,140.38751,141.37104399999998,143.68006599999998,147.0367,136.82298,0.11813145000000062,0.0,0.0,141.79394044444442,141.79394044444442,0.0,0.06520007307718167,0.13150232252459035,12.9118243786302,0.1410803626634941,0.9891916500151804,0.5906572500000031,,0.0,,,0.0,0.0,0.12271808746634362,0.07607864077857732,2.7992809552214504,1.0
354.98527,140.98878177777777,2.142000417781151,-0.28279286894971856,-0.29894964896212395,7.73227,139.592334,141.2101,142.073798,144.4867,136.75443,0.09562500000000043,0.0,0.0,140.98878177777777,140.98878177777777,0.0,0.05106312171970484,0.12055649950181498,11.461367883474793,0.032142088958200116,0.9972034575047125,0.47812500000000213,,0.0,,,0.0,0.0,0.1330191397597944,0.27951771474982035,1.7830546742916298,1.0
355.27416,141.32390822222223,2.648275010880932,-0.2326960672166657,0.035680105030138076,10.076636000000008,140.312628,141.00445,142.78671,146.07702600000002,136.00039,0.14223790000000064,0.0,0.0,141.32390822222223,141.32390822222223,0.0,0.04754718403773327,0.11905802442588571,11.422400194915573,0.03288227646574973,0.9971295097569516,0.7111895000000032,,0.0,,,0.0,0.0,0.1459770587768771,-0.01555137624673049,1.8067602119883328,1.0
355.56304,141.75195511111113,2.589101506372193,-0.07595098658329673,-0.3396240920633038,9.514537999999988,140.737628,141.14155,143.47219,146.406058,136.89152,0.13846770000000036,0.0,0.0,141.75195511111113,141.75195511111113,0.0,0.045974293483168366,0.11656339095485145,12.203151227413011,0.03629601627310422,0.9970345052639913,0.6923385000000017,,0.0,,,0.0,0.0,0.1350998753871166,0.04741829487653618,1.7899094268260076,1.0
355.85192,142.66554155555554,2.720131332696976,-0.15671528494475842,-0.7419882773322595,9.363730000000004,141.635086,142.03268,144.43187,147.14638,137.78265,0.12955624999999954,0.0,0.0,142.66554155555554,142.66554155555554,0.0,0.047811416197116145,0.12034740654977397,13.796847582778046,0.07050529866823617,0.9949157348651552,0.6477812499999978,,0.0,,,0.0,0.0,0.14479706889108532,-0.062033074103705614,1.934729120648921,1.0
356.14081,142.88697422222222,2.730377951009296,-0.3464775617736597,-0.47624932901246986,9.687778000000009,141.78589399999998,142.64961,144.77461,147.283478,137.5957,0.11584670000000016,0.0,0.0,142.88697422222222,142.88697422222222,0.0,0.052327832967755304,0.1247564170658149,14.343124233254313,0.08004175332585559,0.9944504726978962,0.5792335000000008,,0.0,,,0.0,0.0,0.17092877689715916,-0.07320347466996727,2.045852706298637,1.0
356.42969,142.6483157777778,3.05066373768922,-0.7114112916774098,0.12316489865081293,11.200838000000005,141.86814999999999,142.68653,144.36332,147.269768,136.06893,0.1223587000000002,0.0,0.0,142.6483157777778,142.6483157777778,0.0,0.05714860995656735,0.1306954043136254,13.771014990620408,0.10190784772100925,0.9926541905402497,0.611793500000001,,0.0,,,0.0,0.0,0.2080121321758959,-0.23315910238739462,2.278939851234622,1.0
356.71857,141.1156588888889,3.3904096969876147,-0.9279742602277559,0.39435020140443644,12.471924000000001,140.387498,141.55283,143.26654,145.994764,133.52284,0.11104835000000009,0.0,0.0,141.1156588888889,141.1156588888889,0.0,0.06817500023128661,0.14082322343930861,11.302270584934679,0.13302325674679608,0.9883673075054036,0.5552417500000004,,0.0,,,0.0,0.0,0.2532807574072957,-0.3875176269778463,2.7429655907592045,1.0
357.00746,138.91396466666663,3.948039393546227,-1.1001139947642335,0.3373262460162758,13.764549999999986,137.563296,140.06762,141.62138,143.73266999999998,129.96812,0.0819154999999995,0.0,0.0,138.91396466666663,138.91396466666663,0.0,0.08834746549979759,0.15647281104759397,8.228074788850119,0.2085594332443805,0.9752793083294145,0.4095774999999975,,0.0,,,0.0,0.0,0.3193945004046034,-0.5410763823673723,3.4568288109782475,1.0
357.29634,136.83451266666665,4.099761548135643,-0.9869835623790949,0.016596709951063993,13.86053600000001,135.30119399999998,137.48889,139.989934,141.70363600000002,127.8431,0.06889140000000041,0.0,0.0,136.83451266666665,136.83451266666665,0.0,0.10032122211116568,0.16140528284983965,5.781273063081477,0.18868821175627556,0.9683937293448787,0.344457000000002,,0.0,,,0.0,0.0,0.32389214680469586,-0.514746367293885,3.6689586582180316,1.0
357.58522,136.11921844444444,3.952779954121269,-0.9847441801934624,-0.09081476113474585,12.969362000000004,134.012482,137.37138,139.11251000000001,140.469762,127.5004,0.05689530000000005,0.0,0.0,136.11921844444444,136.11921844444444,0.0,0.10322968691605822,0.16369729666791066,5.056090686703897,0.18539294266644624,0.9646296819999454,0.28447650000000024,,0.0,,,0.0,0.0,0.31312937097581817,-0.5280285637889972,3.622005437529278,1.0
357.8741,133.36508133333334,3.583201225875112,0.4627112385119099,-1.3478131293302245,10.282289999999989,130.461664,131.73667400000002,137.09717,139.15363,128.87134,-0.09836735000000019,0.0,0.0,133.36508133333334,133.36508133333334,0.0,0.11804884992344022,0.17151504570648077,3.4038328213046363,0.18706219049151043,0.9479065274891638,-0.49183675000000093,,0.0,,,0.0,0.0,0.2677233637984108,-0.12213901095756648,3.3387151907847485,1.0
358.16299,125.00215088888889,9.506726792303938,0.11257597894921871,-1.3878566701310686,28.55736400000002,118.602756,120.23421199999999,135.33072,138.8109,110.25353599999998,-0.6269296000000008,0.0,0.0,125.00215088888889,125.00215088888889,0.1111111111111111,0.23433809001038963,0.14479501585246868,3.1024587331890636,0.27732175247133817,0.9179468152621916,-3.134648000000004,,0.0,,,0.0,0.0,0.23042295671147933,0.7543732779251815,4.547783416682589,1.0
358.45187,127.58816333333334,6.176727680074262,0.15430167690766922,-1.4383439262953914,17.397636000000006,123.94954800000001,124.251154,135.07186,135.643946,118.24631,-0.42063874999999984,0.0,0.0,127.58816333333334,127.58816333333334,0.1111111111111111,0.193889222773684,0.16112129953613977,1.8209028153266973,0.09360024485039042,0.9511099005833694,-2.103193749999999,,0.0,,,0.0,0.0,0.1595869336447422,0.7687079269218443,3.0734126239099067,1.0
358.74075,127.59277777777778,6.182981047029334,0.15568423669525006,-1.4378021095801297,17.397636000000006,123.94954800000001,124.251154,135.0407,135.643946,118.24631,-0.4198597499999998,0.0,0.0,127.59277777777778,127.59277777777778,0.1111111111111111,0.1933953216033155,0.16105147976375567,1.82374979065465,0.09382303187686092,0.9510719849230517,-2.099298749999999,,0.0,,,0.0,0.0,0.15878352086540126,0.7708789977040351,3.089839070558341,1.0
359.02964,127.92623422222222,3.950758158721038,0.639335246273739,-1.5110041681822612,9.22663399999999,124.89551200000001,125.128584,133.285866,133.66973,124.443096,-0.21201070000000008,0.0,0.0,127.92623422222222,127.92623422222222,0.0,0.2139049048329784,0.17876254846966122,0.6416073350562084,0.1160885674695829,0.8467873890207424,-1.0600535000000004,,0.0,,,0.0,0.0,0.2273607920268792,-0.15618566246990223,3.1037553809063687,1.0
359.31852,127.1621908888889,4.580635088065232,-1.4538564415656081,1.5065743454012637,16.054074,126.115692,127.66488799999999,130.99632,131.81892,115.76484599999999,-0.06512049999999973,0.0,0.0,127.1621908888889,127.1621908888889,0.4444444444444444,0.2790415093276808,0.151292843036432,0.551105159027178,0.4187840771433314,0.5682145325649028,-0.3256024999999987,,0.0,,,0.0,0.0,0.4353270877969945,-0.3907091867647048,4.559612120809395,1.0
359.6074,129.17294933333335,2.7055561997870625,0.4839393114035091,-1.110530609116406,8.30807999999999,127.50037,128.610852,131.956,134.01247,125.70439000000002,-0.08054394999999985,0.0,0.0,129.17294933333335,129.17294933333335,0.0,0.12946656315343458,0.16492810486779416,0.6509030332975445,0.015003052258331786,0.9774697173047237,-0.40271974999999927,,0.0,,,0.0,0.0,0.0845410938216471,0.44811952362213636,2.3047431498057582,1.0
359.89629,130.93845555555558,3.6605736998804823,-0.8780435751060128,0.15853813872884226,12.914556000000005,128.78908,130.83182200000002,133.6697,135.7262,122.811644,-0.012337600000000748,0.0,0.0,130.93845555555558,130.93845555555558,0.0,0.15847154162849214,0.17887618589263743,1.343840020122513,0.1826397575929402,0.8803523241203259,-0.06168800000000374,,0.0,,,0.0,0.0,0.3119842000458289,-0.43595220098204174,3.6422516688979694,1.0
